step,system_total_running,system_total_backlogged,system_total_stopped,system_total_arrived,system_total_departed,system_total_teleported,system_total_waiting_time,system_mean_waiting_time,system_mean_speed,t_stopped,t_accumulated_waiting_time,t_average_speed,agents_total_stopped,agents_total_accumulated_waiting_time
0.0,0,0,0,0,0,0,0.0,0.0,0.0,0,0.0,1.0,0,0.0
5.0,0,0,0,0,0,0,0.0,0.0,0.0,0,0.0,1.0,0,0.0
10.0,5,0,0,0,5,0,0.0,0.0,13.700994728639753,0,0.0,0.9687434420767478,0,0.0
15.0,9,0,0,0,9,0,0.0,0.0,12.649516364377444,0,0.0,0.9135565319056425,0,0.0
20.0,13,0,2,0,13,0,3.0,0.23076923076923078,8.493591485522824,2,3.0,0.6094639196155843,2,3.0
25.0,15,0,0,0,15,0,0.0,0.0,7.260421206359718,0,7.0,0.5310585005477586,0,7.0
30.0,18,0,1,0,18,0,3.0,0.16666666666666666,8.933031808397889,1,3.0,0.5529019322684798,1,3.0
35.0,23,0,3,0,23,0,15.0,0.6521739130434783,11.014322080061442,3,15.0,0.6744728235911867,3,15.0
40.0,23,0,4,4,27,0,32.0,1.391304347826087,9.384132246231166,4,32.0,0.5841406126500027,4,32.0
45.0,21,0,0,8,29,0,0.0,0.0,8.955102192236776,0,21.0,0.6025843984341045,0,21.0
50.0,21,0,5,12,33,0,13.0,0.6190476190476191,8.307556486812132,5,13.0,0.4746625923346817,5,13.0
55.0,21,0,9,14,35,0,50.0,2.380952380952381,6.34757044047525,9,50.0,0.2815606940637651,9,50.0
60.0,22,0,11,16,38,0,102.0,4.636363636363637,5.569704051339357,11,102.0,0.24093144572642455,11,102.0
65.0,25,0,7,19,44,0,64.0,2.56,6.413131364119383,7,123.0,0.42824942612156314,7,123.0
70.0,26,0,2,21,47,0,4.0,0.15384615384615385,7.399845886700016,2,78.0,0.48122559478297544,2,78.0
75.0,29,0,3,21,50,0,15.0,0.5172413793103449,8.695714802504996,3,24.0,0.5559091037719769,3,24.0
80.0,33,0,2,23,56,0,4.0,0.12121212121212122,7.26184958587092,2,21.0,0.47256167805274496,2,21.0
85.0,29,0,6,29,58,0,29.0,1.0,8.232601596019776,6,38.0,0.5010164135428766,6,38.0
90.0,28,0,10,33,61,0,68.0,2.4285714285714284,6.646850928224053,10,77.0,0.24426531788294312,10,77.0
95.0,27,0,7,37,64,0,41.0,1.5185185185185186,6.8618709155211555,7,90.0,0.40380956860167916,7,90.0
100.0,30,0,0,41,71,0,0.0,0.0,9.034697038823543,0,50.0,0.5893175396178595,0,50.0
105.0,29,0,2,44,73,0,6.0,0.20689655172413793,8.948089997151516,2,12.0,0.5277580707847819,2,12.0
110.0,28,0,1,46,74,0,1.0,0.03571428571428571,7.33621591964445,1,9.0,0.3895563079854592,1,9.0
115.0,26,0,8,51,77,0,26.0,1.0,6.386962319638387,8,32.0,0.23636277878926532,8,32.0
120.0,24,0,12,55,79,0,80.0,3.3333333333333335,5.041237378701905,12,86.0,0.17886134531758965,12,86.0
125.0,23,0,15,58,81,0,148.0,6.434782608695652,3.068652130770995,15,154.0,0.12199838960123109,15,154.0
130.0,24,0,11,62,86,0,116.0,4.833333333333333,3.8946863523453668,11,183.0,0.26343235963481904,11,183.0
135.0,28,0,5,62,90,0,17.0,0.6071428571428571,6.2730812276693495,5,150.0,0.34858737103749216,5,150.0
140.0,31,0,1,62,93,0,1.0,0.03225806451612903,8.048713836982232,1,64.0,0.3819644585013348,1,64.0
145.0,31,0,1,65,96,0,6.0,0.1935483870967742,8.634481673130317,1,28.0,0.474505465031211,1,28.0
150.0,31,0,2,70,101,0,15.0,0.4838709677419355,9.931267691186758,2,16.0,0.5916602492721357,2,16.0
155.0,31,0,1,75,106,0,2.0,0.06451612903225806,9.25234075279503,1,2.0,0.5877275972474809,1,2.0
160.0,30,0,6,80,110,0,20.0,0.6666666666666666,7.183878927913455,6,20.0,0.36340954795309655,6,20.0
165.0,30,0,11,85,115,0,68.0,2.2666666666666666,5.73764336509904,11,68.0,0.3257112146927649,11,68.0
170.0,31,0,15,88,119,0,73.0,2.3548387096774195,3.356253044967262,15,115.0,0.19413800853864058,15,115.0
175.0,39,0,10,88,127,0,49.0,1.2564102564102564,6.0199369319818645,10,133.0,0.3324783919050302,10,133.0
180.0,39,0,8,89,128,0,41.0,1.0512820512820513,6.494012842273908,8,119.0,0.29568914274586083,8,119.0
185.0,39,0,5,92,131,0,56.0,1.435897435897436,8.020209127619566,5,104.0,0.39497828389501627,5,104.0
190.0,33,0,4,98,131,0,11.0,0.3333333333333333,6.711273090515689,4,94.0,0.31556152300458246,4,94.0
195.0,34,0,8,102,136,0,28.0,0.8235294117647058,7.039585151813892,8,79.0,0.3229373905459446,8,79.0
200.0,33,0,14,107,140,0,82.0,2.484848484848485,6.503173955447329,14,130.0,0.27955646693037833,14,130.0
205.0,31,0,12,111,142,0,75.0,2.4193548387096775,5.068723753016627,12,156.0,0.20219274281560012,12,156.0
210.0,29,0,5,115,144,0,21.0,0.7241379310344828,7.422938415412296,5,112.0,0.34253400733596573,5,112.0
215.0,31,0,1,118,149,0,2.0,0.06451612903225806,9.715476107900004,1,60.0,0.537073631309229,1,60.0
220.0,28,0,2,122,150,0,5.0,0.17857142857142858,7.602203116219599,2,63.0,0.3716485006472655,2,63.0
225.0,26,0,8,128,154,0,30.0,1.1538461538461537,6.534909331544771,8,88.0,0.3106576062388103,8,88.0
230.0,26,0,12,131,157,0,82.0,3.1538461538461537,4.401615960032443,12,141.0,0.20678000477649983,12,141.0
235.0,27,0,13,134,161,0,75.0,2.7777777777777777,3.4279863648553346,13,163.0,0.21893142295138768,13,163.0
240.0,28,0,6,135,163,0,29.0,1.0357142857142858,5.529629332281002,6,133.0,0.26690771520872786,6,133.0
245.0,32,0,2,135,167,0,10.0,0.3125,8.600786221267757,2,77.0,0.44826994702413325,2,77.0
250.0,34,0,3,139,173,0,5.0,0.14705882352941177,8.033007000142115,3,75.0,0.49228344299270127,3,75.0
255.0,31,0,8,145,176,0,32.0,1.032258064516129,6.185222589254155,8,102.0,0.3157045685270015,8,102.0
260.0,33,0,14,147,180,0,89.0,2.696969696969697,4.500853520059503,14,159.0,0.18584841671018426,14,159.0
265.0,35,0,20,149,184,0,179.0,5.114285714285714,3.424218201462804,20,249.0,0.1539673548093061,20,249.0
270.0,34,0,20,152,186,0,180.0,5.294117647058823,2.580760970871016,20,304.0,0.13812172325890967,20,304.0
275.0,35,0,15,153,188,0,118.0,3.3714285714285714,3.8490402964415416,15,294.0,0.17769021561116874,15,294.0
280.0,38,0,10,153,191,0,75.0,1.9736842105263157,5.630467273934114,10,237.0,0.2057913899569489,10,237.0
285.0,37,0,4,156,193,0,38.0,1.027027027027027,6.77274583918893,4,208.0,0.32196011455317336,4,208.0
290.0,35,0,4,161,196,0,58.0,1.6571428571428573,8.713440662796279,4,151.0,0.5379880245763035,4,151.0
295.0,38,0,3,165,203,0,6.0,0.15789473684210525,7.562889743252612,3,128.0,0.4930942291470227,3,128.0
300.0,36,0,7,170,206,0,32.0,0.8888888888888888,6.488345031030888,7,125.0,0.32454781083664846,7,125.0
305.0,37,0,14,174,211,0,88.0,2.3783783783783785,5.228227875257692,14,181.0,0.20451515275170565,14,181.0
310.0,37,0,20,179,216,0,177.0,4.783783783783784,3.796744193853628,20,270.0,0.17643251924996944,20,270.0
315.0,39,0,20,182,221,0,175.0,4.487179487179487,3.7470571664922656,20,313.0,0.2246764152555579,20,313.0
320.0,40,0,16,184,224,0,113.0,2.825,4.351173352169718,16,283.0,0.21702138104486735,16,283.0
325.0,45,1,12,184,229,0,78.0,1.7333333333333334,5.2630115604056575,12,235.0,0.19569556763362603,12,235.0
330.0,44,1,6,187,231,0,14.0,0.3181818181818182,4.895988837308706,6,270.0,0.22506396262302658,6,270.0
335.0,41,3,8,192,233,0,30.0,0.7317073170731707,5.671474061480588,8,283.0,0.26624541401089397,8,283.0
340.0,41,2,14,196,237,0,85.0,2.073170731707317,4.946878115340061,14,335.0,0.20428948169760774,14,335.0
345.0,42,1,15,200,242,0,85.0,2.0238095238095237,3.4364755114521293,15,356.0,0.14666273977436575,15,356.0
350.0,41,2,11,205,246,0,53.0,1.2926829268292683,3.8104966563373797,11,292.0,0.16597224349265052,11,292.0
355.0,44,3,11,205,249,0,52.0,1.1818181818181819,5.2820073010981705,11,235.0,0.2126590443691767,11,235.0
360.0,42,6,9,208,250,0,54.0,1.2857142857142858,6.6382109681054855,9,176.0,0.29399964468584644,9,176.0
365.0,38,9,6,213,251,0,62.0,1.631578947368421,8.321086987566105,6,160.0,0.491204983726132,6,160.0
370.0,37,8,6,218,255,0,92.0,2.4864864864864864,8.351793858330915,6,143.0,0.4619163094507679,6,143.0
375.0,35,5,2,224,259,0,5.0,0.14285714285714285,6.911960032879687,2,107.0,0.3470431862590398,2,107.0
380.0,34,4,6,230,264,0,17.0,0.5,6.9208814390398254,6,67.0,0.36803869351501217,6,67.0
385.0,34,2,11,234,268,0,64.0,1.8823529411764706,5.365182055831438,11,109.0,0.2553886732240506,11,109.0
390.0,35,0,13,238,273,0,67.0,1.9142857142857144,3.5244864548286636,13,143.0,0.16295401231611972,13,143.0
395.0,35,0,9,242,277,0,39.0,1.1142857142857143,4.82478770355776,9,136.0,0.24618056307082836,9,136.0
400.0,40,0,7,242,282,0,31.0,0.775,6.568488880923236,7,109.0,0.2999903094599779,7,109.0
405.0,39,0,2,246,285,0,2.0,0.05128205128205128,6.342325627429413,2,120.0,0.3551813544662521,2,120.0
410.0,37,1,7,251,288,0,25.0,0.6756756756756757,5.733549276952238,7,143.0,0.30102757076477765,7,143.0
415.0,38,0,13,254,292,0,79.0,2.0789473684210527,4.745165374692927,13,197.0,0.2351680075657554,13,197.0
420.0,40,0,15,258,298,0,81.0,2.025,3.705709300434472,15,230.0,0.22815615065999248,15,230.0
425.0,42,0,12,260,302,0,54.0,1.2857142857142858,4.113773548423355,12,222.0,0.21344142397457871,12,222.0
430.0,46,0,13,260,306,0,61.0,1.326086956521739,4.855979674841773,13,191.0,0.16895343472947089,13,191.0
435.0,43,0,8,264,307,0,20.0,0.46511627906976744,4.361638498364014,8,221.0,0.19170501718621416,8,221.0
440.0,40,3,8,267,307,0,28.0,0.7,5.3114998599314465,8,230.0,0.22926382798090147,8,230.0
445.0,40,2,13,272,312,0,80.0,2.0,4.382823052087544,13,277.0,0.16793839681417475,13,277.0
450.0,41,0,20,275,316,0,167.0,4.073170731707317,2.7278216646076547,20,365.0,0.08495219783116266,20,365.0
455.0,39,2,20,280,319,0,167.0,4.282051282051282,1.434477746737122,20,404.0,0.06493652240804909,20,404.0
460.0,41,3,17,281,322,0,115.0,2.8048780487804876,3.1037285514827735,17,380.0,0.11903947874488667,17,380.0
465.0,41,6,15,281,322,0,102.0,2.4878048780487805,5.422309094663658,15,324.0,0.18850968088511316,15,324.0
470.0,38,8,7,285,323,0,57.0,1.5,6.668236002551769,7,292.0,0.2887014793897223,7,292.0
475.0,34,10,3,289,323,0,29.0,0.8529411764705882,8.825165900533127,3,209.0,0.47896952388515823,3,209.0
480.0,33,9,3,294,327,0,6.0,0.18181818181818182,7.372704576305758,3,195.0,0.4320329849632594,3,195.0
485.0,36,6,7,299,335,0,35.0,0.9722222222222222,6.216134212617365,7,215.0,0.3441971637968493,7,215.0
490.0,36,5,15,303,339,0,92.0,2.5555555555555554,3.9420055795284665,15,273.0,0.2195798610252247,15,273.0
495.0,37,3,15,307,344,0,90.0,2.4324324324324325,1.821508443852138,15,293.0,0.12246295922231842,15,293.0
500.0,39,3,13,307,346,0,64.0,1.641025641025641,2.9568734977283833,13,263.0,0.10762593211894898,13,263.0
505.0,41,4,13,307,348,0,63.0,1.5365853658536586,4.640260288054195,13,213.0,0.15576227204950105,13,213.0
510.0,39,6,6,310,349,0,22.0,0.5641025641025641,4.904768671024761,6,238.0,0.2308332932798596,6,238.0
515.0,36,7,8,314,350,0,29.0,0.8055555555555556,4.989548087734509,8,261.0,0.25000371079407824,8,261.0
520.0,36,4,14,318,354,0,88.0,2.4444444444444446,3.4644563884938737,14,321.0,0.1537699132105666,14,321.0
525.0,38,3,14,322,360,0,91.0,2.3947368421052633,2.5765955220182377,14,333.0,0.15735863963685948,14,333.0
530.0,41,4,14,322,363,0,57.0,1.3902439024390243,3.862999284416939,14,294.0,0.17841877446549426,14,294.0
535.0,43,4,11,323,366,0,51.0,1.186046511627907,5.440094129184397,11,242.0,0.25279540192865896,11,242.0
540.0,41,7,9,326,367,0,44.0,1.0731707317073171,6.392470089765354,9,212.0,0.3209223767534591,9,212.0
545.0,38,9,5,330,368,0,37.0,0.9736842105263158,8.030726130709173,5,171.0,0.47303368517491506,5,171.0
550.0,38,7,6,335,373,0,63.0,1.6578947368421053,8.1545362272175,6,127.0,0.4647548205968667,6,127.0
555.0,37,5,3,340,377,0,4.0,0.10810810810810811,7.362491174971928,3,112.0,0.4105227234369265,3,112.0
560.0,38,0,7,346,384,0,24.0,0.631578947368421,7.224388897106883,7,91.0,0.40213999074300844,7,91.0
565.0,37,0,12,351,388,0,74.0,2.0,5.067251930623046,12,139.0,0.22841520646090402,12,139.0
570.0,38,0,13,353,391,0,72.0,1.894736842105263,4.492219290491493,13,167.0,0.18242637237669804,13,167.0
575.0,38,0,10,359,397,0,42.0,1.105263157894737,4.693111048980121,10,155.0,0.2054260489076448,10,155.0
580.0,38,0,7,361,399,0,27.0,0.7105263157894737,6.28309438756846,7,116.0,0.30047382650145404,7,116.0
585.0,41,0,3,363,404,0,4.0,0.0975609756097561,5.94054708135252,3,131.0,0.28574897591175014,3,131.0
590.0,40,2,8,368,408,0,30.0,0.75,5.895353000967541,8,162.0,0.33076955766492044,8,162.0
595.0,38,1,13,374,412,0,86.0,2.263157894736842,3.8870698099180205,13,218.0,0.2147723606075833,13,218.0
600.0,39,0,20,376,415,0,173.0,4.435897435897436,2.73336265964232,20,305.0,0.09946606116099421,20,305.0
605.0,43,0,21,377,420,0,178.0,4.1395348837209305,2.876405256750315,21,366.0,0.09850813627651632,21,366.0
610.0,43,0,20,379,422,0,145.0,3.372093023255814,3.7881597649650844,20,366.0,0.11172244452837422,20,366.0
615.0,42,2,15,382,424,0,110.0,2.619047619047619,5.602365127149715,15,318.0,0.21990959239034302,15,318.0
620.0,39,4,7,385,424,0,54.0,1.3846153846153846,7.184274895806273,7,289.0,0.35444439060785504,7,289.0
625.0,34,6,1,390,424,0,1.0,0.029411764705882353,7.444047250997018,1,252.0,0.41356202193324426,1,252.0
630.0,33,5,7,396,429,0,26.0,0.7878787878787878,6.334147194540853,7,277.0,0.3126404286917589,7,277.0
635.0,34,5,12,400,434,0,75.0,2.2058823529411766,4.218258008937951,12,326.0,0.21959334381810788,12,326.0
640.0,37,2,12,404,441,0,72.0,1.945945945945946,3.0422854748345065,12,337.0,0.20416482481592704,12,337.0
645.0,40,1,11,404,444,0,40.0,1.0,3.795844213318395,11,262.0,0.14562171889506226,11,262.0
650.0,44,2,14,404,448,0,46.0,1.0454545454545454,5.5075918258594125,14,208.0,0.19965091594016326,14,208.0
655.0,41,4,6,408,449,0,14.0,0.34146341463414637,5.924901457684789,6,217.0,0.2776060477830677,6,217.0
660.0,38,7,7,413,451,0,27.0,0.7105263157894737,6.1753431451030005,7,237.0,0.30980125653206514,7,237.0
665.0,39,8,13,417,456,0,80.0,2.051282051282051,4.660299614754738,13,290.0,0.23453024574933964,13,290.0
670.0,39,8,14,421,460,0,82.0,2.1025641025641026,2.503593166596952,14,300.0,0.12149831421836839,14,300.0
675.0,41,7,14,423,464,0,57.0,1.3902439024390243,3.0591598370055024,14,257.0,0.11695078192000416,14,257.0
680.0,44,7,12,423,467,0,66.0,1.5,5.11103874337148,12,218.0,0.18019168850089443,12,218.0
685.0,44,9,6,425,469,0,16.0,0.36363636363636365,5.6119734590658314,6,239.0,0.2641614188425649,6,239.0
690.0,39,11,7,431,470,0,29.0,0.7435897435897436,5.981821956026715,7,251.0,0.30029536883694863,7,251.0
695.0,40,8,15,435,475,0,89.0,2.225,4.5515896428474605,15,311.0,0.20852216011419203,15,311.0
700.0,42,6,15,438,480,0,94.0,2.238095238095238,3.249964109159606,15,335.0,0.15660154509866575,15,335.0
705.0,43,6,14,442,485,0,63.0,1.4651162790697674,3.9902388041584262,14,305.0,0.19982837566102116,14,305.0
710.0,48,8,14,442,490,0,67.0,1.3958333333333333,5.676555395286279,14,248.0,0.25778902801143716,14,248.0
715.0,47,10,9,445,492,0,66.0,1.4042553191489362,6.896235926586471,9,213.0,0.3123049716517809,9,213.0
720.0,42,14,4,451,493,0,9.0,0.21428571428571427,6.543266177911972,4,213.0,0.3524214539944358,4,213.0
725.0,42,14,6,456,498,0,23.0,0.5476190476190477,6.337931576232556,6,200.0,0.325365367094718,6,200.0
730.0,41,12,12,461,502,0,72.0,1.7560975609756098,5.453134507232316,12,242.0,0.2151647720148208,12,242.0
735.0,43,10,14,464,507,0,75.0,1.744186046511628,3.546532310414096,14,264.0,0.09884768852561479,14,264.0
740.0,43,10,13,469,512,0,61.0,1.4186046511627908,3.9265347316146166,13,235.0,0.1440648954555773,13,235.0
745.0,45,9,10,472,517,0,47.0,1.0444444444444445,5.807315625271255,10,201.0,0.2619749371866757,10,201.0
750.0,42,10,7,476,518,0,48.0,1.1428571428571428,7.308310937404816,7,176.0,0.38988002011085254,7,176.0
755.0,38,12,3,480,518,0,5.0,0.13157894736842105,6.339146654356856,3,148.0,0.33060793580602765,3,148.0
760.0,37,12,7,485,522,0,28.0,0.7567567567567568,6.533499254647828,7,168.0,0.3026044455883536,7,168.0
765.0,38,8,14,489,527,0,83.0,2.1842105263157894,4.687323183514974,14,223.0,0.1817326565132313,14,223.0
770.0,39,5,14,493,532,0,81.0,2.076923076923077,2.7991703377663453,14,240.0,0.10405916903937981,14,240.0
775.0,38,4,10,497,535,0,48.0,1.263157894736842,3.415228864000378,10,220.0,0.1313031730843232,10,220.0
780.0,40,6,9,497,537,0,33.0,0.825,5.379397348107203,9,178.0,0.17947927818411277,9,178.0
785.0,38,8,6,501,539,0,32.0,0.8421052631578947,6.858081347590314,6,151.0,0.32583206212878124,6,151.0
790.0,37,11,2,505,542,0,21.0,0.5675675675675675,9.391522645934566,2,106.0,0.5925121626134481,2,106.0
795.0,38,9,0,509,547,0,0.0,0.0,7.875546837447561,0,78.0,0.5282126669266053,0,78.0
800.0,36,8,7,515,551,0,23.0,0.6388888888888888,6.697780037197777,7,101.0,0.3421056419895498,7,101.0
805.0,36,5,13,520,556,0,72.0,2.0,4.954966624093813,13,150.0,0.23347637599496715,13,150.0
810.0,37,2,14,524,561,0,76.0,2.054054054054054,3.1957278044557578,14,188.0,0.15124035607941325,14,188.0
815.0,39,2,9,527,566,0,45.0,1.1538461538461537,3.3631615382666498,9,177.0,0.13382199925902222,9,177.0
820.0,42,2,11,527,569,0,45.0,1.0714285714285714,5.381512849333457,11,146.0,0.20626898673958532,11,146.0
825.0,40,7,5,531,571,0,34.0,0.85,7.143658202782786,5,135.0,0.3742658326358761,5,135.0
830.0,36,10,2,536,572,0,4.0,0.1111111111111111,6.6820449045131545,2,111.0,0.39591035384807644,2,111.0
835.0,39,7,7,538,577,0,29.0,0.7435897435897436,6.099747742413841,7,136.0,0.28801675171803526,7,136.0
840.0,39,7,14,542,581,0,84.0,2.1538461538461537,4.773128948789563,14,191.0,0.21576142682569024,14,191.0
845.0,40,3,17,548,588,0,91.0,2.275,3.217773508111928,17,230.0,0.18854516444623787,17,230.0
850.0,41,2,13,550,591,0,71.0,1.7317073170731707,3.663681987575998,13,235.0,0.15865601128138004,13,235.0
855.0,44,2,12,550,594,0,73.0,1.6590909090909092,4.889920947048851,12,212.0,0.14535367762755788,12,212.0
860.0,42,3,11,554,596,0,81.0,1.9285714285714286,6.852246058774935,11,217.0,0.3226439765790589,11,217.0
865.0,37,6,2,559,596,0,2.0,0.05405405405405406,7.138013885743118,2,187.0,0.3968607384625589,2,187.0
870.0,37,4,6,564,601,0,22.0,0.5945945945945946,6.803347538238453,6,179.0,0.3539497308522573,6,179.0
875.0,39,1,12,568,607,0,70.0,1.794871794871795,5.047883141977222,12,227.0,0.2223400709168561,12,227.0
880.0,39,0,13,572,611,0,69.0,1.7692307692307692,2.9672952525320975,13,245.0,0.1192082252706998,13,245.0
885.0,38,0,11,576,614,0,45.0,1.1842105263157894,2.9667694655380137,11,222.0,0.10645772034647327,11,222.0
890.0,40,0,10,576,616,0,41.0,1.025,5.23706184457045,10,178.0,0.1722164282032945,10,178.0
895.0,38,4,8,579,617,0,41.0,1.0789473684210527,6.7771752114165515,8,164.0,0.3182194939927117,8,164.0
900.0,33,6,1,584,617,0,1.0,0.030303030303030304,7.275109733514434,1,123.0,0.3888355738518954,1,123.0
905.0,32,6,6,589,621,0,20.0,0.625,6.0491385013242525,6,142.0,0.31935208200562176,6,142.0
910.0,35,3,12,593,628,0,67.0,1.9142857142857144,4.549055674648836,12,189.0,0.2587445680374411,12,189.0
915.0,38,1,13,597,635,0,68.0,1.7894736842105263,3.9319644628269295,13,208.0,0.28258990782126314,13,208.0
920.0,40,0,10,597,637,0,42.0,1.05,3.7022234204430804,10,190.0,0.16927816785135505,10,190.0
925.0,42,0,11,597,639,0,35.0,0.8333333333333334,4.883854576545361,11,155.0,0.17892647597137878,11,155.0
930.0,43,0,9,599,642,0,51.0,1.186046511627907,6.09320324061881,9,152.0,0.28043202391234956,9,152.0
935.0,40,1,1,604,644,0,1.0,0.025,7.345614629061612,1,126.0,0.4249402980355757,1,126.0
940.0,38,0,6,610,648,0,21.0,0.5526315789473685,6.923087486695782,6,108.0,0.37798823322400127,6,108.0
945.0,38,0,12,614,652,0,68.0,1.7894736842105263,5.371909957649557,12,155.0,0.2174969926406697,12,155.0
950.0,36,0,19,618,654,0,148.0,4.111111111111111,3.778969494609604,19,235.0,0.1299250142616158,19,235.0
955.0,36,0,21,622,658,0,152.0,4.222222222222222,3.595988378786614,21,282.0,0.16023401109752589,21,282.0
960.0,35,0,13,625,660,0,101.0,2.8857142857142857,4.55059894885348,13,278.0,0.21316445690222685,13,278.0
965.0,38,0,8,626,664,0,59.0,1.5526315789473684,5.907591220247482,8,221.0,0.24525450829213272,8,221.0
970.0,39,0,3,629,668,0,18.0,0.46153846153846156,6.853008539530094,3,182.0,0.33100330739231537,3,182.0
975.0,36,2,3,634,670,0,33.0,0.9166666666666666,8.633225907863002,3,121.0,0.46506371307770755,3,121.0
980.0,35,0,1,640,675,0,1.0,0.02857142857142857,8.419726400156279,1,92.0,0.534015204952045,1,92.0
985.0,33,0,7,644,677,0,21.0,0.6363636363636364,7.018140224396636,7,97.0,0.3177926092610382,7,97.0
990.0,32,0,12,649,681,0,71.0,2.21875,4.842655982791721,12,147.0,0.20383501748805422,12,147.0
995.0,32,0,12,653,685,0,71.0,2.21875,3.1484327671412196,12,168.0,0.15574553858837772,12,168.0
1000.0,33,0,7,656,689,0,35.0,1.0606060606060606,4.673424188221574,7,136.0,0.22114549130879035,7,136.0
1005.0,36,0,6,656,692,0,17.0,0.4722222222222222,6.896315693793015,6,100.0,0.314571816241562,6,100.0
1010.0,39,0,3,659,698,0,8.0,0.20512820512820512,7.93625808081172,3,83.0,0.41389690215918734,3,83.0
1015.0,37,0,2,664,701,0,2.0,0.05405405405405406,7.653700934394692,2,70.0,0.4764312167524151,2,70.0
1020.0,34,0,6,670,704,0,23.0,0.6764705882352942,6.616737402171217,6,91.0,0.3400645911054683,6,91.0
1025.0,32,0,12,674,706,0,71.0,2.21875,4.34110006382739,12,139.0,0.1814791469363841,12,139.0
1030.0,34,0,13,677,711,0,67.0,1.9705882352941178,4.076487935079335,13,166.0,0.20863659275878985,13,166.0
1035.0,37,0,9,679,716,0,34.0,0.918918918918919,5.3999416247122385,9,147.0,0.2583057217493755,9,147.0
1040.0,39,0,6,681,720,0,21.0,0.5384615384615384,6.1322175341232095,6,114.0,0.28673520058995544,6,114.0
1045.0,40,1,6,685,725,0,14.0,0.35,6.2714303267724985,6,95.0,0.3239344554538098,6,95.0
1050.0,38,6,1,687,725,0,2.0,0.05263157894736842,6.653070595140177,1,90.0,0.394943205481312,1,90.0
1055.0,37,5,8,693,730,0,28.0,0.7567567567567568,5.946984537770986,8,112.0,0.2954516117271056,8,112.0
1060.0,36,6,14,697,733,0,81.0,2.25,4.117155887916571,14,166.0,0.1660801574281469,14,166.0
1065.0,37,3,12,702,739,0,77.0,2.081081081081081,3.324656190436768,12,196.0,0.18124979668347774,12,196.0
1070.0,42,1,10,704,746,0,38.0,0.9047619047619048,4.698594689305651,10,163.0,0.22853878095906666,10,163.0
1075.0,46,2,10,704,750,0,35.0,0.7608695652173914,6.142102364364215,10,142.0,0.2653788417255723,10,142.0
1080.0,42,4,5,709,751,0,11.0,0.2619047619047619,5.337967276814043,5,154.0,0.26850540268440853,5,154.0
1085.0,39,7,7,713,752,0,22.0,0.5641025641025641,5.750788874487722,7,178.0,0.28167287557455317,7,178.0
1090.0,40,6,13,717,757,0,76.0,1.9,5.514495470333374,13,232.0,0.23381568940432162,13,232.0
1095.0,41,5,13,722,763,0,77.0,1.8780487804878048,3.622014573879653,13,254.0,0.17410917265590464,13,254.0
1100.0,42,4,10,725,767,0,46.0,1.0952380952380953,4.043203053637702,10,236.0,0.18491567479238835,10,236.0
1105.0,43,4,11,726,769,0,40.0,0.9302325581395349,4.982515383887774,11,185.0,0.18011278915980192,11,185.0
1110.0,41,6,9,729,770,0,44.0,1.0731707317073171,6.197688710482118,9,166.0,0.25559409038238945,9,166.0
1115.0,38,8,5,733,771,0,53.0,1.394736842105263,7.9227387249826196,5,142.0,0.4521579282073014,5,142.0
1120.0,38,8,2,738,776,0,3.0,0.07894736842105263,7.247763730896413,2,115.0,0.44955684304914806,2,115.0
1125.0,38,7,7,743,781,0,26.0,0.6842105263157895,6.797559650897057,7,103.0,0.34163019895427627,7,103.0
1130.0,38,6,13,748,786,0,77.0,2.026315789473684,5.400944800075123,13,154.0,0.22579850411172764,13,154.0
1135.0,40,4,13,752,792,0,73.0,1.825,4.316815505245418,13,173.0,0.2210102323233341,13,173.0
1140.0,40,5,11,756,796,0,43.0,1.075,4.308624174859707,11,152.0,0.16684183544981296,11,152.0
1145.0,43,6,10,757,800,0,38.0,0.8837209302325582,5.500982064514412,10,129.0,0.2043640080165045,10,129.0
1150.0,40,8,6,761,801,0,40.0,1.0,6.623509318812097,6,125.0,0.3119167653960022,6,125.0
1155.0,36,11,2,766,802,0,2.0,0.05555555555555555,6.650000036385844,2,111.0,0.37750009163722603,2,111.0
1160.0,38,10,6,768,806,0,23.0,0.6052631578947368,6.689366284918347,6,112.0,0.3070564316351355,6,112.0
1165.0,39,8,12,774,813,0,73.0,1.8717948717948718,5.395210284828565,12,162.0,0.23055988217271478,12,162.0
1170.0,39,7,19,779,818,0,157.0,4.0256410256410255,3.720748242354664,19,246.0,0.18330166519689467,19,246.0
1175.0,40,5,20,782,822,0,161.0,4.025,2.3252295397945426,20,302.0,0.10426029481438943,20,302.0
1180.0,42,3,18,783,825,0,113.0,2.6904761904761907,3.1857977631853536,18,305.0,0.10043301792211984,18,305.0
1185.0,42,4,16,784,826,0,100.0,2.380952380952381,5.063490756494133,16,277.0,0.1723327671654475,16,277.0
1190.0,38,6,7,788,826,0,61.0,1.605263157894737,6.310293795249055,7,247.0,0.26961363700291785,7,247.0
1195.0,36,7,3,790,826,0,32.0,0.8888888888888888,8.177690135328614,3,196.0,0.4429376906324668,3,196.0
1200.0,35,6,0,795,830,0,0.0,0.0,8.346739163719533,0,157.0,0.4871577010001171,0,157.0
1205.0,35,2,8,801,836,0,21.0,0.6,6.571589020282998,8,173.0,0.29914709487636215,8,173.0
1210.0,34,1,13,806,840,0,77.0,2.264705882352941,4.237569541765897,13,230.0,0.1875819572608181,13,230.0
1215.0,35,0,14,811,846,0,82.0,2.342857142857143,3.597440345853257,14,256.0,0.21778284167957135,14,256.0
1220.0,38,0,9,812,850,0,41.0,1.0789473684210527,4.998592144045972,9,201.0,0.25476980185225706,9,201.0
1225.0,41,0,10,812,853,0,26.0,0.6341463414634146,6.2328906974041836,10,153.0,0.2537448914941673,10,153.0
1230.0,40,1,4,816,856,0,19.0,0.475,6.557947574458129,4,117.0,0.27527795938479055,4,117.0
1235.0,40,3,5,820,860,0,40.0,1.0,8.616613701207509,5,109.0,0.4805464076836897,5,109.0
1240.0,40,2,1,826,866,0,1.0,0.025,8.189742202370942,1,92.0,0.4940602592231954,1,92.0
1245.0,40,1,6,832,872,0,21.0,0.525,6.817588996077862,6,82.0,0.3947903807650216,6,82.0
1250.0,41,1,12,835,876,0,68.0,1.6585365853658536,5.790362288992954,12,129.0,0.25219218670826155,12,129.0
1255.0,41,0,14,838,879,0,66.0,1.6097560975609757,4.32959147825429,14,160.0,0.1426319028666681,14,160.0
1260.0,38,0,10,844,882,0,47.0,1.236842105263158,4.746118058738719,10,157.0,0.17276632970094957,10,157.0
1265.0,36,0,8,847,883,0,34.0,0.9444444444444444,5.617967617848279,8,121.0,0.17224048830573943,8,121.0
1270.0,35,0,3,850,885,0,30.0,0.8571428571428571,7.514056701263936,3,116.0,0.3632229981709787,3,116.0
1275.0,34,0,1,855,889,0,1.0,0.029411764705882353,7.598987304199882,1,79.0,0.4141184285616026,1,79.0
1280.0,31,0,7,861,892,0,24.0,0.7741935483870968,6.182708030921535,7,97.0,0.3243549236628556,7,97.0
1285.0,32,0,13,865,897,0,78.0,2.4375,4.553423131486804,13,151.0,0.2510583093068114,13,151.0
1290.0,35,0,13,868,903,0,79.0,2.257142857142857,3.849954473285825,13,185.0,0.24376375802855205,13,185.0
1295.0,38,0,10,869,907,0,40.0,1.0526315789473684,4.464758671208034,10,167.0,0.2309857337672581,10,167.0
1300.0,42,0,9,869,911,0,26.0,0.6190476190476191,6.098145154585318,9,129.0,0.2767663739306632,9,129.0
1305.0,41,0,5,872,913,0,25.0,0.6097560975609756,7.056697404727397,5,110.0,0.34159800544917246,5,110.0
1310.0,37,1,2,878,915,0,2.0,0.05405405405405406,6.709986476614524,2,106.0,0.36416787182610005,2,106.0
1315.0,37,0,7,883,920,0,24.0,0.6486486486486487,6.962178984302872,7,112.0,0.39106315768020156,7,112.0
1320.0,34,0,14,887,921,0,75.0,2.2058823529411766,4.844761966034856,14,163.0,0.17180792699390388,14,163.0
1325.0,35,0,14,891,926,0,77.0,2.2,3.921794691601924,14,197.0,0.20540534768489904,14,197.0
1330.0,37,0,11,894,931,0,54.0,1.4594594594594594,5.299554961104841,11,196.0,0.28575917361402225,11,196.0
1335.0,39,0,7,895,934,0,36.0,0.9230769230769231,5.829245282761606,7,154.0,0.2842190161039254,7,154.0
1340.0,39,0,4,897,936,0,37.0,0.9487179487179487,6.455486579437541,4,132.0,0.3276078626842411,4,132.0
1345.0,37,1,2,902,939,0,3.0,0.08108108108108109,6.529447011782109,2,99.0,0.3586377673936166,2,99.0
1350.0,38,0,6,906,944,0,26.0,0.6842105263157895,6.683774877563321,6,100.0,0.30144421996093207,6,100.0
1355.0,33,0,13,912,945,0,78.0,2.3636363636363638,4.465048685278502,13,153.0,0.1742681694084374,13,153.0
1360.0,33,0,21,917,950,0,164.0,4.96969696969697,3.1122916448393103,21,239.0,0.1437564714593153,21,239.0
1365.0,32,0,20,919,951,0,163.0,5.09375,2.065248928270059,20,291.0,0.09668540726644972,20,291.0
1370.0,31,0,14,920,951,0,107.0,3.4516129032258065,3.4265191229572056,14,277.0,0.10942619240922558,14,277.0
1375.0,34,0,6,920,954,0,50.0,1.4705882352941178,7.175874503211423,6,213.0,0.30776136827567807,6,213.0
1380.0,35,0,2,923,958,0,22.0,0.6285714285714286,9.142689218331226,2,146.0,0.5064459499034605,2,146.0
1385.0,34,0,2,929,963,0,32.0,0.9411764705882353,9.352039546901775,2,107.0,0.5737415908076327,2,107.0
1390.0,31,0,1,933,964,0,3.0,0.0967741935483871,7.8509783726767015,1,70.0,0.45145465990376293,1,70.0
1395.0,29,0,8,938,967,0,30.0,1.0344827586206897,6.7442330747904045,8,94.0,0.25892189312366554,8,94.0
1400.0,27,0,13,943,970,0,86.0,3.185185185185185,5.731702135219349,13,150.0,0.2033024874591584,13,150.0
1405.0,24,0,11,948,972,0,76.0,3.1666666666666665,3.5298550863403455,11,167.0,0.16545595252778184,11,167.0
1410.0,29,0,5,949,978,0,21.0,0.7241379310344828,6.8375983621034555,5,112.0,0.38238043720592363,5,112.0
1415.0,31,0,1,950,981,0,11.0,0.3548387096774194,8.429714951107167,1,60.0,0.43902009573529144,1,60.0
1420.0,32,0,2,954,986,0,2.0,0.0625,8.124325535496961,2,51.0,0.5031641910177059,2,51.0
1425.0,34,0,7,958,992,0,27.0,0.7941176470588235,7.081844809167722,7,76.0,0.4155085622018169,7,76.0
1430.0,32,0,12,962,994,0,81.0,2.53125,4.905843407328028,12,130.0,0.2601695476641489,12,130.0
1435.0,32,0,20,965,997,0,167.0,5.21875,3.695619317288299,20,216.0,0.11795365296138469,20,216.0
1440.0,32,0,18,967,999,0,164.0,5.125,3.5309247085776745,18,265.0,0.14775588698613348,18,265.0
1445.0,36,0,9,968,1004,0,84.0,2.3333333333333335,5.509874060200116,9,217.0,0.2308975027904966,9,217.0
1450.0,36,0,6,971,1007,0,29.0,0.8055555555555556,7.005738157491407,6,176.0,0.29726497368580085,6,176.0
1455.0,34,0,2,976,1010,0,28.0,0.8235294117647058,7.6100958030889405,2,139.0,0.39338739252063365,2,139.0
1460.0,33,0,0,980,1013,0,0.0,0.0,6.808206675334252,0,88.0,0.3590454326890058,0,88.0
1465.0,32,0,6,984,1016,0,20.0,0.625,6.423512332270735,6,106.0,0.2929954335361584,6,106.0
1470.0,28,0,12,989,1017,0,72.0,2.5714285714285716,3.202295050961949,12,158.0,0.11120274377183909,12,158.0
1475.0,29,0,20,993,1022,0,159.0,5.482758620689655,2.520022767593116,20,245.0,0.18849670926242695,20,245.0
1480.0,35,0,18,993,1028,0,157.0,4.485714285714286,2.5136673528609657,18,284.0,0.17634305493957741,18,284.0
1485.0,40,0,14,993,1033,0,100.0,2.5,4.090139108660658,14,263.0,0.19909653436575803,14,263.0
1490.0,42,0,12,993,1035,0,74.0,1.7619047619047619,5.64057701158077,12,220.0,0.20961800691956406,12,220.0
1495.0,39,1,8,997,1036,0,46.0,1.1794871794871795,6.0907648931146285,8,200.0,0.22184742257988582,8,200.0
1500.0,38,3,5,1002,1040,0,50.0,1.3157894736842106,8.216475056792627,5,182.0,0.5095352588393507,5,182.0
1505.0,38,4,1,1005,1043,0,1.0,0.02631578947368421,7.839627014679155,1,140.0,0.5009140223452809,1,140.0
1510.0,38,1,7,1010,1048,0,22.0,0.5789473684210527,6.687858245667354,7,134.0,0.3249299758562035,7,134.0
1515.0,38,0,13,1015,1053,0,72.0,1.894736842105263,5.530820750705058,13,184.0,0.2259444785216293,13,184.0
1520.0,37,0,13,1019,1056,0,74.0,2.0,4.134033102789849,13,211.0,0.17819530808341136,13,211.0
1525.0,35,0,11,1024,1059,0,42.0,1.2,4.245404932447963,11,183.0,0.17457756630438068,11,183.0
1530.0,36,0,8,1025,1061,0,29.0,0.8055555555555556,6.401715551933725,8,132.0,0.23935923825642724,8,132.0
1535.0,35,0,2,1029,1064,0,3.0,0.08571428571428572,6.331487294727419,2,133.0,0.31318761553798546,2,133.0
1540.0,33,0,8,1034,1067,0,31.0,0.9393939393939394,5.581618716788306,8,161.0,0.26258477871072433,8,161.0
1545.0,35,0,14,1037,1072,0,88.0,2.5142857142857142,4.303603405831383,14,218.0,0.22655798512579936,14,218.0
1550.0,35,0,15,1040,1075,0,93.0,2.657142857142857,2.925091959031857,15,246.0,0.1498908174775901,15,246.0
1555.0,38,0,12,1041,1079,0,57.0,1.5,4.4663493609783815,12,228.0,0.2011946897698137,12,228.0
1560.0,40,0,11,1042,1082,0,44.0,1.1,6.267109166411956,11,181.0,0.23746066922026282,11,181.0
1565.0,39,3,7,1046,1085,0,14.0,0.358974358974359,5.89389855873011,7,205.0,0.28532469781393843,7,205.0
1570.0,34,5,8,1052,1086,0,30.0,0.8823529411764706,5.087222959715016,8,235.0,0.23680985067467306,8,235.0
1575.0,36,4,13,1055,1091,0,83.0,2.3055555555555554,3.6351849910578604,13,289.0,0.18106529756819192,13,289.0
1580.0,38,2,14,1058,1096,0,80.0,2.1052631578947367,2.465287776607762,14,305.0,0.13416454572481418,14,305.0
1585.0,40,3,11,1058,1098,0,48.0,1.2,3.4365808929981965,11,271.0,0.1256157033644519,11,271.0
1590.0,43,5,12,1059,1102,0,48.0,1.1162790697674418,5.02661650528318,12,232.0,0.18622141749227072,12,232.0
1595.0,42,7,9,1062,1104,0,53.0,1.2619047619047619,6.872185893976339,9,206.0,0.3594451777645786,9,206.0
1600.0,39,11,3,1066,1105,0,42.0,1.0769230769230769,8.008980811595174,3,151.0,0.46737682546577514,3,151.0
1605.0,39,10,2,1070,1109,0,3.0,0.07692307692307693,7.146533790306792,2,130.0,0.4303636849762802,2,130.0
1610.0,40,7,8,1075,1115,0,30.0,0.75,6.489254060492952,8,139.0,0.34208033558256823,8,139.0
1615.0,39,6,13,1081,1120,0,84.0,2.1538461538461537,4.924373309108458,13,193.0,0.2097831857686349,13,193.0
1620.0,42,5,14,1085,1127,0,86.0,2.0476190476190474,3.5432204242280614,14,222.0,0.1718604041196956,14,222.0
1625.0,41,5,13,1089,1130,0,55.0,1.3414634146341464,4.310740226395038,13,210.0,0.2049869437493035,13,210.0
1630.0,44,4,10,1089,1133,0,45.0,1.0227272727272727,5.59789209812183,10,166.0,0.21508089590667115,10,166.0
1635.0,42,6,11,1093,1135,0,48.0,1.1428571428571428,6.509492026735769,11,151.0,0.3036306507653697,11,151.0
1640.0,37,8,2,1099,1136,0,4.0,0.10810810810810811,7.0624628115138846,2,141.0,0.40303118016520995,2,141.0
1645.0,38,7,8,1103,1141,0,31.0,0.8157894736842105,6.280662420526843,8,147.0,0.33641222306732205,8,147.0
1650.0,41,5,15,1106,1147,0,87.0,2.1219512195121952,5.437034568618916,15,203.0,0.24420632847529083,15,203.0
1655.0,43,1,15,1111,1154,0,87.0,2.0232558139534884,3.9255250473232763,15,236.0,0.19443249262801882,15,236.0
1660.0,42,0,11,1115,1157,0,51.0,1.2142857142857142,3.8956106993350366,11,221.0,0.17087277593858105,11,221.0
1665.0,43,1,13,1116,1159,0,49.0,1.1395348837209303,4.723700141765582,13,182.0,0.1447895392552433,13,182.0
1670.0,42,2,10,1119,1161,0,57.0,1.3571428571428572,6.902421103645709,10,169.0,0.3131401839847453,10,169.0
1675.0,36,2,2,1125,1161,0,2.0,0.05555555555555555,7.444281898636223,2,149.0,0.4028371530800476,2,149.0
1680.0,37,1,7,1129,1166,0,23.0,0.6216216216216216,7.030903364798912,7,145.0,0.32824185340130313,7,145.0
1685.0,38,1,13,1134,1172,0,74.0,1.9473684210526316,4.7353256877206125,13,196.0,0.2101502500401295,13,196.0
1690.0,38,0,12,1139,1177,0,73.0,1.9210526315789473,2.953344600814366,12,216.0,0.1660858144147994,12,216.0
1695.0,41,0,10,1141,1182,0,40.0,0.975609756097561,4.283183595127103,10,200.0,0.2263487923696834,10,200.0
1700.0,45,1,11,1141,1186,0,41.0,0.9111111111111111,5.639098499679704,11,161.0,0.23725079495194645,11,161.0
1705.0,42,4,6,1145,1187,0,31.0,0.7380952380952381,6.795527986867173,6,140.0,0.3176645232099177,6,140.0
1710.0,38,5,1,1149,1187,0,1.0,0.02631578947368421,6.85580973522687,1,123.0,0.35649635560218706,1,123.0
1715.0,38,5,7,1155,1193,0,22.0,0.5789473684210527,6.478915518516158,7,129.0,0.3477527752219851,7,129.0
1720.0,38,3,14,1159,1197,0,76.0,2.0,4.894044646985924,14,183.0,0.2157116476109246,14,183.0
1725.0,39,0,15,1163,1202,0,79.0,2.0256410256410255,3.7149520135919816,15,211.0,0.17907577788906442,15,211.0
1730.0,41,0,12,1167,1208,0,47.0,1.146341463414634,4.237357668332883,12,203.0,0.2084110995069933,12,203.0
1735.0,46,2,11,1167,1213,0,44.0,0.9565217391304348,5.91573567563353,11,169.0,0.26042380527437287,11,169.0
1740.0,44,4,10,1171,1215,0,46.0,1.0454545454545454,6.799162163593841,10,155.0,0.3322923759106144,10,155.0
1745.0,40,7,3,1175,1215,0,5.0,0.125,6.394090558239791,3,144.0,0.3264333024841119,3,144.0
1750.0,42,6,8,1180,1222,0,28.0,0.6666666666666666,6.872280917139216,8,153.0,0.3608286327808421,8,153.0
1755.0,42,4,13,1185,1227,0,81.0,1.9285714285714286,5.7389848831020895,13,203.0,0.2660713032482671,13,203.0
1760.0,42,3,14,1189,1231,0,80.0,1.9047619047619047,3.6027256456946346,14,229.0,0.14863119209915507,14,229.0
1765.0,43,3,14,1194,1237,0,56.0,1.302325581395349,3.7469688338316427,14,219.0,0.15192638857657648,14,219.0
1770.0,44,3,13,1195,1239,0,62.0,1.4090909090909092,5.044850575716233,13,185.0,0.16003608351207896,13,185.0
1775.0,41,6,7,1199,1240,0,18.0,0.43902439024390244,5.131093969208555,7,206.0,0.22179796701817836,7,206.0
1780.0,38,9,7,1204,1242,0,28.0,0.7368421052631579,5.968937339584606,7,220.0,0.28980714883470543,7,220.0
1785.0,39,7,13,1207,1246,0,79.0,2.0256410256410255,5.095700545993502,13,271.0,0.24571665192122707,13,271.0
1790.0,39,4,14,1212,1251,0,72.0,1.8461538461538463,3.017286623661418,14,285.0,0.14384401773859978,14,285.0
1795.0,42,2,13,1213,1255,0,53.0,1.2619047619047619,4.324364307188557,13,254.0,0.16584671104713214,13,254.0
1800.0,42,2,12,1215,1257,0,49.0,1.1666666666666667,5.719849535148813,12,209.0,0.21918469126557222,12,209.0
1805.0,39,3,9,1219,1258,0,27.0,0.6923076923076923,5.263058098555837,9,239.0,0.22674447435205666,9,239.0
1810.0,35,4,7,1224,1259,0,29.0,0.8285714285714286,5.26036555666545,7,272.0,0.24340075319638932,7,272.0
1815.0,36,1,14,1227,1263,0,89.0,2.4722222222222223,3.578116683892694,14,332.0,0.17804733341573872,14,332.0
1820.0,36,0,15,1231,1267,0,89.0,2.4722222222222223,2.2721868688684377,15,352.0,0.14557634275819198,15,352.0
1825.0,40,1,12,1231,1271,0,54.0,1.35,3.432071412185047,12,315.0,0.14925838458305804,12,315.0
1830.0,43,2,10,1231,1274,0,45.0,1.0465116279069768,4.809406875506187,10,240.0,0.1818989445360012,10,240.0
1835.0,41,4,8,1233,1274,0,50.0,1.2195121951219512,6.572769082372154,8,218.0,0.3161209722909537,8,218.0
1840.0,37,7,0,1238,1275,0,0.0,0.0,7.281223338099315,0,170.0,0.39231595900442845,0,170.0
1845.0,36,6,5,1244,1280,0,17.0,0.4722222222222222,6.431828432661658,5,180.0,0.3223802677617135,5,180.0
1850.0,36,3,13,1248,1284,0,65.0,1.8055555555555556,4.493966298643821,13,229.0,0.18492276460009144,13,229.0
1855.0,38,0,12,1252,1290,0,67.0,1.763157894736842,2.996085610997709,12,245.0,0.15374158664508497,12,245.0
1860.0,38,0,10,1255,1293,0,35.0,0.9210526315789473,4.190417201385321,10,204.0,0.19484045365434893,10,204.0
1865.0,43,1,6,1255,1298,0,18.0,0.4186046511627907,6.001681903066391,6,145.0,0.23591119791192056,6,145.0
1870.0,39,3,6,1259,1298,0,21.0,0.5384615384615384,6.911849823733666,6,110.0,0.30743056535116364,6,110.0
1875.0,36,6,2,1263,1299,0,2.0,0.05555555555555555,7.174431511135737,2,94.0,0.38966597326682506,2,94.0
1880.0,36,3,7,1269,1305,0,24.0,0.6666666666666666,6.258712510805838,7,110.0,0.3387609093384843,7,110.0
1885.0,38,1,13,1272,1310,0,78.0,2.0526315789473686,4.938554665450965,13,165.0,0.2572416693961418,13,165.0
1890.0,40,2,11,1276,1316,0,75.0,1.875,4.216069692974964,11,186.0,0.24384923806599132,11,186.0
1895.0,44,1,10,1278,1322,0,38.0,0.8636363636363636,4.117287181371599,10,161.0,0.16879657929027825,10,161.0
1900.0,46,0,14,1279,1325,0,53.0,1.1521739130434783,5.035144980728942,14,154.0,0.18707067971032348,14,154.0
1905.0,42,3,11,1283,1325,0,71.0,1.6904761904761905,6.082032265269518,11,161.0,0.26307758910588974,11,161.0
1910.0,37,7,2,1288,1325,0,4.0,0.10810810810810811,6.055513273211136,2,154.0,0.3200624628351773,2,154.0
1915.0,39,5,7,1291,1330,0,23.0,0.5897435897435898,6.570981591692269,7,131.0,0.3208503637599384,7,131.0
1920.0,39,4,13,1296,1335,0,75.0,1.9230769230769231,5.066803444714163,13,180.0,0.2112799165296665,13,180.0
1925.0,42,1,14,1301,1343,0,79.0,1.880952380952381,3.7181330305951366,14,214.0,0.20837487638148813,14,214.0
1930.0,40,0,10,1305,1345,0,48.0,1.2,4.332095742395927,10,208.0,0.21757659324128795,10,208.0
1935.0,46,0,10,1305,1351,0,37.0,0.8043478260869565,6.004066873780176,10,165.0,0.26876798946592784,10,165.0
1940.0,45,1,9,1309,1354,0,41.0,0.9111111111111111,6.715783509605059,9,149.0,0.3302216661779176,9,149.0
1945.0,41,5,4,1314,1355,0,6.0,0.14634146341463414,6.414014894421274,4,140.0,0.3717139531362299,4,140.0
1950.0,45,5,6,1317,1362,0,21.0,0.4666666666666667,6.906438253306468,6,136.0,0.3897671584415164,6,136.0
1955.0,44,3,13,1323,1367,0,71.0,1.6136363636363635,5.63312512346311,13,182.0,0.25228342246970187,13,182.0
1960.0,44,1,12,1326,1370,0,72.0,1.6363636363636365,4.052504358769306,12,202.0,0.14625681717633024,12,202.0
1965.0,45,0,13,1331,1376,0,56.0,1.2444444444444445,4.59719917270725,13,183.0,0.16127067297119538,13,183.0
1970.0,43,0,13,1335,1378,0,59.0,1.372093023255814,5.739192088821383,13,170.0,0.23794907852832112,13,170.0
1975.0,44,0,8,1339,1383,0,66.0,1.5,6.662931205534384,8,157.0,0.3604470813070536,8,157.0
1980.0,44,2,7,1342,1386,0,84.0,1.9090909090909092,7.746454406604963,7,151.0,0.4670026877517062,7,151.0
1985.0,43,0,4,1347,1390,0,14.0,0.32558139534883723,6.412544624037838,4,135.0,0.3775709990054922,4,135.0
1990.0,39,0,7,1352,1391,0,23.0,0.5897435897435898,6.171524447705077,7,97.0,0.2898900760772391,7,97.0
1995.0,38,0,12,1357,1395,0,73.0,1.9210526315789473,6.0474913287592855,12,138.0,0.23034294871309474,12,138.0
2000.0,38,0,20,1361,1399,0,155.0,4.078947368421052,5.0513434122183805,20,219.0,0.1945134840533642,20,219.0
2005.0,35,0,17,1367,1402,0,152.0,4.3428571428571425,3.0831327914485973,17,270.0,0.111920399887826,17,270.0
2010.0,37,0,14,1371,1408,0,95.0,2.5675675675675675,4.617349008498458,14,263.0,0.23080678818671946,14,263.0
2015.0,43,0,9,1371,1414,0,54.0,1.255813953488372,6.411851236663914,9,205.0,0.3105619279892185,9,205.0
2020.0,40,0,6,1375,1415,0,40.0,1.0,6.703060768294347,6,176.0,0.3593714833145998,6,176.0
2025.0,40,3,1,1378,1418,0,1.0,0.025,7.496024628749981,1,146.0,0.45029943248628174,1,146.0
2030.0,39,2,6,1384,1423,0,22.0,0.5641025641025641,6.798107029172552,6,162.0,0.3388721437478612,6,162.0
2035.0,41,0,12,1388,1429,0,73.0,1.7804878048780488,5.410360451124545,12,213.0,0.22572564565384537,12,213.0
2040.0,38,0,20,1393,1431,0,160.0,4.2105263157894735,3.4229097514767175,20,301.0,0.1359632195317524,20,301.0
2045.0,35,0,20,1398,1433,0,167.0,4.771428571428571,1.9589602082469904,20,349.0,0.10402191970819916,20,349.0
2050.0,37,0,17,1399,1436,0,120.0,3.2432432432432434,3.7139713205923686,17,334.0,0.1718931074149746,17,334.0
2055.0,40,0,11,1399,1439,0,84.0,2.1,5.525746747353621,11,266.0,0.2269177018992721,11,266.0
2060.0,42,0,5,1402,1444,0,38.0,0.9047619047619048,7.2077154767344425,5,234.0,0.38447320403397617,5,234.0
2065.0,37,3,2,1407,1444,0,2.0,0.05405405405405406,7.111955728281815,2,185.0,0.39163044054870133,2,185.0
2070.0,36,3,6,1413,1449,0,21.0,0.5833333333333334,6.420067586825172,6,199.0,0.31074623751561964,6,199.0
2075.0,38,2,12,1416,1454,0,68.0,1.7894736842105263,5.014635897506038,12,246.0,0.24245999705028376,12,246.0
2080.0,39,1,12,1420,1459,0,66.0,1.6923076923076923,3.626949021610435,12,259.0,0.19905122193692618,12,259.0
2085.0,39,0,10,1424,1463,0,36.0,0.9230769230769231,3.724325661822713,10,221.0,0.16527624892010306,10,221.0
2090.0,40,0,12,1424,1464,0,40.0,1.0,5.3803250400472145,12,160.0,0.1661950988956313,12,160.0
2095.0,38,2,6,1428,1466,0,18.0,0.47368421052631576,4.923924838748721,6,189.0,0.2071852889670109,6,189.0
2100.0,34,3,7,1432,1466,0,31.0,0.9117647058823529,4.779393827853443,7,214.0,0.21309465477044423,7,214.0
2105.0,34,1,14,1436,1470,0,85.0,2.5,2.8103915647901965,14,268.0,0.11330981274913864,14,268.0
2110.0,35,1,14,1439,1474,0,84.0,2.4,1.8069865404079297,14,285.0,0.09001253952689443,14,285.0
2115.0,39,0,12,1440,1479,0,60.0,1.5384615384615385,4.00762813063942,12,252.0,0.1908220962720498,12,252.0
2120.0,41,1,10,1440,1481,0,38.0,0.926829268292683,6.121687430947291,10,202.0,0.25343269624430187,10,202.0
2125.0,38,5,7,1444,1482,0,27.0,0.7105263157894737,7.193391080746225,7,167.0,0.3318504576104474,7,167.0
2130.0,32,6,3,1450,1482,0,13.0,0.40625,8.466126477163819,3,123.0,0.490875051667676,3,123.0
2135.0,33,3,3,1454,1487,0,5.0,0.15151515151515152,7.062324053785383,3,120.0,0.419447434710115,3,120.0
2140.0,35,2,8,1458,1493,0,34.0,0.9714285714285714,5.9896439060715645,8,144.0,0.3032047740313684,8,144.0
2145.0,37,1,14,1462,1499,0,91.0,2.4594594594594597,4.409446821481098,14,201.0,0.21426568492275186,14,201.0
2150.0,37,0,13,1466,1503,0,85.0,2.2972972972972974,2.871004134110034,13,224.0,0.14851997969931877,13,224.0
2155.0,40,0,11,1467,1507,0,53.0,1.325,3.8893975133340306,11,201.0,0.14645576319105633,11,201.0
2160.0,42,0,12,1468,1510,0,44.0,1.0476190476190477,5.357954703578633,12,159.0,0.18075915215223284,12,159.0
2165.0,38,2,7,1472,1510,0,38.0,1.0,6.650034975425936,7,138.0,0.28177641553974725,7,138.0
2170.0,34,4,2,1476,1510,0,2.0,0.058823529411764705,6.939113949679744,2,115.0,0.3638226416811865,2,115.0
2175.0,35,1,7,1481,1516,0,22.0,0.6285714285714286,6.735628956265026,7,135.0,0.3315514947918432,7,135.0
2180.0,33,1,13,1486,1519,0,69.0,2.090909090909091,4.220177936337095,13,182.0,0.21074839692727473,13,182.0
2185.0,35,0,13,1490,1525,0,70.0,2.0,3.001195831564642,13,212.0,0.1785095338498358,13,212.0
2190.0,39,0,10,1490,1529,0,38.0,0.9743589743589743,4.072190367477397,10,195.0,0.16300560391791727,10,195.0
2195.0,41,0,8,1491,1532,0,29.0,0.7073170731707317,5.541324892353268,8,151.0,0.1786826313350606,8,151.0
2200.0,39,1,7,1495,1534,0,28.0,0.717948717948718,6.879386427216107,7,139.0,0.3183854720284274,7,139.0
2205.0,35,1,1,1500,1535,0,1.0,0.02857142857142857,7.419130090430906,1,106.0,0.41488447669954026,1,106.0
2210.0,35,1,6,1504,1539,0,20.0,0.5714285714285714,6.433602896894691,6,121.0,0.34532536897034244,6,121.0
2215.0,33,0,12,1509,1542,0,69.0,2.090909090909091,4.206195384351168,12,170.0,0.18251848249134467,12,170.0
2220.0,35,0,13,1512,1547,0,71.0,2.0285714285714285,3.4684223124046296,13,192.0,0.18396025489154233,13,192.0
2225.0,38,0,8,1513,1551,0,37.0,0.9736842105263158,4.71666799927267,8,180.0,0.20496015533912412,8,180.0
2230.0,39,0,9,1515,1554,0,26.0,0.6666666666666666,6.096801774501667,9,137.0,0.22509707999638065,9,137.0
2235.0,38,0,6,1519,1557,0,12.0,0.3157894736842105,5.348718254077872,6,160.0,0.23217346422723625,6,160.0
2240.0,35,2,7,1524,1559,0,28.0,0.8,5.435628723801076,7,193.0,0.2574323230528251,7,193.0
2245.0,38,1,14,1527,1565,0,82.0,2.1578947368421053,4.075891141215031,14,247.0,0.22058988382267944,14,247.0
2250.0,37,0,20,1531,1568,0,170.0,4.594594594594595,2.20416133701514,20,335.0,0.11186723278568596,20,335.0
2255.0,38,0,20,1531,1569,0,175.0,4.605263157894737,1.895017292254319,20,387.0,0.07224661000376054,20,387.0
2260.0,41,0,20,1531,1572,0,131.0,3.1951219512195124,3.8015382553613293,20,350.0,0.11074110037469176,20,350.0
2265.0,42,0,15,1533,1575,0,115.0,2.738095238095238,5.4640061840162115,15,327.0,0.18648404419252618,15,327.0
2270.0,38,2,7,1537,1575,0,62.0,1.631578947368421,6.92990681131788,7,289.0,0.3099858130080418,7,289.0
2275.0,34,4,3,1542,1576,0,47.0,1.3823529411764706,8.73072118098091,3,226.0,0.5161754477742524,3,226.0
2280.0,34,0,1,1546,1580,0,2.0,0.058823529411764705,7.918636136663927,1,176.0,0.46781699840474117,1,176.0
2285.0,31,0,7,1552,1583,0,25.0,0.8064516129032258,6.259485424979197,7,187.0,0.30290399892269976,7,187.0
2290.0,31,0,14,1556,1587,0,80.0,2.5806451612903225,4.5093413385475305,14,242.0,0.2024812343463698,14,242.0
2295.0,31,0,13,1560,1591,0,84.0,2.7096774193548385,3.280585779148573,13,259.0,0.20315744732057026,13,259.0
2300.0,34,0,9,1561,1595,0,42.0,1.2352941176470589,4.521917602449278,9,222.0,0.23531639917478678,9,222.0
2305.0,38,0,7,1561,1599,0,24.0,0.631578947368421,5.392424704287195,7,138.0,0.20615197123798085,7,138.0
2310.0,38,0,4,1562,1600,0,22.0,0.5789473684210527,7.123678149148255,4,106.0,0.3478058940869763,4,106.0
2315.0,35,1,2,1568,1603,0,24.0,0.6857142857142857,8.941839969738215,2,76.0,0.4851550115690288,2,76.0
2320.0,32,0,3,1574,1606,0,37.0,1.15625,9.414706708283887,3,68.0,0.5845970163967146,3,68.0
2325.0,31,0,1,1578,1609,0,2.0,0.06451612903225806,8.267123908099324,1,30.0,0.5176239212236371,1,30.0
2330.0,29,0,6,1583,1612,0,22.0,0.7586206896551724,6.8669589684572365,6,44.0,0.30474122655426183,6,44.0
2335.0,28,0,12,1589,1617,0,70.0,2.5,5.179095966585088,12,92.0,0.27759063643386656,12,92.0
2340.0,27,0,11,1593,1620,0,64.0,2.3703703703703702,3.7146378357142487,11,124.0,0.22298113834656996,11,124.0
2345.0,31,0,9,1593,1624,0,42.0,1.3548387096774193,6.185038318826778,9,117.0,0.3381117008628684,9,117.0
2350.0,34,0,3,1594,1628,0,5.0,0.14705882352941177,7.831566262517092,3,81.0,0.371192488466108,3,81.0
2355.0,33,0,2,1598,1631,0,13.0,0.3939393939393939,8.584469778415691,2,58.0,0.4888042704952994,2,58.0
2360.0,31,0,0,1602,1633,0,0.0,0.0,7.708512156521171,0,38.0,0.4670734343519556,0,38.0
2365.0,28,0,4,1606,1634,0,14.0,0.5,6.462800740556005,4,46.0,0.18383025905051206,4,46.0
2370.0,25,0,11,1612,1637,0,57.0,2.28,5.983799357186907,11,89.0,0.21396779539609811,11,89.0
2375.0,26,0,10,1616,1642,0,53.0,2.0384615384615383,5.325312360299749,10,110.0,0.30756465693256263,10,110.0
2380.0,27,0,3,1619,1646,0,11.0,0.4074074074074074,6.4921965994822886,3,81.0,0.3584115452555043,3,81.0
2385.0,31,0,1,1619,1650,0,1.0,0.03225806451612903,8.646234738465997,1,36.0,0.4231810636003678,1,36.0
2390.0,30,0,2,1623,1653,0,2.0,0.06666666666666667,8.076852448708406,2,37.0,0.46480846934122466,2,37.0
2395.0,29,0,8,1627,1656,0,30.0,1.0344827586206897,6.201605555121477,8,65.0,0.2744052024191732,8,65.0
2400.0,28,0,13,1632,1660,0,84.0,3.0,3.48072204614843,13,119.0,0.16933186061385921,13,119.0
2405.0,31,0,14,1633,1664,0,84.0,2.7096774193548385,3.8917572012815103,14,155.0,0.23739410248628387,14,155.0
2410.0,37,0,9,1634,1671,0,45.0,1.2162162162162162,5.700558796061778,9,130.0,0.3119346421760535,9,130.0
2415.0,40,0,7,1635,1675,0,25.0,0.625,6.680017966708891,7,117.0,0.2970351478514038,7,117.0
2420.0,40,0,5,1640,1680,0,24.0,0.6,6.964618061923039,5,108.0,0.3658890986561137,5,108.0
2425.0,39,2,1,1643,1682,0,1.0,0.02564102564102564,7.239689608537355,1,82.0,0.43109696458828367,1,82.0
2430.0,40,1,6,1648,1688,0,22.0,0.55,6.729303729201867,6,93.0,0.35290604400552306,6,93.0
2435.0,39,0,13,1653,1692,0,70.0,1.794871794871795,5.356483893897112,13,141.0,0.24949842660852056,13,141.0
2440.0,37,0,15,1656,1693,0,69.0,1.864864864864865,3.367841619878647,15,172.0,0.12107413761844699,15,172.0
2445.0,35,0,14,1661,1696,0,58.0,1.6571428571428573,4.602058024082278,14,171.0,0.21354539510062992,14,171.0
2450.0,37,0,8,1661,1698,0,53.0,1.4324324324324325,6.618702464084892,8,147.0,0.28832662226345657,8,147.0
2455.0,35,0,6,1665,1700,0,63.0,1.8,7.49756718032762,6,134.0,0.3912955650772792,6,134.0
2460.0,35,0,2,1669,1704,0,5.0,0.14285714285714285,7.664997700063631,2,114.0,0.43181798185867276,2,114.0
2465.0,33,0,6,1675,1708,0,20.0,0.6060606060606061,7.1443168139363795,6,83.0,0.34136895513057947,6,83.0
2470.0,33,0,13,1678,1711,0,73.0,2.212121212121212,5.850866776921407,13,136.0,0.20248477541116747,13,136.0
2475.0,31,0,13,1685,1716,0,80.0,2.5806451612903225,4.543278415008603,13,172.0,0.25962472710852136,13,172.0
2480.0,33,0,7,1688,1721,0,37.0,1.121212121212121,5.863813007219389,7,149.0,0.333185224675539,7,149.0
2485.0,37,0,4,1688,1725,0,16.0,0.43243243243243246,7.421047848783922,4,97.0,0.3710031816190223,4,97.0
2490.0,36,0,3,1691,1727,0,25.0,0.6944444444444444,7.8471364314555,3,69.0,0.3806357357767611,3,69.0
2495.0,33,0,6,1697,1730,0,50.0,1.5151515151515151,8.567613431031768,6,58.0,0.4505434026479621,6,58.0
2500.0,35,0,2,1701,1736,0,3.0,0.08571428571428572,8.360872833566415,2,43.0,0.49100208754408803,2,43.0
2505.0,32,0,8,1706,1738,0,31.0,0.96875,6.389350799997396,8,39.0,0.27963819865605305,8,39.0
2510.0,30,0,13,1711,1741,0,88.0,2.933333333333333,4.935481948763241,13,96.0,0.21294110718213446,13,96.0
2515.0,30,0,13,1713,1743,0,87.0,2.9,4.112531361976435,13,139.0,0.1460436825680014,13,139.0
2520.0,28,0,6,1718,1746,0,35.0,1.25,5.528629191812393,6,123.0,0.22812846063900669,6,123.0
2525.0,31,0,1,1719,1750,0,5.0,0.16129032258064516,8.792558325917076,1,86.0,0.4102719365370577,1,86.0
2530.0,31,0,2,1723,1754,0,5.0,0.16129032258064516,7.5939386215385145,2,86.0,0.3693109753947113,2,86.0
2535.0,29,0,7,1729,1758,0,30.0,1.0344827586206897,5.559296004033168,7,111.0,0.3116482280366302,7,111.0
2540.0,28,0,13,1731,1759,0,88.0,3.142857142857143,3.060198425896265,13,169.0,0.158806400530087,13,169.0
2545.0,29,0,16,1733,1762,0,89.0,3.0689655172413794,2.849506227089422,16,200.0,0.15901420888558054,16,200.0
2550.0,33,0,10,1733,1766,0,52.0,1.5757575757575757,5.55120373838719,10,161.0,0.2593091226561935,10,161.0
2555.0,36,0,6,1734,1770,0,25.0,0.6944444444444444,6.699569747766232,6,119.0,0.31222285415038314,6,119.0
2560.0,35,0,2,1738,1773,0,3.0,0.08571428571428572,6.427844126622919,2,118.0,0.3562136362939736,2,118.0
2565.0,34,0,7,1742,1776,0,32.0,0.9411764705882353,5.419214349405056,7,143.0,0.2622439083682836,7,143.0
2570.0,36,0,13,1746,1782,0,90.0,2.5,4.179457968353441,13,201.0,0.2196729845367233,13,201.0
2575.0,36,0,13,1750,1786,0,88.0,2.4444444444444446,3.019038704452827,13,232.0,0.18905391092592838,13,232.0
2580.0,42,0,13,1750,1792,0,50.0,1.1904761904761905,4.10350205510977,13,210.0,0.18952545340150387,13,210.0
2585.0,43,1,11,1751,1794,0,46.0,1.069767441860465,5.298777734084795,11,155.0,0.1917719549963931,11,155.0
2590.0,40,4,8,1754,1794,0,36.0,0.9,6.4270082554828845,8,147.0,0.2669574583815533,8,147.0
2595.0,38,8,5,1759,1797,0,49.0,1.2894736842105263,8.45486596059626,5,131.0,0.4692807540331519,5,131.0
2600.0,36,7,2,1765,1801,0,4.0,0.1111111111111111,7.631314840231629,2,113.0,0.47715680702277985,2,113.0
2605.0,38,3,7,1770,1808,0,29.0,0.7631578947368421,6.564527851117916,7,111.0,0.3537614283943257,7,111.0
2610.0,38,1,14,1773,1811,0,86.0,2.263157894736842,4.849980716584136,14,168.0,0.184577171777792,14,168.0
2615.0,39,1,14,1777,1816,0,83.0,2.128205128205128,3.68638535043029,14,200.0,0.15817340225243265,14,200.0
2620.0,39,0,12,1782,1821,0,53.0,1.358974358974359,3.3784038832556234,12,194.0,0.13475957321632498,12,194.0
2625.0,42,0,12,1782,1824,0,50.0,1.1904761904761905,5.224309538339652,12,167.0,0.1741905185919327,12,167.0
2630.0,38,4,8,1786,1824,0,24.0,0.631578947368421,4.9845272224120905,8,194.0,0.21875575608896008,8,194.0
2635.0,36,6,7,1789,1825,0,24.0,0.6666666666666666,5.209076768140685,7,221.0,0.21651416786892067,7,221.0
2640.0,37,5,13,1793,1830,0,74.0,2.0,4.296241963765889,13,271.0,0.2196703437638225,13,271.0
2645.0,37,3,13,1797,1834,0,75.0,2.027027027027027,2.632875780307584,13,290.0,0.15927487352692066,13,290.0
2650.0,39,3,10,1798,1837,0,44.0,1.1282051282051282,3.279074251625911,10,265.0,0.11954603667300581,10,265.0
2655.0,43,3,11,1798,1841,0,43.0,1.0,5.317192318080876,11,214.0,0.18597369708644812,11,214.0
2660.0,39,5,9,1802,1841,0,49.0,1.2564102564102564,6.959766370379151,9,188.0,0.3112917758253484,9,188.0
2665.0,34,10,1,1807,1841,0,1.0,0.029411764705882353,7.270056151247822,1,162.0,0.39090067207065515,1,162.0
2670.0,34,8,7,1812,1846,0,21.0,0.6176470588235294,6.168321616653803,7,173.0,0.28541666940006544,7,173.0
2675.0,32,8,13,1816,1848,0,71.0,2.21875,3.602833894779022,13,224.0,0.14350952183237298,13,224.0
2680.0,32,6,12,1820,1852,0,68.0,2.125,2.449752235615183,12,240.0,0.13852184897418543,12,240.0
2685.0,36,4,10,1821,1857,0,39.0,1.0833333333333333,3.8044614490825044,10,187.0,0.1524597770770277,10,187.0
2690.0,38,6,7,1821,1859,0,27.0,0.7105263157894737,5.344733452634473,7,147.0,0.15018190936241899,7,147.0
2695.0,36,7,4,1825,1861,0,8.0,0.2222222222222222,5.506149257060494,4,153.0,0.23875685507611819,4,153.0
2700.0,32,10,7,1830,1862,0,26.0,0.8125,4.979740878712229,7,179.0,0.29039962907154965,7,179.0
2705.0,33,8,14,1834,1867,0,81.0,2.4545454545454546,3.298183705249744,14,234.0,0.23458576742289736,14,234.0
2710.0,37,5,14,1835,1872,0,79.0,2.135135135135135,2.495254035914993,14,253.0,0.17595395950310982,14,253.0
2715.0,43,5,14,1835,1878,0,51.0,1.186046511627907,3.9448216286260442,14,228.0,0.18980323515443684,14,228.0
2720.0,45,4,12,1835,1880,0,63.0,1.4,5.368416250519141,12,191.0,0.2063541385885864,12,191.0
2725.0,41,5,9,1839,1880,0,59.0,1.4390243902439024,6.101488817139601,9,196.0,0.27491940774854384,9,196.0
2730.0,38,9,7,1844,1882,0,70.0,1.8421052631578947,7.8660043185038715,7,174.0,0.4466196851604823,7,174.0
2735.0,39,7,2,1849,1888,0,8.0,0.20512820512820512,7.731511536670303,2,138.0,0.5149548830341504,2,138.0
2740.0,40,5,5,1853,1893,0,18.0,0.45,7.120612191081006,5,109.0,0.4074360946689458,5,109.0
2745.0,39,3,10,1859,1898,0,61.0,1.564102564102564,5.520447135835621,10,145.0,0.22319873050632877,10,145.0
2750.0,41,2,11,1862,1903,0,56.0,1.3658536585365855,4.822419032490152,11,164.0,0.2241380034358501,11,164.0
2755.0,39,0,9,1867,1906,0,29.0,0.7435897435897436,5.009210068249195,9,142.0,0.2294775592902735,9,142.0
2760.0,43,0,6,1870,1913,0,23.0,0.5348837209302325,6.079339039218935,6,101.0,0.30689982276781747,6,101.0
2765.0,43,0,2,1874,1917,0,4.0,0.09302325581395349,5.676635254318216,2,104.0,0.3100283687556962,2,104.0
2770.0,42,2,7,1876,1918,0,29.0,0.6904761904761905,6.033546386970432,7,123.0,0.2516297657687067,7,123.0
2775.0,41,2,14,1882,1923,0,81.0,1.975609756097561,4.821377469924055,14,176.0,0.1839410220278836,14,176.0
2780.0,42,0,13,1886,1928,0,81.0,1.9285714285714286,3.6694018630824288,13,200.0,0.13553734128943298,13,200.0
2785.0,40,0,9,1891,1931,0,45.0,1.125,3.9272792379877357,9,168.0,0.15078579178070398,9,168.0
2790.0,43,1,10,1892,1935,0,32.0,0.7441860465116279,5.237691381534383,10,151.0,0.22885705337018336,10,151.0
2795.0,42,5,6,1894,1936,0,28.0,0.6666666666666666,6.936241887550478,6,132.0,0.352677854812499,6,132.0
2800.0,38,7,2,1899,1937,0,2.0,0.05263157894736842,7.410177173078341,2,118.0,0.4309887196907448,2,118.0
2805.0,38,4,8,1905,1943,0,27.0,0.7105263157894737,7.066503331130105,8,140.0,0.35499233102558275,8,140.0
2810.0,37,1,12,1910,1947,0,79.0,2.135135135135135,4.863210973631558,12,192.0,0.21659997901318181,12,192.0
2815.0,38,0,14,1913,1951,0,79.0,2.0789473684210527,3.2694510659685334,14,221.0,0.15517182923121287,14,221.0
2820.0,38,0,12,1917,1955,0,52.0,1.368421052631579,4.112842327617716,12,212.0,0.1870884919342164,12,212.0
2825.0,39,0,10,1917,1956,0,46.0,1.1794871794871795,6.260911023440131,10,178.0,0.23094131037546806,10,178.0
2830.0,36,0,4,1921,1957,0,35.0,0.9722222222222222,7.118268654372244,4,137.0,0.26028511481949246,4,137.0
2835.0,36,0,5,1926,1962,0,59.0,1.6388888888888888,9.285611435929713,5,122.0,0.5447951172388735,5,122.0
2840.0,35,0,2,1931,1966,0,2.0,0.05714285714285714,9.11986413459897,2,85.0,0.5852534727656687,2,85.0
2845.0,31,0,6,1937,1968,0,22.0,0.7096774193548387,7.2851189053002585,6,73.0,0.33196864252445385,6,73.0
2850.0,30,0,13,1941,1971,0,69.0,2.3,5.589379836860396,13,121.0,0.19167786483590027,13,121.0
2855.0,28,0,12,1946,1974,0,67.0,2.392857142857143,4.174460766078951,12,151.0,0.17549593181364107,12,151.0
2860.0,28,0,5,1948,1976,0,25.0,0.8928571428571429,6.048565477452905,5,126.0,0.2658562021595179,5,126.0
2865.0,30,0,0,1950,1980,0,0.0,0.0,8.728089721878273,0,62.0,0.4360384934377147,0,62.0
2870.0,32,0,4,1953,1985,0,6.0,0.1875,7.747737521773212,4,68.0,0.4331496267398926,4,68.0
2875.0,28,0,9,1959,1987,0,39.0,1.3928571428571428,5.156629148502427,9,101.0,0.28151376202958517,9,101.0
2880.0,31,0,15,1962,1993,0,104.0,3.3548387096774195,4.0440364537533195,15,166.0,0.25358122360370833,15,166.0
2885.0,34,0,15,1963,1997,0,107.0,3.1470588235294117,3.5769866694578005,15,205.0,0.20321301416186394,15,205.0
2890.0,37,0,13,1964,2001,0,71.0,1.9189189189189189,4.610594216498194,13,190.0,0.19483801461894565,13,190.0
2895.0,37,0,10,1965,2002,0,48.0,1.2972972972972974,6.201472617223984,10,160.0,0.21419963247153564,10,160.0
2900.0,34,0,2,1969,2003,0,3.0,0.08823529411764706,5.929839737203375,2,171.0,0.27154365889330373,2,171.0
2905.0,33,0,7,1974,2007,0,29.0,0.8787878787878788,5.3506190699586345,7,197.0,0.2435896623395984,7,197.0
2910.0,34,0,13,1977,2011,0,81.0,2.3823529411764706,4.122658546371049,13,249.0,0.21311458083214438,13,249.0
2915.0,34,0,14,1981,2015,0,80.0,2.3529411764705883,3.117867918575452,14,275.0,0.18072087937303338,14,275.0
2920.0,38,0,9,1981,2019,0,43.0,1.131578947368421,5.332922504716865,9,241.0,0.2731749245508518,9,241.0
2925.0,42,0,9,1982,2024,0,34.0,0.8095238095238095,6.447473983603325,9,182.0,0.31244367113817,9,182.0
2930.0,42,0,7,1985,2027,0,27.0,0.6428571428571429,6.587882296070082,7,151.0,0.3137161074293773,7,151.0
2935.0,38,1,2,1991,2029,0,2.0,0.05263157894736842,6.6092108868104615,2,122.0,0.379885257947945,2,122.0
2940.0,37,0,7,1995,2032,0,24.0,0.6486486486486487,6.590883261953165,7,126.0,0.32978406994169246,7,126.0
2945.0,36,0,13,2000,2036,0,76.0,2.111111111111111,5.107335804210249,13,178.0,0.22720983728694397,13,178.0
2950.0,33,0,14,2005,2038,0,77.0,2.3333333333333335,3.1248116352734234,14,197.0,0.11992556544778885,14,197.0
2955.0,34,0,10,2008,2042,0,40.0,1.1764705882352942,5.905800456560605,10,175.0,0.2982837437065686,10,175.0
2960.0,38,0,5,2009,2047,0,20.0,0.5263157894736842,8.060403279990414,5,116.0,0.41558479849306723,5,116.0
2965.0,38,0,3,2012,2050,0,11.0,0.2894736842105263,7.610298763102843,3,78.0,0.369895105464531,3,78.0
2970.0,39,0,1,2018,2057,0,1.0,0.02564102564102564,7.419572033731797,1,69.0,0.4578940550662546,1,69.0
2975.0,37,0,7,2022,2059,0,25.0,0.6756756756756757,7.188067416155611,7,83.0,0.38965371900575985,7,83.0
2980.0,34,0,13,2027,2061,0,80.0,2.3529411764705883,5.336580078878747,13,138.0,0.15711361567372759,13,138.0
2985.0,35,0,20,2031,2066,0,165.0,4.714285714285714,4.443028267341747,20,223.0,0.16217063955177302,20,223.0
2990.0,32,0,19,2036,2068,0,166.0,5.1875,2.840406483866306,19,277.0,0.12931218556518326,19,277.0
2995.0,32,0,11,2038,2070,0,96.0,3.0,4.46207356690482,11,261.0,0.218567436298761,11,261.0
3000.0,34,0,5,2038,2072,0,30.0,0.8823529411764706,6.557817885902508,5,186.0,0.28503893301356914,5,186.0
3005.0,33,0,2,2041,2074,0,13.0,0.3939393939393939,7.618730898361083,2,134.0,0.35187571766944076,2,134.0
3010.0,33,0,3,2046,2079,0,27.0,0.8181818181818182,9.292624141967094,3,89.0,0.5644124735389069,3,89.0
3015.0,34,0,1,2050,2084,0,1.0,0.029411764705882353,8.827070154680547,1,59.0,0.568458577956397,1,59.0
3020.0,34,0,6,2055,2089,0,19.0,0.5588235294117647,7.454808082700118,6,70.0,0.3709814320642128,6,70.0
3025.0,31,0,12,2061,2092,0,68.0,2.193548387096774,4.694681107625616,12,119.0,0.19151407598674222,12,119.0
3030.0,33,0,13,2064,2097,0,72.0,2.1818181818181817,4.282292428869561,13,143.0,0.20391747821882003,13,143.0
3035.0,35,0,8,2067,2102,0,33.0,0.9428571428571428,5.678446774038995,8,122.0,0.29533167970200525,8,122.0
3040.0,36,0,5,2068,2104,0,15.0,0.4166666666666667,7.601932293883629,5,96.0,0.3449128588730912,5,96.0
3045.0,35,0,2,2073,2108,0,3.0,0.08571428571428572,6.8574627129121675,2,105.0,0.3604087549265435,2,105.0
3050.0,34,0,7,2078,2112,0,26.0,0.7647058823529411,5.527190059061133,7,129.0,0.25265208961012686,7,129.0
3055.0,32,0,14,2080,2112,0,83.0,2.59375,3.6264586779912036,14,186.0,0.13118174935667512,14,186.0
3060.0,30,0,15,2084,2114,0,88.0,2.933333333333333,2.5114807735829165,15,221.0,0.11485023717620421,15,221.0
3065.0,31,0,11,2086,2117,0,55.0,1.7741935483870968,4.864868814348913,11,210.0,0.22066530743269439,11,210.0
3070.0,35,0,4,2086,2121,0,25.0,0.7142857142857143,7.19752890654107,4,147.0,0.290589898440707,4,147.0
3075.0,34,0,1,2091,2125,0,1.0,0.029411764705882353,6.2193354621796715,1,133.0,0.28540472842241343,1,133.0
3080.0,31,0,6,2095,2126,0,17.0,0.5483870967741935,5.751723569919103,6,150.0,0.286365143692564,6,150.0
3085.0,31,0,13,2100,2131,0,68.0,2.193548387096774,3.9215900392442093,13,201.0,0.2329155017323414,13,201.0
3090.0,34,0,20,2101,2135,0,150.0,4.411764705882353,2.7295543262245427,20,283.0,0.1509206043746447,20,283.0
3095.0,37,0,20,2102,2139,0,164.0,4.4324324324324325,2.2535355655989067,20,334.0,0.1300407099094485,20,334.0
3100.0,41,0,18,2102,2143,0,135.0,3.292682926829268,3.2694841390067064,18,323.0,0.11053718625194829,18,323.0
3105.0,42,2,16,2103,2145,0,107.0,2.5476190476190474,4.845007452838667,16,276.0,0.13882986300668942,16,276.0
3110.0,39,5,6,2107,2146,0,36.0,0.9230769230769231,5.254670510123213,6,306.0,0.253938576942065,6,306.0
3115.0,35,6,7,2111,2146,0,22.0,0.6285714285714286,5.131438282836392,7,325.0,0.2212844115329389,7,325.0
3120.0,37,7,12,2115,2152,0,73.0,1.972972972972973,4.095806906098344,12,376.0,0.21164049718105862,12,376.0
3125.0,37,7,15,2119,2156,0,80.0,2.1621621621621623,2.3180062713312126,15,391.0,0.14535105911614196,15,391.0
3130.0,42,6,13,2119,2161,0,59.0,1.4047619047619047,3.767783077246944,13,337.0,0.16666776098279804,13,337.0
3135.0,46,8,11,2119,2165,0,57.0,1.2391304347826086,5.599866107497174,11,288.0,0.2336652985884226,11,288.0
3140.0,44,11,7,2122,2166,0,18.0,0.4090909090909091,5.456598781556465,7,316.0,0.26488442660992756,7,316.0
3145.0,41,13,8,2128,2169,0,36.0,0.8780487804878049,6.105141929688231,8,337.0,0.3247946853593383,8,337.0
3150.0,41,12,15,2132,2173,0,95.0,2.317073170731707,4.526866374834487,15,396.0,0.22882088954360197,15,396.0
3155.0,42,10,15,2135,2177,0,92.0,2.1904761904761907,2.5359680107425677,15,405.0,0.09685154176708644,15,405.0
3160.0,41,11,15,2139,2180,0,72.0,1.7560975609756098,3.007622906603442,15,353.0,0.1072763368156459,15,353.0
3165.0,47,12,11,2139,2186,0,64.0,1.3617021276595744,5.661909358679469,11,255.0,0.23372049488381938,11,255.0
3170.0,43,15,11,2143,2186,0,80.0,1.8604651162790697,6.8137493436038685,11,226.0,0.32593567214442287,11,226.0
3175.0,39,18,6,2148,2187,0,84.0,2.1538461538461537,7.75506371622751,6,196.0,0.392535373503283,6,196.0
3180.0,39,18,4,2153,2192,0,12.0,0.3076923076923077,7.278109723742161,4,170.0,0.40457771795497594,4,170.0
3185.0,38,18,5,2158,2196,0,20.0,0.5263157894736842,6.489633604182164,5,127.0,0.31914896371439067,5,127.0
3190.0,41,16,12,2162,2203,0,68.0,1.6585365853658536,6.0497339816675515,12,169.0,0.2726514131892287,12,169.0
3195.0,40,14,13,2166,2206,0,67.0,1.675,4.581098100478951,13,191.0,0.20613396231737333,13,191.0
3200.0,39,14,10,2171,2210,0,42.0,1.0769230769230769,4.2491484964909,10,175.0,0.1721448536389338,10,175.0
3205.0,40,13,11,2173,2213,0,46.0,1.15,5.289477491720409,11,138.0,0.16677862012722564,11,138.0
3210.0,39,14,7,2177,2216,0,54.0,1.3846153846153846,6.494324384766306,7,116.0,0.26473817309180825,7,116.0
3215.0,36,17,2,2181,2217,0,2.0,0.05555555555555555,7.199332571924894,2,98.0,0.4198023181557946,2,98.0
3220.0,36,17,7,2186,2222,0,27.0,0.75,6.497101362754709,7,101.0,0.3237086909680761,7,101.0
3225.0,37,15,13,2191,2228,0,79.0,2.135135135135135,4.7797273944934044,13,153.0,0.2533094423126929,13,153.0
3230.0,36,16,12,2195,2231,0,73.0,2.0277777777777777,3.5417596389700146,12,183.0,0.21211892441121782,12,183.0
3235.0,42,11,11,2196,2238,0,40.0,0.9523809523809523,4.304872497672276,11,170.0,0.2003961143130923,11,170.0
3240.0,44,12,12,2197,2241,0,44.0,1.0,5.089722515946279,12,144.0,0.17994742729552543,12,144.0
3245.0,42,14,8,2201,2243,0,19.0,0.4523809523809524,5.715356596893933,8,177.0,0.299673484034829,8,177.0
3250.0,39,15,8,2206,2245,0,35.0,0.8974358974358975,5.754917403465034,8,204.0,0.29548819473627724,8,204.0
3255.0,40,13,14,2209,2249,0,96.0,2.4,4.60784418432124,14,265.0,0.20793261545826977,14,265.0
3260.0,42,12,14,2213,2255,0,90.0,2.142857142857143,3.3212385262854047,14,290.0,0.17338966945593165,14,290.0
3265.0,42,15,12,2216,2258,0,50.0,1.1904761904761905,3.5413596608763283,12,265.0,0.14094210679860142,12,265.0
3270.0,45,14,11,2217,2262,0,53.0,1.1777777777777778,5.4033617693768985,11,234.0,0.23303609388707783,11,234.0
3275.0,43,16,9,2220,2263,0,51.0,1.186046511627907,6.8232819203792054,9,211.0,0.346437401883415,9,211.0
3280.0,39,19,7,2224,2263,0,57.0,1.4615384615384615,7.660770257319391,7,167.0,0.393337723302116,7,167.0
3285.0,41,18,8,2229,2270,0,94.0,2.292682926829268,8.592971691646433,8,147.0,0.49036031905789806,8,147.0
3290.0,39,17,4,2235,2274,0,22.0,0.5641025641025641,7.078296172061223,4,135.0,0.39168662909670277,4,135.0
3295.0,38,13,7,2241,2279,0,32.0,0.8421052631578947,6.16638374099571,7,103.0,0.2960169288876612,7,103.0
3300.0,38,13,13,2245,2283,0,89.0,2.3421052631578947,5.439230450062716,13,142.0,0.2135692607971145,13,142.0
3305.0,40,9,13,2249,2289,0,83.0,2.075,4.129994980391965,13,173.0,0.16882203011244545,13,173.0
3310.0,39,8,10,2254,2293,0,50.0,1.2820512820512822,4.062529455555884,10,158.0,0.14560979116953696,10,158.0
3315.0,40,7,10,2256,2296,0,32.0,0.8,5.170648950201698,10,142.0,0.1902381584719486,10,142.0
3320.0,41,8,7,2259,2300,0,33.0,0.8048780487804879,7.412220388055821,7,122.0,0.3879378068578641,7,122.0
3325.0,36,11,3,2264,2300,0,33.0,0.9166666666666666,8.521609572552853,3,98.0,0.5048337524609026,3,98.0
3330.0,34,11,2,2269,2303,0,3.0,0.08823529411764706,7.181807812959946,2,73.0,0.4026238306013478,2,73.0
3335.0,32,8,7,2275,2307,0,26.0,0.8125,5.9076146103172285,7,91.0,0.24843860110683588,7,91.0
3340.0,35,7,14,2278,2313,0,80.0,2.2857142857142856,4.495956218670346,14,145.0,0.19717606588990513,14,145.0
3345.0,36,4,15,2282,2318,0,86.0,2.388888888888889,2.667528618910651,15,185.0,0.13821943310142784,15,185.0
3350.0,37,4,11,2284,2321,0,53.0,1.4324324324324325,3.343287012023795,11,183.0,0.13932234673581936,11,183.0
3355.0,43,5,9,2284,2327,0,34.0,0.7906976744186046,5.82657297856479,9,150.0,0.25710904205053553,9,150.0
3360.0,40,8,7,2287,2327,0,32.0,0.8,7.550272176957165,7,124.0,0.3595627846003002,7,124.0
3365.0,34,11,2,2293,2327,0,13.0,0.38235294117647056,8.612006679408411,2,108.0,0.4852885352246653,2,108.0
3370.0,33,8,5,2298,2331,0,31.0,0.9393939393939394,9.118805750046638,5,87.0,0.5007329947131345,5,87.0
3375.0,32,7,3,2304,2336,0,5.0,0.15625,7.551202817706671,3,79.0,0.4381207791547444,3,79.0
3380.0,32,5,7,2308,2340,0,32.0,1.0,6.532274913327759,7,88.0,0.30132075936987684,7,88.0
3385.0,32,2,14,2312,2344,0,89.0,2.78125,4.290555057871247,14,145.0,0.14753055398934137,14,145.0
3390.0,31,4,12,2316,2347,0,83.0,2.6774193548387095,3.757568183126423,12,180.0,0.17780793955579752,12,180.0
3395.0,36,1,8,2318,2354,0,32.0,0.8888888888888888,5.5459633470707645,8,152.0,0.29674129667904475,8,152.0
3400.0,38,0,2,2319,2357,0,8.0,0.21052631578947367,6.4993862180675785,2,91.0,0.2745866282073283,2,91.0
3405.0,36,0,3,2323,2359,0,4.0,0.1111111111111111,5.54203144785264,3,102.0,0.2709716559737343,3,102.0
3410.0,34,1,7,2327,2361,0,33.0,0.9705882352941176,5.052429993279635,7,131.0,0.23391303818664394,7,131.0
3415.0,35,0,14,2331,2366,0,90.0,2.5714285714285716,3.652933899121775,14,189.0,0.20395042534283553,14,189.0
3420.0,38,0,14,2333,2371,0,88.0,2.3157894736842106,2.5756923703848944,14,222.0,0.15077234833995218,14,222.0
3425.0,39,0,12,2334,2373,0,54.0,1.3846153846153846,3.757865766322243,12,183.0,0.13804244372216554,12,183.0
3430.0,43,1,15,2334,2377,0,57.0,1.3255813953488371,5.527457249237037,15,173.0,0.20440325824083364,15,173.0
3435.0,39,3,8,2338,2377,0,51.0,1.3076923076923077,6.579892665982148,8,158.0,0.28333876235355926,8,158.0
3440.0,37,7,2,2341,2378,0,2.0,0.05405405405405406,6.879765051054606,2,149.0,0.3981263963632365,2,149.0
3445.0,36,6,7,2347,2383,0,23.0,0.6388888888888888,6.325854556297661,7,159.0,0.30345705842289,7,159.0
3450.0,36,5,13,2352,2388,0,77.0,2.138888888888889,4.505403576551344,13,213.0,0.18719824345575825,13,213.0
3455.0,37,3,14,2356,2393,0,82.0,2.2162162162162162,3.246329278477114,14,245.0,0.17927681590457828,14,245.0
3460.0,41,1,13,2357,2398,0,63.0,1.5365853658536586,4.643428151009393,13,236.0,0.22945303363666214,13,236.0
3465.0,43,0,11,2358,2401,0,49.0,1.1395348837209303,5.437964257022387,11,195.0,0.21196294336995253,11,195.0
3470.0,39,1,11,2362,2401,0,46.0,1.1794871794871795,6.075931471880802,11,158.0,0.21232089920212416,11,158.0
3475.0,36,3,5,2366,2402,0,50.0,1.3888888888888888,8.405357162045297,5,147.0,0.4552952931124492,5,147.0
3480.0,35,2,0,2372,2407,0,0.0,0.0,8.313888239648952,0,112.0,0.5357541883625409,0,112.0
3485.0,36,0,5,2377,2413,0,17.0,0.4722222222222222,6.960256377137886,5,99.0,0.3645834912351369,5,99.0
3490.0,32,0,11,2382,2414,0,61.0,1.90625,4.592995185389627,11,143.0,0.19250906402464704,11,143.0
3495.0,32,0,12,2386,2418,0,56.0,1.75,3.243987591405782,12,165.0,0.18761469661407698,12,165.0
3500.0,33,0,11,2388,2421,0,49.0,1.4848484848484849,4.908923425177993,11,142.0,0.23369285781487362,11,142.0
3505.0,35,0,4,2388,2423,0,27.0,0.7714285714285715,7.2817824747413455,4,115.0,0.36824656500224995,4,115.0
3510.0,34,0,1,2391,2425,0,2.0,0.058823529411764705,6.637876036463279,1,91.0,0.34365494396095503,1,91.0
3515.0,33,0,7,2396,2429,0,27.0,0.8181818181818182,6.90882948075553,7,115.0,0.3540875055987635,7,115.0
3520.0,30,0,13,2401,2431,0,77.0,2.566666666666667,4.487742367064141,13,165.0,0.19178711116499428,13,165.0
3525.0,33,0,13,2404,2437,0,75.0,2.272727272727273,4.410074120271701,13,194.0,0.24351433413031562,13,194.0
3530.0,36,0,11,2406,2442,0,51.0,1.4166666666666667,5.6238638422649885,11,177.0,0.2982285158204027,11,177.0
3535.0,42,0,7,2407,2449,0,30.0,0.7142857142857143,6.798185024106938,7,128.0,0.32388621105878135,7,128.0
3540.0,42,0,5,2410,2452,0,40.0,0.9523809523809523,7.490487592212934,5,113.0,0.3859682939747223,5,113.0
3545.0,41,1,3,2416,2457,0,5.0,0.12195121951219512,6.426794368359286,3,92.0,0.3474736906284138,3,92.0
3550.0,42,1,8,2420,2462,0,34.0,0.8095238095238095,6.757155416139606,8,104.0,0.3498143685278256,8,104.0
3555.0,39,0,14,2425,2464,0,89.0,2.282051282051282,5.555994076401761,14,158.0,0.20752735728476507,14,158.0
3560.0,38,0,14,2429,2467,0,83.0,2.1842105263157894,3.8068126262817916,14,187.0,0.09645363503760317,14,187.0
3565.0,37,0,12,2434,2471,0,51.0,1.3783783783783783,4.627439886752217,12,179.0,0.19020827643214724,12,179.0
3570.0,37,0,8,2436,2473,0,46.0,1.2432432432432432,5.778621156427593,8,153.0,0.21552280509121696,8,153.0
3575.0,39,0,4,2439,2478,0,8.0,0.20512820512820512,5.339994950704145,4,164.0,0.2581444741173011,4,164.0
3580.0,36,3,7,2443,2479,0,24.0,0.6666666666666666,5.267886774243369,7,189.0,0.25907047749299195,7,189.0
3585.0,38,0,14,2448,2486,0,77.0,2.026315789473684,4.248447128637174,14,242.0,0.25983419699612975,14,242.0
3590.0,39,0,15,2451,2490,0,84.0,2.1538461538461537,2.852809348943756,15,273.0,0.19718287677871257,15,273.0
3595.0,42,0,13,2451,2493,0,61.0,1.4523809523809523,4.0292264549835295,13,258.0,0.2086249288165289,13,258.0
3600.0,43,0,14,2451,2494,0,65.0,1.5116279069767442,5.360577351814569,14,222.0,0.20034851666367065,14,222.0
3605.0,40,0,8,2455,2495,0,67.0,1.675,6.586036239146649,8,188.0,0.2597096484078158,8,188.0
3610.0,37,0,3,2460,2497,0,16.0,0.43243243243243246,6.3523294348313515,3,185.0,0.3224088212733296,3,185.0
3615.0,39,0,7,2464,2503,0,21.0,0.5384615384615384,7.011898589250164,7,164.0,0.382710611531471,7,164.0
3620.0,38,0,13,2469,2507,0,75.0,1.9736842105263157,5.471894768195595,13,201.0,0.2408821225295058,13,201.0
3625.0,38,0,14,2474,2512,0,80.0,2.1052631578947367,3.8615263265196766,14,224.0,0.21544749150316084,14,224.0
3630.0,40,0,12,2477,2517,0,51.0,1.275,5.033058454898031,12,206.0,0.2794274718221685,12,206.0
3635.0,43,0,8,2478,2521,0,43.0,1.0,6.505421896189243,8,158.0,0.32292652615794004,8,158.0
3640.0,40,0,5,2482,2522,0,42.0,1.05,6.5333379423268685,5,130.0,0.30795675515951215,5,130.0
3645.0,40,0,4,2486,2526,0,9.0,0.225,6.3366486894682374,4,117.0,0.3476653776413617,4,117.0
3650.0,39,0,6,2491,2530,0,24.0,0.6153846153846154,6.839777770676004,6,112.0,0.3376477394629062,6,112.0
3655.0,38,0,13,2496,2534,0,77.0,2.026315789473684,5.409016644462049,13,156.0,0.2068518481830156,13,156.0
3660.0,36,0,13,2500,2536,0,75.0,2.0833333333333335,3.9588012547624936,13,186.0,0.15419152505526004,13,186.0
3665.0,34,0,10,2504,2538,0,43.0,1.2647058823529411,5.014536377503007,10,168.0,0.19464915829710513,10,168.0
3670.0,35,0,6,2507,2542,0,30.0,0.8571428571428571,7.25367251896367,6,123.0,0.34201071544841394,6,123.0
3675.0,37,0,3,2509,2546,0,26.0,0.7027027027027027,8.06826649512936,3,99.0,0.4602477403266481,3,99.0
3680.0,34,0,1,2514,2548,0,2.0,0.058823529411764705,7.355793262179299,1,72.0,0.4292813532799869,1,72.0
3685.0,35,0,6,2519,2554,0,23.0,0.6571428571428571,6.694719095639712,6,89.0,0.37942478119686585,6,89.0
3690.0,35,0,13,2523,2558,0,78.0,2.2285714285714286,5.738192976020094,13,144.0,0.28278790576216345,13,144.0
3695.0,35,0,14,2528,2563,0,80.0,2.2857142857142856,3.885510606900413,14,176.0,0.22470925223888275,14,176.0
3700.0,38,0,12,2530,2568,0,49.0,1.2894736842105263,4.374531904265565,12,166.0,0.22323288590530993,12,166.0
3705.0,40,0,10,2530,2570,0,49.0,1.225,5.979935604677309,10,136.0,0.23567205764159357,10,136.0
3710.0,40,0,7,2533,2573,0,60.0,1.5,6.74394489676568,7,133.0,0.310345241318295,7,133.0
3715.0,37,2,2,2538,2575,0,4.0,0.10810810810810811,6.3976204378920585,2,116.0,0.33313097006333825,2,116.0
3720.0,37,1,6,2543,2580,0,22.0,0.5945945945945946,6.275398209107752,6,93.0,0.29743247923556965,6,93.0
3725.0,38,0,12,2547,2585,0,69.0,1.8157894736842106,4.9828097115329495,12,137.0,0.21994468438264958,12,137.0
3730.0,38,0,14,2551,2589,0,71.0,1.868421052631579,3.4400149883310642,14,170.0,0.15835159872937626,14,170.0
3735.0,40,0,13,2555,2595,0,49.0,1.225,4.844954925799653,13,164.0,0.2639101224632008,13,164.0
3740.0,43,0,9,2555,2598,0,42.0,0.9767441860465116,6.039469909809491,9,144.0,0.2522325358680534,9,144.0
3745.0,44,0,7,2559,2603,0,39.0,0.8863636363636364,6.831569058440337,7,143.0,0.34424383332310066,7,143.0
3750.0,41,1,3,2564,2605,0,8.0,0.1951219512195122,6.270242099429832,3,142.0,0.3595278347816388,3,142.0
3755.0,42,1,6,2567,2609,0,25.0,0.5952380952380952,5.855827681598662,6,138.0,0.2603520106110314,6,138.0
3760.0,41,0,13,2572,2613,0,80.0,1.951219512195122,5.230899414792645,13,188.0,0.1505965173121927,13,188.0
3765.0,38,0,13,2577,2615,0,82.0,2.1578947368421053,3.5720621777082178,13,222.0,0.09730982842192273,13,222.0
3770.0,36,0,12,2582,2618,0,53.0,1.4722222222222223,3.9786479227175775,12,208.0,0.1325278562198976,12,208.0
3775.0,37,0,9,2584,2621,0,39.0,1.054054054054054,6.058962489276265,9,181.0,0.26705236963606643,9,181.0
3780.0,36,0,3,2586,2622,0,12.0,0.3333333333333333,7.943716790746596,3,133.0,0.4051494622491667,3,133.0
3785.0,32,0,1,2592,2624,0,3.0,0.09375,9.313501433113288,1,80.0,0.5541868192458003,1,80.0
3790.0,31,0,2,2596,2627,0,4.0,0.12903225806451613,8.247857705857454,2,81.0,0.4886588663814572,2,81.0
3795.0,26,0,8,2602,2628,0,31.0,1.1923076923076923,5.369915922576673,8,108.0,0.18082421027916987,8,108.0
3800.0,25,0,14,2606,2631,0,89.0,3.56,3.780045943708559,14,166.0,0.18240653912327412,14,166.0
3805.0,26,0,19,2608,2634,0,177.0,6.8076923076923075,2.9938065241148126,19,254.0,0.19413213293881573,19,254.0
3810.0,30,0,14,2609,2639,0,157.0,5.233333333333333,4.308548796706254,14,290.0,0.29076364677648003,14,290.0
3815.0,33,0,7,2609,2642,0,57.0,1.7272727272727273,6.333896445598147,7,246.0,0.36158111359090167,7,246.0
3820.0,32,0,2,2610,2642,0,10.0,0.3125,7.06913226874544,2,134.0,0.307621077980156,2,134.0
3825.0,32,0,5,2613,2645,0,31.0,0.96875,9.04794382241477,5,82.0,0.5032766418379153,5,82.0
3830.0,32,0,1,2618,2650,0,1.0,0.03125,8.516578176474283,1,61.0,0.4929233513876657,1,61.0
3835.0,28,0,7,2624,2652,0,19.0,0.6785714285714286,7.499708059762382,7,57.0,0.3484866497205221,7,57.0
3840.0,26,0,12,2628,2654,0,68.0,2.6153846153846154,5.9019635944069355,12,106.0,0.21804585491267978,12,106.0
3845.0,25,0,9,2631,2656,0,58.0,2.32,5.788022598774594,9,116.0,0.2770781233382336,9,116.0
3850.0,25,0,2,2636,2661,0,5.0,0.2,7.847770815968773,2,79.0,0.4635918259432348,2,79.0
3855.0,29,0,3,2636,2665,0,17.0,0.5862068965517241,9.657286423281787,3,35.0,0.5784727240598264,3,35.0
3860.0,30,0,4,2639,2669,0,33.0,1.1,9.71309253081286,4,33.0,0.5628799977922322,4,33.0
3865.0,28,0,2,2645,2673,0,3.0,0.10714285714285714,8.425216929696296,2,21.0,0.5176889384602846,2,21.0
3870.0,28,0,6,2649,2677,0,27.0,0.9642857142857143,8.323404296477209,6,27.0,0.4366004436598395,6,27.0
3875.0,24,0,9,2654,2678,0,69.0,2.875,6.873722664791273,9,69.0,0.2686158881979997,9,69.0
3880.0,19,0,7,2660,2679,0,41.0,2.1578947368421053,4.365605027565716,7,89.0,0.236806000413258,7,89.0
3885.0,21,0,0,2661,2682,0,0.0,0.0,8.388313446424458,0,53.0,0.4584844928709913,0,53.0
3890.0,24,0,1,2662,2686,0,5.0,0.20833333333333334,11.210117917192717,1,12.0,0.6902042629379427,1,12.0
3895.0,24,0,2,2666,2690,0,2.0,0.08333333333333333,9.189185957244444,2,9.0,0.5506181823413923,2,9.0
3900.0,22,0,8,2671,2693,0,29.0,1.3181818181818181,6.213993014089568,8,36.0,0.359313089777762,8,36.0
3905.0,23,0,12,2674,2697,0,80.0,3.4782608695652173,5.709774638588521,12,87.0,0.3360901943664293,12,87.0
3910.0,24,0,14,2675,2699,0,146.0,6.083333333333333,5.722459250717708,14,153.0,0.2842280834014672,14,153.0
3915.0,25,0,10,2677,2702,0,103.0,4.12,4.277767772597537,10,172.0,0.2176149809185616,10,172.0
3920.0,25,0,3,2679,2704,0,15.0,0.6,5.616807689383946,3,136.0,0.2877541145090486,3,136.0
3925.0,29,0,3,2679,2708,0,25.0,0.8620689655172413,9.006873405761326,3,62.0,0.503000412617176,3,62.0
3930.0,31,0,1,2682,2713,0,1.0,0.03225806451612903,8.692596977605099,1,45.0,0.5648599615642027,1,45.0
3935.0,29,0,7,2687,2716,0,23.0,0.7931034482758621,8.816897305252507,7,60.0,0.507179829608587,7,60.0
3940.0,30,0,10,2691,2721,0,68.0,2.2666666666666666,7.02287242847803,10,105.0,0.35479040791594746,10,105.0
3945.0,30,0,15,2695,2725,0,132.0,4.4,5.07511021439359,15,169.0,0.25862359112794736,15,169.0
3950.0,32,0,12,2699,2731,0,107.0,3.34375,4.396326997199239,12,187.0,0.2730902950517517,12,187.0
3955.0,32,0,9,2701,2733,0,37.0,1.15625,4.894945105777195,9,158.0,0.24677486922615646,9,158.0
3960.0,35,0,5,2701,2736,0,18.0,0.5142857142857142,6.677198389623906,5,119.0,0.2951423382245181,5,119.0
3965.0,38,0,5,2704,2742,0,38.0,1.0,8.742691334597039,5,93.0,0.519645754227338,5,93.0
3970.0,37,0,1,2709,2746,0,1.0,0.02702702702702703,8.47853202115531,1,62.0,0.5477842610275856,1,62.0
3975.0,33,0,7,2714,2747,0,20.0,0.6060606060606061,6.9264399784989195,7,57.0,0.34457810164780994,7,57.0
3980.0,32,0,13,2719,2751,0,74.0,2.3125,6.23161088711541,13,111.0,0.27049582935510386,13,111.0
3985.0,32,0,10,2723,2755,0,72.0,2.25,6.296893849813555,10,140.0,0.3343629232849816,10,140.0
3990.0,34,0,3,2727,2761,0,9.0,0.2647058823529412,8.029509244648462,3,94.0,0.508824165020409,3,94.0
3995.0,34,0,3,2730,2764,0,11.0,0.3235294117647059,8.131077814358468,3,53.0,0.47234126986649644,3,53.0
4000.0,35,0,3,2732,2767,0,4.0,0.11428571428571428,6.8654431422940725,3,55.0,0.3934490975814329,3,55.0
4005.0,34,0,8,2737,2771,0,31.0,0.9117647058823529,7.126865364007889,8,74.0,0.3483097302721363,8,74.0
4010.0,34,0,13,2742,2776,0,84.0,2.4705882352941178,6.604056930203912,13,126.0,0.3002064586661707,13,126.0
4015.0,32,0,17,2746,2778,0,165.0,5.15625,4.852252760932002,17,207.0,0.16924382685603803,17,207.0
4020.0,29,0,15,2752,2781,0,145.0,5.0,3.399819767756696,15,240.0,0.18075401054056606,15,240.0
4025.0,32,0,8,2752,2784,0,58.0,1.8125,5.0570138313440784,8,203.0,0.2044474488901659,8,203.0
4030.0,32,0,5,2754,2786,0,25.0,0.78125,7.062614451671237,5,147.0,0.27369157810158173,5,147.0
4035.0,33,0,2,2757,2790,0,25.0,0.7575757575757576,8.777025011784763,2,109.0,0.4827746638161914,2,109.0
4040.0,33,0,1,2763,2796,0,1.0,0.030303030303030304,8.440466389032716,1,61.0,0.5266783954915489,1,61.0
4045.0,32,0,5,2768,2800,0,21.0,0.65625,6.656914245813825,5,81.0,0.41386412301266334,5,81.0
4050.0,34,0,13,2771,2805,0,68.0,2.0,5.144089124314893,13,128.0,0.3097445983292201,13,128.0
4055.0,33,0,13,2774,2807,0,67.0,2.0303030303030303,3.038518854031904,13,150.0,0.1821634595278461,13,150.0
4060.0,35,0,13,2775,2810,0,48.0,1.3714285714285714,4.334151937039673,13,146.0,0.1985917074362526,13,146.0
4065.0,38,0,8,2775,2813,0,50.0,1.3157894736842106,6.617185446167946,8,128.0,0.29314335553247095,8,128.0
4070.0,36,0,5,2779,2815,0,11.0,0.3055555555555556,5.9388854089076375,5,134.0,0.28112265584437934,5,134.0
4075.0,34,0,7,2784,2818,0,35.0,1.0294117647058822,6.204053350748476,7,124.0,0.29432640737894555,7,124.0
4080.0,35,0,15,2787,2822,0,91.0,2.6,4.7897464141336945,15,177.0,0.20335344764373697,15,177.0
4085.0,36,0,13,2790,2826,0,83.0,2.3055555555555554,4.840671099291234,13,204.0,0.22021471131870224,13,204.0
4090.0,35,0,8,2795,2830,0,43.0,1.2285714285714286,5.547116447509334,8,180.0,0.29175437169946816,8,180.0
4095.0,38,0,7,2796,2834,0,24.0,0.631578947368421,6.729413843911176,7,143.0,0.33424701760677145,7,143.0
4100.0,41,0,2,2799,2840,0,3.0,0.07317073170731707,5.977781595059099,2,132.0,0.3071860027287322,2,132.0
4105.0,37,0,6,2805,2842,0,26.0,0.7027027027027027,5.44827525835416,6,155.0,0.24635821734691252,6,155.0
4110.0,37,1,13,2808,2845,0,77.0,2.081081081081081,4.4102481108573,13,206.0,0.18139594086885505,13,206.0
4115.0,40,0,13,2812,2852,0,72.0,1.8,3.534808947811359,13,224.0,0.1842864108879179,13,224.0
4120.0,39,0,11,2815,2854,0,43.0,1.1025641025641026,3.8111287450101567,11,199.0,0.16095732623802422,11,199.0
4125.0,42,0,11,2815,2857,0,46.0,1.0952380952380953,5.662658518743827,11,155.0,0.2073221868065864,11,155.0
4130.0,41,0,7,2819,2860,0,46.0,1.1219512195121952,7.341807511924531,7,143.0,0.37070438104895037,7,143.0
4135.0,37,3,0,2824,2861,0,0.0,0.0,6.8778361933011,0,116.0,0.39155941357498936,0,116.0
4140.0,37,2,8,2829,2866,0,22.0,0.5945945945945946,6.681839471565131,8,121.0,0.3256677546671628,8,121.0
4145.0,39,1,13,2832,2871,0,74.0,1.8974358974358974,5.27738434468463,13,175.0,0.2084677576452793,13,175.0
4150.0,38,0,19,2838,2876,0,157.0,4.131578947368421,2.583854801095044,19,258.0,0.13268849076408748,19,258.0
4155.0,39,1,21,2841,2880,0,165.0,4.230769230769231,1.2372173102474626,21,315.0,0.06927813402308126,21,315.0
4160.0,41,2,20,2841,2882,0,123.0,3.0,2.9791529838202546,20,304.0,0.08849909749158273,20,304.0
4165.0,41,3,15,2841,2882,0,102.0,2.4878048780487805,4.97652454913315,15,284.0,0.1445150188262921,15,284.0
4170.0,38,4,7,2845,2883,0,65.0,1.7105263157894737,6.524234652813414,7,250.0,0.28378129700001015,7,250.0
4175.0,35,8,3,2849,2884,0,51.0,1.457142857142857,8.614016155660133,3,208.0,0.5158512704571234,3,208.0
4180.0,36,5,4,2853,2889,0,67.0,1.8611111111111112,9.031299694850931,4,162.0,0.5567617558192351,4,162.0
4185.0,33,3,1,2859,2892,0,1.0,0.030303030303030304,7.824978133367474,1,117.0,0.44678130874365635,1,117.0
4190.0,32,2,6,2865,2897,0,23.0,0.71875,6.595421733834387,6,118.0,0.29881276457116407,6,118.0
4195.0,34,2,12,2869,2903,0,71.0,2.088235294117647,4.931717557918269,12,167.0,0.25888470476241715,12,167.0
4200.0,37,0,12,2872,2909,0,66.0,1.7837837837837838,3.2601230279907174,12,188.0,0.1717959721596005,12,188.0
4205.0,37,0,10,2875,2912,0,43.0,1.162162162162162,3.6947581608007876,10,158.0,0.16452040872577478,10,158.0
4210.0,41,0,10,2875,2916,0,35.0,0.8536585365853658,5.185283697633029,10,124.0,0.18974285829026538,10,124.0
4215.0,39,3,7,2879,2918,0,36.0,0.9230769230769231,6.853598230125306,7,115.0,0.31066505512104,7,115.0
4220.0,35,6,0,2883,2918,0,0.0,0.0,7.323668793698302,0,93.0,0.4074907866631118,0,93.0
4225.0,34,5,7,2888,2922,0,19.0,0.5588235294117647,6.560901962750736,7,104.0,0.3287132916534261,7,104.0
4230.0,34,2,13,2893,2927,0,68.0,2.0,4.220509160918245,13,153.0,0.19733430952133588,13,153.0
4235.0,36,0,13,2897,2933,0,68.0,1.8888888888888888,2.9046434088179804,13,183.0,0.19096311751304773,13,183.0
4240.0,39,1,10,2898,2937,0,38.0,0.9743589743589743,3.6416537410643253,10,171.0,0.15602459174222508,10,171.0
4245.0,40,3,8,2898,2938,0,29.0,0.725,5.418650641069112,8,145.0,0.20745069854446727,8,145.0
4250.0,40,5,7,2901,2941,0,29.0,0.725,6.890976569587101,7,137.0,0.3498272500320582,7,137.0
4255.0,36,6,2,2906,2942,0,3.0,0.08333333333333333,7.203494082304264,2,120.0,0.4329141742066603,2,120.0
4260.0,36,3,8,2910,2946,0,32.0,0.8888888888888888,5.998499192688605,8,149.0,0.28583040921283465,8,149.0
4265.0,35,1,15,2915,2950,0,90.0,2.5714285714285716,3.771187325940081,15,207.0,0.14864053278300507,15,207.0
4270.0,37,0,14,2918,2955,0,92.0,2.4864864864864864,2.8681019273713804,14,240.0,0.1254425877219421,14,240.0
4275.0,38,0,12,2921,2959,0,66.0,1.736842105263158,3.7819848925543296,12,229.0,0.16932740588672035,12,229.0
4280.0,41,1,9,2921,2962,0,43.0,1.048780487804878,5.754292144311234,9,188.0,0.2315538284638086,9,188.0
4285.0,38,4,5,2925,2963,0,15.0,0.39473684210526316,7.264687521177891,5,163.0,0.39033868932922827,5,163.0
4290.0,36,7,2,2930,2966,0,11.0,0.3055555555555556,8.680313873659392,2,106.0,0.5565991643963403,2,106.0
4295.0,37,3,1,2933,2970,0,3.0,0.08108108108108109,8.017369829275141,1,92.0,0.5103742491438136,1,92.0
4300.0,37,2,9,2938,2975,0,30.0,0.8108108108108109,6.520315535799309,9,117.0,0.30593171496486427,9,117.0
4305.0,38,1,13,2943,2981,0,85.0,2.236842105263158,4.97146896139541,13,172.0,0.22413802017926981,13,172.0
4310.0,40,1,20,2947,2987,0,169.0,4.225,3.704133680836356,20,256.0,0.21482197545287254,20,256.0
4315.0,39,0,20,2950,2989,0,170.0,4.358974358974359,2.2277917899098716,20,308.0,0.12887759130972098,20,308.0
4320.0,43,0,19,2951,2994,0,124.0,2.883720930232558,3.5017383583841597,19,268.0,0.1373446792358077,19,268.0
4325.0,46,0,18,2951,2997,0,120.0,2.608695652173913,5.035144887416721,18,280.0,0.19374124298567014,18,280.0
4330.0,44,2,10,2954,2998,0,87.0,1.9772727272727273,6.745585981345216,10,259.0,0.30668762930095766,10,259.0
4335.0,39,4,3,2960,2999,0,7.0,0.1794871794871795,6.677523131277929,3,255.0,0.35803740001122797,3,255.0
4340.0,39,3,7,2965,3004,0,28.0,0.717948717948718,6.323195320472059,7,233.0,0.3183486308121707,7,233.0
4345.0,41,0,12,2969,3010,0,80.0,1.951219512195122,5.422671521802233,12,280.0,0.21315200947078417,12,280.0
4350.0,38,0,13,2974,3012,0,75.0,1.9736842105263157,3.5927721183032695,13,301.0,0.11823508612416221,13,301.0
4355.0,39,0,12,2978,3017,0,47.0,1.205128205128205,4.514224869664747,12,266.0,0.19316420006718163,12,266.0
4360.0,39,0,9,2980,3019,0,39.0,1.0,6.2249204452986255,9,191.0,0.26680361127204977,9,191.0
4365.0,38,0,5,2984,3022,0,25.0,0.6578947368421053,7.297244727646317,5,160.0,0.3825037005334914,5,160.0
4370.0,35,2,2,2989,3024,0,3.0,0.08571428571428572,7.486071788842286,2,123.0,0.4305693845376066,2,123.0
4375.0,37,1,6,2993,3030,0,24.0,0.6486486486486487,6.84272879958846,6,144.0,0.34819660490163323,6,144.0
4380.0,35,0,12,2998,3033,0,73.0,2.085714285714286,4.646184826891017,12,193.0,0.2383659133749855,12,193.0
4385.0,37,0,12,3001,3038,0,67.0,1.8108108108108107,3.959038823979737,12,206.0,0.21811594863404196,12,206.0
4390.0,39,0,13,3003,3042,0,38.0,0.9743589743589743,4.74848136519173,13,188.0,0.2368225537302464,13,188.0
4395.0,41,0,9,3004,3045,0,41.0,1.0,5.8153732836102945,9,145.0,0.22693153028504084,9,145.0
4400.0,42,0,5,3007,3049,0,9.0,0.21428571428571427,5.487569086932619,5,161.0,0.2524895119001807,5,161.0
4405.0,39,1,7,3012,3051,0,28.0,0.717948717948718,5.889855859371942,7,185.0,0.2656611834504444,7,185.0
4410.0,42,0,13,3016,3058,0,81.0,1.9285714285714286,5.119347695833407,13,238.0,0.2511439526593629,13,238.0
4415.0,43,0,14,3020,3063,0,81.0,1.8837209302325582,4.4513557231976595,14,260.0,0.2291824351014604,14,260.0
4420.0,46,0,13,3023,3069,0,54.0,1.173913043478261,4.781884918761258,13,218.0,0.24017164470416616,13,218.0
4425.0,50,0,15,3024,3074,0,61.0,1.22,5.730013726992268,15,223.0,0.28619287234481944,15,223.0
4430.0,48,1,10,3028,3076,0,66.0,1.375,6.327868214779344,10,203.0,0.31592245629904325,10,203.0
4435.0,47,3,10,3031,3078,0,89.0,1.8936170212765957,7.006081568641472,10,191.0,0.35714578616847487,10,191.0
4440.0,46,1,11,3037,3083,0,48.0,1.0434782608695652,6.092124417635994,11,199.0,0.3090164135777063,11,199.0
4445.0,46,0,6,3042,3088,0,30.0,0.6521739130434783,5.716425934773746,6,182.0,0.2864919076588602,6,182.0
4450.0,43,0,14,3047,3090,0,87.0,2.0232558139534884,5.586275612670612,14,194.0,0.22208055829846332,14,194.0
4455.0,42,0,16,3051,3093,0,89.0,2.119047619047619,3.8399153193653848,16,225.0,0.13510338152588208,16,225.0
4460.0,42,0,15,3056,3098,0,72.0,1.7142857142857142,4.410716565945263,15,233.0,0.19261394858702927,15,233.0
4465.0,43,0,11,3059,3102,0,73.0,1.697674418604651,5.916316119046082,11,200.0,0.23189566348157603,11,200.0
4470.0,41,0,8,3063,3104,0,95.0,2.317073170731707,7.091231259313454,8,185.0,0.3357998581928125,8,185.0
4475.0,39,0,8,3068,3107,0,130.0,3.3333333333333335,7.676913423038475,8,188.0,0.403314297307474,8,188.0
4480.0,37,0,5,3073,3110,0,27.0,0.7297297297297297,6.8525419704867,5,158.0,0.3949693599305265,5,158.0
4485.0,35,0,6,3078,3113,0,23.0,0.6571428571428571,6.240884281943505,6,80.0,0.3066560026955238,6,80.0
4490.0,35,0,12,3082,3117,0,72.0,2.057142857142857,4.962729441488435,12,109.0,0.1670445107232891,12,109.0
4495.0,36,0,13,3085,3121,0,72.0,2.0,4.177465760246669,13,143.0,0.14491133373905965,13,143.0
4500.0,32,0,10,3091,3123,0,45.0,1.40625,4.740694466991831,10,139.0,0.21272083929180108,10,139.0
4505.0,33,0,5,3092,3125,0,23.0,0.696969696969697,6.536586751201399,5,112.0,0.27139023010948393,5,112.0
4510.0,33,0,2,3094,3127,0,2.0,0.06060606060606061,6.619327565038671,2,118.0,0.32973446902116954,2,118.0
4515.0,32,0,7,3099,3131,0,26.0,0.8125,6.291536869348425,7,142.0,0.34919921269513327,7,142.0
4520.0,31,0,15,3104,3135,0,86.0,2.774193548387097,4.436199110608873,15,202.0,0.25860973327901166,15,202.0
4525.0,32,0,13,3106,3138,0,88.0,2.75,3.985764004491852,13,235.0,0.24405639702896337,13,235.0
4530.0,34,0,8,3107,3141,0,37.0,1.088235294117647,5.385678210911354,8,191.0,0.2669601653278945,8,191.0
4535.0,38,0,6,3108,3146,0,17.0,0.4473684210526316,6.577174714141487,6,135.0,0.32440961324937023,6,135.0
4540.0,40,0,5,3111,3151,0,33.0,0.825,7.68761807184398,5,80.0,0.4195986799168112,5,80.0
4545.0,38,0,5,3116,3154,0,58.0,1.5263157894736843,8.376991762174129,5,79.0,0.5139613253405685,5,79.0
4550.0,35,0,1,3121,3156,0,1.0,0.02857142857142857,7.537934056985871,1,52.0,0.4490456197341599,1,52.0
4555.0,31,0,7,3127,3158,0,23.0,0.7419354838709677,6.4584503936002635,7,32.0,0.29620783948285984,7,32.0
4560.0,28,0,13,3132,3160,0,73.0,2.607142857142857,4.689904895596624,13,82.0,0.1640022031956479,13,82.0
4565.0,30,0,17,3134,3164,0,151.0,5.033333333333333,4.506504548957554,17,160.0,0.21990640177353324,17,160.0
4570.0,29,0,15,3138,3167,0,135.0,4.655172413793103,3.3361582549018975,15,202.0,0.1783923923283238,15,202.0
4575.0,31,0,10,3140,3171,0,55.0,1.7741935483870968,5.458390454307486,10,192.0,0.2904567901075065,10,192.0
4580.0,34,0,3,3140,3174,0,22.0,0.6470588235294118,7.184611133180269,3,138.0,0.34978724121772176,3,138.0
4585.0,33,0,4,3144,3177,0,34.0,1.0303030303030303,7.6194690416730575,4,104.0,0.4287900481511298,4,104.0
4590.0,33,0,2,3146,3179,0,2.0,0.06060606060606061,7.705556603310006,2,63.0,0.4597077064971809,2,63.0
4595.0,32,0,7,3150,3182,0,26.0,0.8125,6.777254530042718,7,74.0,0.26571070051695694,7,74.0
4600.0,29,0,13,3155,3184,0,77.0,2.6551724137931036,5.367307661170463,13,125.0,0.16735591795657698,13,125.0
4605.0,23,0,18,3162,3185,0,160.0,6.956521739130435,2.4076714618563875,18,208.0,0.10980519353790566,18,208.0
4610.0,26,0,13,3164,3190,0,137.0,5.269230769230769,3.1487348570936313,13,233.0,0.21821234250700283,13,233.0
4615.0,31,0,6,3164,3195,0,43.0,1.3870967741935485,5.882076299883123,6,188.0,0.32361285209769153,6,188.0
4620.0,34,0,2,3164,3198,0,12.0,0.35294117647058826,7.288208087917302,2,110.0,0.30126644536317776,2,110.0
4625.0,31,0,3,3168,3199,0,3.0,0.0967741935483871,7.0552966767733105,3,103.0,0.37460405698113625,3,103.0
4630.0,29,0,7,3174,3203,0,26.0,0.896551724137931,6.06424339322893,7,127.0,0.3154956285895238,7,127.0
4635.0,32,0,13,3176,3208,0,80.0,2.5,4.292086042011718,13,181.0,0.22162260951328522,13,181.0
4640.0,32,0,13,3179,3211,0,78.0,2.4375,2.3041385471293045,13,199.0,0.12781680379046526,13,199.0
4645.0,36,0,12,3180,3216,0,47.0,1.3055555555555556,4.5292696774355425,12,162.0,0.2193051718818915,12,162.0
4650.0,40,0,10,3180,3220,0,49.0,1.225,6.760541451162564,10,135.0,0.2951038223851023,10,135.0
4655.0,42,0,6,3184,3226,0,26.0,0.6190476190476191,7.052024381145951,6,126.0,0.3497483345027877,6,126.0
4660.0,40,2,5,3188,3228,0,40.0,1.0,8.387573754514879,5,111.0,0.4743870815730378,5,111.0
4665.0,40,1,2,3194,3234,0,4.0,0.1,7.469413645513353,2,93.0,0.4676774135203463,2,93.0
4670.0,39,0,7,3199,3238,0,25.0,0.6410256410256411,6.938495344316337,7,93.0,0.3856249313911096,7,93.0
4675.0,39,0,13,3203,3242,0,75.0,1.9230769230769231,6.0937065409667905,13,140.0,0.2936200322424575,13,140.0
4680.0,38,0,14,3207,3245,0,76.0,2.0,4.599294087150347,14,172.0,0.21218790850246663,14,172.0
4685.0,38,0,11,3211,3249,0,47.0,1.236842105263158,5.881405963046407,11,161.0,0.30075465725909745,11,161.0
4690.0,40,0,7,3214,3254,0,30.0,0.75,6.576406228143678,7,115.0,0.2781439759973307,7,115.0
4695.0,40,0,1,3218,3258,0,1.0,0.025,5.833174521066516,1,111.0,0.29082936346173693,1,111.0
4700.0,40,0,8,3222,3262,0,25.0,0.625,6.099124895273421,8,120.0,0.3045396291696927,8,120.0
4705.0,43,0,13,3226,3269,0,79.0,1.8372093023255813,4.907750155555032,13,174.0,0.21641353379217634,13,174.0
4710.0,43,0,20,3229,3272,0,162.0,3.7674418604651163,3.8351336020657336,20,257.0,0.1606037218093367,20,257.0
4715.0,41,1,22,3235,3276,0,172.0,4.195121951219512,2.009582064248466,22,314.0,0.076374018012559,22,314.0
4720.0,43,2,21,3236,3279,0,135.0,3.13953488372093,3.331763561067849,21,304.0,0.09648254239042171,21,304.0
4725.0,42,5,17,3237,3279,0,127.0,3.0238095238095237,5.324670434021447,17,290.0,0.16382074584693576,17,290.0
4730.0,40,8,9,3241,3281,0,93.0,2.325,7.111607661110116,9,261.0,0.32139989944646535,9,261.0
4735.0,35,11,4,3246,3281,0,52.0,1.4857142857142858,8.397885842860026,4,235.0,0.4466948692975311,4,235.0
4740.0,34,10,2,3251,3285,0,4.0,0.11764705882352941,7.086172342460408,2,208.0,0.3872369371706226,2,208.0
4745.0,35,9,8,3257,3292,0,33.0,0.9428571428571428,6.001908838042496,8,216.0,0.33958705428025787,8,216.0
4750.0,39,5,14,3259,3298,0,88.0,2.2564102564102564,4.185576765774138,14,271.0,0.21654867249157564,14,271.0
4755.0,38,4,14,3263,3301,0,85.0,2.236842105263158,2.29601125513704,14,293.0,0.12428264300765415,14,293.0
4760.0,40,3,15,3265,3305,0,64.0,1.6,3.102703610835624,15,263.0,0.10442944875178366,15,263.0
4765.0,43,4,11,3265,3308,0,57.0,1.3255813953488371,5.302021711593767,11,197.0,0.1769785544880573,11,197.0
4770.0,42,8,9,3268,3310,0,60.0,1.4285714285714286,6.9101116324331375,9,167.0,0.3522531481599904,9,167.0
4775.0,39,11,2,3273,3312,0,3.0,0.07692307692307693,7.764393731136035,2,140.0,0.45527250331889213,2,140.0
4780.0,40,10,7,3279,3319,0,26.0,0.65,6.629675266721877,7,145.0,0.3733505390065665,7,145.0
4785.0,44,9,13,3283,3327,0,81.0,1.8409090909090908,5.4049494127530195,13,200.0,0.2937153272880628,13,200.0
4790.0,45,9,14,3286,3331,0,82.0,1.8222222222222222,4.815238952258787,14,231.0,0.26676841018042746,14,231.0
4795.0,45,7,13,3291,3336,0,51.0,1.1333333333333333,3.173170830516113,13,220.0,0.1218082725424527,13,220.0
4800.0,47,6,19,3292,3339,0,69.0,1.4680851063829787,4.361905358137008,19,202.0,0.13331656280347376,19,202.0
4805.0,45,9,9,3294,3339,0,30.0,0.6666666666666666,4.820927450769741,9,246.0,0.20343516559298347,9,246.0
4810.0,40,13,8,3300,3340,0,30.0,0.75,5.508868710837655,8,251.0,0.2432016713864719,8,251.0
4815.0,41,12,15,3304,3345,0,90.0,2.1951219512195124,4.80151723225767,15,298.0,0.19645149148388039,15,298.0
4820.0,42,11,16,3308,3350,0,99.0,2.357142857142857,3.210661201217092,16,329.0,0.12680968287373462,16,329.0
4825.0,42,11,13,3313,3355,0,68.0,1.619047619047619,4.201643544609826,13,296.0,0.2035128481470673,13,296.0
4830.0,44,11,13,3313,3357,0,59.0,1.3409090909090908,5.642407903483943,13,244.0,0.20961543697373056,13,244.0
4835.0,42,15,10,3317,3359,0,52.0,1.2380952380952381,6.440179373626743,10,235.0,0.29408842724731366,10,235.0
4840.0,37,18,1,3322,3359,0,2.0,0.05405405405405406,6.639292488964751,1,201.0,0.36743648311466753,1,201.0
4845.0,38,18,7,3326,3364,0,25.0,0.6578947368421053,6.492870941661195,7,205.0,0.3163575776704778,7,205.0
4850.0,36,17,12,3331,3367,0,74.0,2.0555555555555554,4.711255352247965,12,255.0,0.16719052575286303,12,255.0
4855.0,35,16,11,3337,3372,0,66.0,1.8857142857142857,3.18722048007127,11,263.0,0.1741497422433608,11,263.0
4860.0,38,14,9,3338,3376,0,30.0,0.7894736842105263,4.030786590255197,9,212.0,0.16895024352656657,9,212.0
4865.0,41,12,9,3339,3380,0,26.0,0.6341463414634146,5.720614031795181,9,147.0,0.19100942711453686,9,147.0
4870.0,37,14,7,3343,3380,0,13.0,0.35135135135135137,5.347620247786859,7,172.0,0.2128114652178483,7,172.0
4875.0,34,17,9,3347,3381,0,38.0,1.1176470588235294,5.032439529139204,9,207.0,0.2445951283499739,9,207.0
4880.0,34,16,16,3351,3385,0,103.0,3.0294117647058822,3.175019489535238,16,272.0,0.1634472385442454,16,272.0
4885.0,37,15,15,3353,3390,0,104.0,2.810810810810811,2.2157778997887134,15,297.0,0.12441765941863955,15,297.0
4890.0,38,15,12,3354,3392,0,63.0,1.6578947368421053,3.206003785576346,12,266.0,0.11283388831661428,12,266.0
4895.0,41,16,11,3354,3395,0,54.0,1.3170731707317074,5.169561951719821,11,216.0,0.15254511865242257,11,216.0
4900.0,38,19,7,3358,3396,0,40.0,1.0526315789473684,7.236319796261521,7,204.0,0.3352470196964319,7,204.0
4905.0,33,22,2,3363,3396,0,28.0,0.8484848484848485,9.284460135925642,2,143.0,0.5184029925903806,2,143.0
4910.0,31,20,1,3369,3400,0,3.0,0.0967741935483871,8.06615606981933,1,107.0,0.4764493217328517,1,107.0
4915.0,31,18,7,3373,3404,0,23.0,0.7419354838709677,6.102895506911239,7,128.0,0.26644692401606174,7,128.0
4920.0,32,19,13,3377,3409,0,73.0,2.28125,4.189790776894178,13,178.0,0.21062397993060902,13,178.0
4925.0,35,17,13,3381,3416,0,71.0,2.0285714285714285,3.718403011020573,13,198.0,0.2532344186881855,13,198.0
4930.0,39,15,11,3381,3420,0,45.0,1.1538461538461537,3.957853750987813,11,183.0,0.1846550438835335,11,183.0
4935.0,42,14,11,3381,3423,0,43.0,1.0238095238095237,5.220577486357537,11,145.0,0.18010736283564296,11,145.0
4940.0,40,15,8,3385,3425,0,41.0,1.025,6.333633714447125,8,146.0,0.300889688208577,8,146.0
4945.0,38,18,0,3388,3426,0,0.0,0.0,7.192987547526584,0,124.0,0.40922226426888736,0,124.0
4950.0,37,17,6,3393,3430,0,16.0,0.43243243243243246,6.760873659448611,6,127.0,0.33194811609795305,6,127.0
4955.0,36,14,12,3399,3435,0,63.0,1.75,4.645027748103407,12,174.0,0.18428267258421904,12,174.0
4960.0,38,12,12,3403,3441,0,65.0,1.7105263157894737,3.9308104302465274,12,201.0,0.21319361277394855,12,201.0
4965.0,40,11,10,3406,3446,0,36.0,0.9,4.561239290364813,10,171.0,0.22812205763815138,10,171.0
4970.0,45,10,9,3406,3451,0,23.0,0.5111111111111111,5.7755932827536105,9,138.0,0.25435861674359445,9,138.0
4975.0,42,11,6,3410,3452,0,11.0,0.2619047619047619,5.917367685548952,6,156.0,0.30538525768507413,6,156.0
4980.0,38,14,6,3414,3452,0,22.0,0.5789473684210527,5.888579400104656,6,176.0,0.2398134226210763,6,176.0
4985.0,36,12,12,3419,3455,0,70.0,1.9444444444444444,4.261000319340884,12,224.0,0.13719601853162444,12,224.0
4990.0,39,9,12,3423,3462,0,67.0,1.7179487179487178,3.4092979585726417,12,242.0,0.15596841930177358,12,242.0
4995.0,40,9,9,3427,3467,0,38.0,0.95,4.298144904445093,9,207.0,0.21401299631822915,9,207.0
5000.0,42,11,9,3427,3469,0,26.0,0.6190476190476191,5.979709187422492,9,158.0,0.25344807747613013,9,158.0
