step,system_total_running,system_total_backlogged,system_total_stopped,system_total_arrived,system_total_departed,system_total_teleported,system_total_waiting_time,system_mean_waiting_time,system_mean_speed,t_stopped,t_accumulated_waiting_time,t_average_speed,agents_total_stopped,agents_total_accumulated_waiting_time
0.0,0,0,0,0,0,0,0.0,0.0,0.0,0,0.0,1.0,0,0.0
5.0,1,0,0,0,1,0,0.0,0.0,13.150645435048492,0,0.0,0.9289960719204403,0,0.0
10.0,4,0,0,0,4,0,0.0,0.0,14.356158348193999,0,0.0,0.9638471544922722,0,0.0
15.0,9,0,0,0,9,0,0.0,0.0,11.001177410075407,0,0.0,0.7879913530128987,0,0.0
20.0,12,0,3,0,12,0,9.0,0.75,9.364106320533844,3,9.0,0.6754522122781444,3,9.0
25.0,17,0,0,0,17,0,0.0,0.0,8.978795141866087,0,5.0,0.6756415552776295,0,5.0
30.0,21,0,2,0,21,0,6.0,0.2857142857142857,10.442383942305668,2,6.0,0.6843583984329588,2,6.0
35.0,25,0,4,1,26,0,22.0,0.88,10.896593041845499,4,22.0,0.6894972333629585,4,22.0
40.0,26,0,5,5,31,0,45.0,1.7307692307692308,9.388817580988505,5,45.0,0.5549654551189145,5,45.0
45.0,26,0,1,9,35,0,4.0,0.15384615384615385,8.311252722008023,1,37.0,0.5384856308327521,1,37.0
50.0,26,0,4,14,40,0,12.0,0.46153846153846156,8.223277227662008,4,13.0,0.5178795468162252,4,13.0
55.0,30,0,9,14,44,0,49.0,1.6333333333333333,6.9434363623684705,9,49.0,0.32459068387189427,9,49.0
60.0,28,0,9,18,46,0,42.0,1.5,5.3749057067102575,9,80.0,0.2446675433245554,9,80.0
65.0,25,0,2,23,48,0,11.0,0.44,6.452626365299198,2,69.0,0.32402277183129363,2,69.0
70.0,28,0,2,24,52,0,4.0,0.14285714285714285,8.98980411949048,2,46.0,0.4681098674798257,2,46.0
75.0,28,0,2,28,56,0,14.0,0.5,10.498159802043647,2,31.0,0.6561080794066507,2,31.0
80.0,27,0,2,33,60,0,24.0,0.8888888888888888,10.588647202601603,2,24.0,0.6687725631624266,2,24.0
85.0,27,0,1,37,64,0,1.0,0.037037037037037035,9.080907841510921,1,3.0,0.5937967778194838,1,3.0
90.0,22,0,5,42,64,0,18.0,0.8181818181818182,7.963263522032649,5,18.0,0.35338145237645385,5,18.0
95.0,22,0,8,47,69,0,55.0,2.5,7.167851886071447,8,55.0,0.3249550838835418,8,55.0
100.0,21,0,4,51,72,0,26.0,1.2380952380952381,6.994379777665258,4,66.0,0.42665733532975136,4,66.0
105.0,25,0,0,52,77,0,0.0,0.0,8.940502216445463,0,29.0,0.5438773951368868,0,29.0
110.0,25,0,2,54,79,0,6.0,0.24,10.107422293926746,2,6.0,0.536157523453121,2,6.0
115.0,27,0,3,58,85,0,4.0,0.14814814814814814,8.984680992583359,3,4.0,0.5315045466184407,3,4.0
120.0,25,0,7,63,88,0,32.0,1.28,7.283691574297303,7,32.0,0.3702940529688192,7,32.0
125.0,26,0,13,66,92,0,84.0,3.230769230769231,6.230776995705544,13,84.0,0.3098667231581195,13,84.0
130.0,27,0,10,69,96,0,66.0,2.4444444444444446,4.549615580326376,10,116.0,0.2639964241515315,10,116.0
135.0,27,0,5,71,98,0,18.0,0.6666666666666666,6.67052820059701,5,102.0,0.3814552578437648,5,102.0
140.0,31,0,1,71,102,0,10.0,0.3225806451612903,8.892915584797235,1,50.0,0.4660404485375384,1,50.0
145.0,30,0,3,74,104,0,5.0,0.16666666666666666,7.717254718427928,3,48.0,0.40556845823160836,3,48.0
150.0,27,0,7,79,106,0,30.0,1.1111111111111112,6.247154854417662,7,70.0,0.1912572607200076,7,70.0
155.0,30,0,15,83,113,0,89.0,2.966666666666667,6.21919872652099,15,129.0,0.3382312000861089,15,129.0
160.0,27,0,12,87,114,0,79.0,2.925925925925926,3.881144380139984,12,155.0,0.23621020958895309,12,155.0
165.0,28,0,5,89,117,0,26.0,0.9285714285714286,5.7190083917006955,5,130.0,0.3128967649415174,5,130.0
170.0,31,0,4,89,120,0,17.0,0.5483870967741935,7.854710711517389,4,76.0,0.3553264332483609,4,76.0
175.0,32,0,4,92,124,0,37.0,1.15625,9.997558220151141,4,59.0,0.5712440290130979,4,59.0
180.0,30,0,1,98,128,0,1.0,0.03333333333333333,8.494219729028442,1,34.0,0.507962105954508,1,34.0
185.0,32,0,7,102,134,0,24.0,0.75,7.9451762929256695,7,38.0,0.42179841055467276,7,38.0
190.0,33,0,13,106,139,0,75.0,2.272727272727273,6.004121554634508,13,89.0,0.3061121012236592,13,89.0
195.0,32,0,18,110,142,0,153.0,4.78125,4.003247683751934,18,167.0,0.14727239556955316,18,167.0
200.0,32,0,17,114,146,0,148.0,4.625,3.3728000013742205,17,221.0,0.16802754756720661,17,221.0
205.0,36,0,12,116,152,0,93.0,2.5833333333333335,4.679181524065573,12,218.0,0.238718193096303,12,218.0
210.0,38,0,10,116,154,0,39.0,1.0263157894736843,6.139225578915368,10,179.0,0.25090102544982756,10,179.0
215.0,39,0,4,119,158,0,18.0,0.46153846153846156,6.771153808209594,4,156.0,0.2956129644191814,4,156.0
220.0,35,4,3,124,159,0,22.0,0.6285714285714286,8.2607470923131,3,105.0,0.4171042564274367,3,105.0
225.0,33,4,2,129,162,0,2.0,0.06060606060606061,7.423175261349834,2,94.0,0.44688488448326547,2,94.0
230.0,33,2,8,134,167,0,29.0,0.8787878787878788,5.93822222346256,8,112.0,0.2696193477172838,8,112.0
235.0,33,0,14,138,171,0,82.0,2.484848484848485,4.612318903124538,14,166.0,0.21820212647168233,14,166.0
240.0,36,0,14,142,178,0,85.0,2.361111111111111,3.734961404946284,14,197.0,0.23449963783602332,14,197.0
245.0,40,0,11,143,183,0,48.0,1.2,4.540745920968005,11,178.0,0.24902388107312112,11,178.0
250.0,44,0,10,143,187,0,35.0,0.7954545454545454,6.711815723110317,10,134.0,0.32129801422805737,10,134.0
255.0,43,0,5,148,191,0,12.0,0.27906976744186046,5.834189499273276,5,151.0,0.31277779621492147,5,151.0
260.0,40,3,7,152,192,0,28.0,0.7,5.923853660235914,7,175.0,0.27415994738236504,7,175.0
265.0,43,0,14,155,198,0,84.0,1.9534883720930232,4.916790146981657,14,231.0,0.22561565192061636,14,231.0
270.0,43,0,20,158,201,0,174.0,4.046511627906977,3.6713857632628173,20,321.0,0.13681821492279408,20,321.0
275.0,42,0,23,163,205,0,183.0,4.357142857142857,2.615222625335837,23,377.0,0.12077849863791665,23,377.0
280.0,42,0,20,165,207,0,139.0,3.3095238095238093,3.1198119414636656,20,356.0,0.0974204146714604,20,356.0
285.0,43,1,17,166,209,0,119.0,2.7674418604651163,4.639340425332592,17,345.0,0.16259758998040577,17,345.0
290.0,42,2,10,168,210,0,99.0,2.357142857142857,6.560711101739467,10,298.0,0.30953537270752257,10,298.0
295.0,36,6,4,174,210,0,62.0,1.7222222222222223,7.817178720626249,4,255.0,0.42520290303171165,4,255.0
300.0,36,4,1,180,216,0,1.0,0.027777777777777776,7.653948145054274,1,215.0,0.47312936239394743,1,215.0
305.0,34,5,6,184,218,0,21.0,0.6176470588235294,6.78754890998805,6,199.0,0.31790046393077903,6,199.0
310.0,35,3,12,189,224,0,73.0,2.085714285714286,5.341344497663736,12,251.0,0.2508887539554308,12,251.0
315.0,38,0,12,193,231,0,70.0,1.8421052631578947,4.371063823587789,12,265.0,0.23969898482812282,12,265.0
320.0,38,0,9,196,234,0,35.0,0.9210526315789473,5.026620667540869,9,223.0,0.26509856341419247,9,223.0
325.0,41,1,7,197,238,0,22.0,0.5365853658536586,5.510270068234082,7,131.0,0.2388836893206188,7,131.0
330.0,41,2,6,200,241,0,24.0,0.5853658536585366,6.482762004869674,6,104.0,0.36017036161947596,6,104.0
335.0,38,3,3,204,242,0,30.0,0.7894736842105263,7.658695345740833,3,86.0,0.43608856429785564,3,86.0
340.0,36,1,3,210,246,0,5.0,0.1388888888888889,6.658301776302479,3,76.0,0.39651151879077706,3,76.0
345.0,36,2,8,215,251,0,33.0,0.9166666666666666,5.830870513020947,8,89.0,0.26617555049079406,8,89.0
350.0,38,0,14,218,256,0,91.0,2.3947368421052633,4.948575522472259,14,147.0,0.22376346709282607,14,147.0
355.0,37,0,15,222,259,0,91.0,2.4594594594594597,3.6755611710530647,15,186.0,0.1832916845663293,15,186.0
360.0,36,0,12,226,262,0,62.0,1.7222222222222223,4.3977756584019305,12,181.0,0.21017230773635592,12,181.0
365.0,37,0,10,226,263,0,46.0,1.2432432432432432,6.274776527921321,10,153.0,0.24157686289440622,10,153.0
370.0,37,0,4,230,267,0,38.0,1.027027027027027,6.896587183467707,4,139.0,0.31139649376389755,4,139.0
375.0,34,0,0,235,269,0,0.0,0.0,7.001741601216392,0,106.0,0.3724532463818228,0,106.0
380.0,33,0,6,240,273,0,19.0,0.5757575757575758,6.153420812678166,6,103.0,0.2835368150014636,6,103.0
385.0,33,0,11,243,276,0,64.0,1.9393939393939394,4.187097569876749,11,148.0,0.15882912083235756,11,148.0
390.0,32,0,13,248,280,0,65.0,2.03125,2.7022083708908977,13,176.0,0.1521599229543273,13,176.0
395.0,32,0,8,249,281,0,35.0,1.09375,3.780199114333941,8,157.0,0.14249307719896478,8,157.0
400.0,34,0,6,249,283,0,24.0,0.7058823529411765,6.320901978206281,6,108.0,0.2029168870673682,6,108.0
405.0,34,0,2,253,287,0,2.0,0.058823529411764705,6.419621879842083,2,121.0,0.3133967854011472,2,121.0
410.0,34,0,8,257,291,0,25.0,0.7352941176470589,5.824306634935777,8,144.0,0.3120358403551027,8,144.0
415.0,34,0,12,261,295,0,77.0,2.264705882352941,4.092289822827227,12,196.0,0.2100944599206205,12,196.0
420.0,35,0,16,262,297,0,82.0,2.342857142857143,2.5048809469230444,16,228.0,0.10706998144941984,16,228.0
425.0,35,0,15,264,299,0,65.0,1.8571428571428572,3.5891838276612966,15,228.0,0.14109842452616433,15,228.0
430.0,42,0,12,264,306,0,67.0,1.5952380952380953,5.837349327288065,12,193.0,0.2528155171325961,12,193.0
435.0,43,1,7,267,310,0,56.0,1.302325581395349,6.945687623375801,7,183.0,0.3392906287744736,7,183.0
440.0,39,3,1,272,311,0,2.0,0.05128205128205128,6.674672900950425,1,138.0,0.3565073055821878,1,138.0
445.0,38,3,6,277,315,0,23.0,0.6052631578947368,6.916886903816733,6,138.0,0.3456128626855926,6,138.0
450.0,38,1,13,282,320,0,74.0,1.9473684210526316,5.617952453146339,13,189.0,0.24634750192826962,13,189.0
455.0,38,0,14,287,325,0,77.0,2.026315789473684,3.5522874800837454,14,217.0,0.18337219375662578,14,217.0
460.0,37,0,14,290,327,0,56.0,1.5135135135135136,3.9148394759413088,14,210.0,0.16467063421451544,14,210.0
465.0,40,0,12,290,330,0,58.0,1.45,6.021042543580508,12,172.0,0.22635299172387557,12,172.0
470.0,38,0,6,294,332,0,49.0,1.2894736842105263,6.442794005426544,6,163.0,0.2688482337089036,6,163.0
475.0,33,2,2,300,333,0,2.0,0.06060606060606061,6.519128947480225,2,128.0,0.34829917690580914,2,128.0
480.0,35,1,7,302,337,0,26.0,0.7428571428571429,6.050983759517098,7,125.0,0.2709660274307138,7,125.0
485.0,33,0,13,308,341,0,78.0,2.3636363636363638,3.7932118063397438,13,177.0,0.1692194845012294,13,177.0
490.0,34,0,13,311,345,0,75.0,2.2058823529411766,3.2119795190442266,13,203.0,0.17051282651504193,13,203.0
495.0,34,0,8,313,347,0,40.0,1.1764705882352942,4.2096753384718895,8,183.0,0.1931546677824072,8,183.0
500.0,36,0,7,313,349,0,28.0,0.7777777777777778,6.2233673251711155,7,134.0,0.205154945141377,7,134.0
505.0,36,0,3,317,353,0,17.0,0.4722222222222222,7.625919738779481,3,113.0,0.33673929615439,3,113.0
510.0,34,1,1,321,355,0,2.0,0.058823529411764705,7.6239948924513365,1,93.0,0.3854320015636939,1,93.0
515.0,32,0,7,327,359,0,24.0,0.75,6.433410837639872,7,112.0,0.3010664772373388,7,112.0
520.0,32,0,14,331,363,0,78.0,2.4375,4.705367447529099,14,166.0,0.24735864726275208,14,166.0
525.0,32,0,13,334,366,0,81.0,2.53125,3.8871051744690437,13,198.0,0.2526802691617569,13,198.0
530.0,34,0,9,335,369,0,41.0,1.2058823529411764,4.761300983677694,9,179.0,0.2374459775321842,9,179.0
535.0,38,0,7,335,373,0,24.0,0.631578947368421,6.700681111363793,7,125.0,0.28783744508655473,7,125.0
540.0,38,0,2,338,376,0,4.0,0.10526315789473684,6.9630339182657925,2,129.0,0.38187616309559835,2,129.0
545.0,37,0,7,344,381,0,30.0,0.8108108108108109,6.925029930520227,7,141.0,0.36675585466614075,7,141.0
550.0,39,0,11,347,386,0,79.0,2.0256410256410255,5.768573921910852,11,190.0,0.28401573433614435,11,190.0
555.0,36,0,15,352,388,0,73.0,2.0277777777777777,2.9714358924922264,15,208.0,0.12762637265290758,15,208.0
560.0,40,0,15,355,395,0,61.0,1.525,4.4602450709103865,15,200.0,0.24373497402096866,15,200.0
565.0,45,0,11,355,400,0,71.0,1.5777777777777777,6.149296189900505,11,167.0,0.30066446023236637,11,167.0
570.0,44,0,2,358,402,0,3.0,0.06818181818181818,4.73885530573671,2,166.0,0.19417714605577263,2,166.0
575.0,42,0,6,363,405,0,20.0,0.47619047619047616,5.476190276459827,6,141.0,0.26406481667944526,6,141.0
580.0,41,0,13,367,408,0,72.0,1.7560975609756098,5.468982550512205,13,189.0,0.2200602044122514,13,189.0
585.0,43,0,14,371,414,0,78.0,1.813953488372093,4.906843401734403,14,216.0,0.24147127877056415,14,216.0
590.0,42,0,12,376,418,0,51.0,1.2142857142857142,4.470505556429681,12,200.0,0.19437909873202228,12,200.0
595.0,44,0,12,378,422,0,51.0,1.1590909090909092,5.9862401198850845,12,171.0,0.2423408557402801,12,171.0
600.0,45,0,11,382,427,0,58.0,1.288888888888889,6.891613228671624,11,161.0,0.34192280389488383,11,161.0
605.0,39,2,2,388,427,0,2.0,0.05128205128205128,6.443259101678884,2,150.0,0.361517226262659,2,150.0
610.0,41,1,6,392,433,0,22.0,0.5365853658536586,6.563764135692684,6,141.0,0.34162410044449193,6,141.0
615.0,43,1,12,396,439,0,72.0,1.6744186046511629,6.031150139416002,12,190.0,0.2676904493742097,12,190.0
620.0,46,0,13,400,446,0,74.0,1.608695652173913,4.626376141258028,13,223.0,0.21697576759443135,13,223.0
625.0,45,0,14,406,451,0,61.0,1.3555555555555556,4.374950748770624,14,196.0,0.20702615277240696,14,196.0
630.0,47,1,12,407,454,0,54.0,1.148936170212766,5.121803033538835,12,181.0,0.20560525034413726,12,181.0
635.0,45,2,13,411,456,0,78.0,1.7333333333333334,5.868140432507169,13,178.0,0.25894087248380443,13,178.0
640.0,46,4,10,414,460,0,111.0,2.4130434782608696,7.580364802596821,10,183.0,0.44092088940652446,10,183.0
645.0,46,1,6,420,466,0,46.0,1.0,6.8863250448135185,6,180.0,0.40991757213404695,6,180.0
650.0,45,0,8,426,471,0,31.0,0.6888888888888889,6.005668002151845,8,145.0,0.31260275221759504,8,145.0
655.0,45,0,14,430,475,0,89.0,1.9777777777777779,6.463533161131031,14,157.0,0.2988251316636376,14,157.0
660.0,40,0,16,436,476,0,90.0,2.25,3.473843498340225,16,197.0,0.1254785225175818,16,197.0
665.0,41,0,16,440,481,0,73.0,1.7804878048780488,4.467055758458189,16,207.0,0.1963970420804099,16,207.0
670.0,41,0,13,442,483,0,86.0,2.097560975609756,5.490828460850531,13,187.0,0.19038932328052996,13,187.0
675.0,41,0,4,445,486,0,22.0,0.5365853658536586,5.594553250007887,4,198.0,0.26481597616696007,4,198.0
680.0,37,0,7,451,488,0,29.0,0.7837837837837838,5.653707045300345,7,175.0,0.2674608303484919,7,175.0
685.0,38,0,13,454,492,0,81.0,2.1315789473684212,5.024400913947041,13,208.0,0.1775458959320834,13,208.0
690.0,36,0,19,458,494,0,167.0,4.638888888888889,3.5361789736794353,19,294.0,0.13900049383177143,19,294.0
695.0,35,0,19,464,499,0,167.0,4.771428571428571,2.8744918024039023,19,339.0,0.20492847758028787,19,339.0
700.0,41,0,13,464,505,0,107.0,2.6097560975609757,5.53540152859173,13,314.0,0.31721201427984347,13,314.0
705.0,46,0,11,464,510,0,68.0,1.4782608695652173,6.334484194810449,11,243.0,0.3035696159766916,11,243.0
710.0,43,0,8,467,510,0,45.0,1.0465116279069768,6.17849399535275,8,214.0,0.26116691572470696,8,214.0
715.0,39,0,10,473,512,0,81.0,2.076923076923077,6.935272260879123,10,176.0,0.3145323604258913,10,176.0
720.0,36,0,7,477,513,0,38.0,1.0555555555555556,6.259998865106924,7,184.0,0.3385617195841364,7,184.0
725.0,35,0,6,482,517,0,25.0,0.7142857142857143,6.205748981408335,6,160.0,0.30342113615795124,6,160.0
730.0,33,0,13,486,519,0,77.0,2.3333333333333335,5.28502617522171,13,172.0,0.1534866891078111,13,172.0
735.0,36,0,12,489,525,0,70.0,1.9444444444444444,5.869930463864225,12,189.0,0.29662467573285095,12,189.0
740.0,34,0,6,494,528,0,27.0,0.7941176470588235,6.031319283695681,6,143.0,0.26809306798771754,6,143.0
745.0,36,0,3,497,533,0,9.0,0.25,7.990048154416393,3,74.0,0.3958029083544347,3,74.0
750.0,35,0,4,501,536,0,7.0,0.2,6.532121929010644,4,74.0,0.32817386804615445,4,74.0
755.0,33,0,8,506,539,0,34.0,1.0303030303030303,6.161279454730685,8,101.0,0.2888563303193907,8,101.0
760.0,34,0,13,509,543,0,88.0,2.588235294117647,4.983984710699253,13,155.0,0.2109078714926275,13,155.0
765.0,33,0,13,513,546,0,81.0,2.4545454545454546,3.1290898978952177,13,184.0,0.1657396199178333,13,184.0
770.0,32,0,12,515,547,0,52.0,1.625,4.1232591789669595,12,170.0,0.1959566569381336,12,170.0
775.0,34,0,5,515,549,0,35.0,1.0294117647058822,6.555185942768578,5,130.0,0.2536663192052399,5,130.0
780.0,34,0,4,518,552,0,34.0,1.0,9.222147722826577,4,113.0,0.5156263952551635,4,113.0
785.0,32,0,0,524,556,0,0.0,0.0,8.319456562110382,0,78.0,0.49606161923707587,0,78.0
790.0,31,0,6,529,560,0,20.0,0.6451612903225806,7.031225478850594,6,84.0,0.34260156925094554,6,84.0
795.0,31,0,12,533,564,0,69.0,2.225806451612903,6.308465283564643,12,133.0,0.2909791214067804,12,133.0
800.0,27,0,10,538,565,0,65.0,2.4074074074074074,3.586020601789206,10,158.0,0.15961817089726962,10,158.0
805.0,31,0,7,540,571,0,21.0,0.6774193548387096,6.3878224964245955,7,110.0,0.3361536422297793,7,110.0
810.0,33,0,2,541,574,0,15.0,0.45454545454545453,8.795804892730109,2,68.0,0.48912417663675417,2,68.0
815.0,32,0,2,545,577,0,25.0,0.78125,9.046017995497971,2,38.0,0.5291967869460495,2,38.0
820.0,34,0,6,549,583,0,47.0,1.3823529411764706,9.369258895129079,6,47.0,0.5868666613043045,6,47.0
825.0,31,0,2,554,585,0,4.0,0.12903225806451613,7.706830634030946,2,30.0,0.4380725464401361,2,30.0
830.0,27,0,7,560,587,0,26.0,0.9629629629629629,6.586064395340559,7,26.0,0.26019897339868503,7,26.0
835.0,26,0,12,564,590,0,77.0,2.9615384615384617,5.986540095046858,12,77.0,0.22432217285126935,12,77.0
840.0,23,0,9,568,591,0,62.0,2.6956521739130435,4.502128783116322,9,107.0,0.18207933171719268,9,107.0
845.0,23,0,2,572,595,0,4.0,0.17391304347826086,7.468845475140093,2,85.0,0.42280032997496814,2,85.0
850.0,26,0,0,572,598,0,0.0,0.0,9.570496260272195,0,28.0,0.5387931096867398,0,28.0
855.0,24,0,0,576,600,0,0.0,0.0,10.572536588409774,0,1.0,0.7086797732772946,0,1.0
860.0,24,0,1,580,604,0,1.0,0.041666666666666664,8.686198101881702,1,1.0,0.5487018681361259,1,1.0
865.0,23,0,5,584,607,0,18.0,0.782608695652174,7.28186735725158,5,18.0,0.4066577074738757,5,18.0
870.0,20,0,10,590,610,0,62.0,3.1,5.040933879742795,10,62.0,0.2898340018601379,10,62.0
875.0,23,0,8,590,613,0,48.0,2.0869565217391304,5.185067254173667,8,89.0,0.31492328476592496,8,89.0
880.0,24,0,1,592,616,0,3.0,0.125,6.69511580033192,1,67.0,0.39897966721437644,1,67.0
885.0,28,0,2,592,620,0,12.0,0.42857142857142855,9.51396367407199,2,33.0,0.5487121267610021,2,33.0
890.0,29,0,2,594,623,0,4.0,0.13793103448275862,8.462998452044186,2,19.0,0.4860131708667962,2,19.0
895.0,26,0,7,600,626,0,27.0,1.0384615384615385,6.469348102471562,7,41.0,0.290061731489951,7,41.0
900.0,27,0,13,604,631,0,80.0,2.962962962962963,5.471821681393152,13,94.0,0.2730606103797179,13,94.0
905.0,28,0,13,606,634,0,76.0,2.7142857142857144,3.933214263086114,13,126.0,0.17240523810840647,13,126.0
910.0,29,0,7,608,637,0,32.0,1.103448275862069,5.89959608278372,7,123.0,0.2853111636394027,7,123.0
915.0,29,0,2,609,638,0,3.0,0.10344827586206896,7.478653054803026,2,82.0,0.27472475004633023,2,82.0
920.0,26,0,1,614,640,0,6.0,0.23076923076923078,10.212535914653264,1,56.0,0.6020725362240109,1,56.0
925.0,26,0,1,618,644,0,2.0,0.07692307692307693,9.564163146478657,1,39.0,0.590482742258881,1,39.0
930.0,26,0,6,624,650,0,20.0,0.7692307692307693,7.817010444249123,6,57.0,0.4369415626310823,6,57.0
935.0,27,0,12,627,654,0,72.0,2.6666666666666665,5.431309154566633,12,109.0,0.2940840769416693,12,109.0
940.0,30,0,11,629,659,0,66.0,2.2,4.838248709120461,11,133.0,0.3018125799363815,11,133.0
945.0,32,0,8,630,662,0,26.0,0.8125,5.6138487472567284,8,92.0,0.24591072089947422,8,92.0
950.0,34,0,6,631,665,0,23.0,0.6764705882352942,7.501557280667581,6,81.0,0.30824638811612065,6,81.0
955.0,31,0,4,636,667,0,40.0,1.2903225806451613,9.487865847238814,4,64.0,0.5525707116825419,4,64.0
960.0,33,0,5,640,673,0,62.0,1.878787878787879,9.940799865866188,5,66.0,0.626250208529769,5,66.0
965.0,29,0,3,646,675,0,5.0,0.1724137931034483,8.371158500191955,3,49.0,0.500423852901036,3,49.0
970.0,29,0,6,650,679,0,22.0,0.7586206896551724,8.596091419153629,6,29.0,0.4380238874415547,6,29.0
975.0,28,0,8,655,683,0,60.0,2.142857142857143,9.271859136699131,8,64.0,0.44572381249942616,8,64.0
980.0,28,0,4,660,688,0,22.0,0.7857142857142857,7.264351832067912,4,68.0,0.4070840677219799,4,68.0
985.0,26,0,1,665,691,0,5.0,0.19230769230769232,8.39144141953493,1,31.0,0.46539023761530834,1,31.0
990.0,28,0,3,667,695,0,16.0,0.5714285714285714,9.42065609108655,3,16.0,0.5664075722064593,3,16.0
995.0,29,0,2,669,698,0,4.0,0.13793103448275862,7.922130144939519,2,9.0,0.4369529818663413,2,9.0
1000.0,28,0,7,674,702,0,31.0,1.1071428571428572,7.21136918389014,7,31.0,0.30599398876490597,7,31.0
1005.0,26,0,14,678,704,0,88.0,3.3846153846153846,4.9725200917941885,14,88.0,0.1638087004138472,14,88.0
1010.0,24,0,12,683,707,0,78.0,3.25,3.179670146193825,12,129.0,0.18335421920675743,12,129.0
1015.0,26,0,5,684,710,0,23.0,0.8846153846153846,6.098679061361649,5,108.0,0.28666754959549756,5,108.0
1020.0,31,0,0,684,715,0,0.0,0.0,8.604859383153542,0,65.0,0.44308567989857023,0,65.0
1025.0,33,0,1,686,719,0,3.0,0.09090909090909091,9.695045053086975,1,28.0,0.5462509700688257,1,28.0
1030.0,32,0,1,693,725,0,1.0,0.03125,9.174785287395135,1,19.0,0.5918672288485398,1,19.0
1035.0,29,0,8,698,727,0,25.0,0.8620689655172413,6.883821824239931,8,43.0,0.3114931046786944,8,43.0
1040.0,28,0,14,703,731,0,82.0,2.9285714285714284,4.391941721217761,14,100.0,0.23171689925632144,14,100.0
1045.0,27,0,20,706,733,0,170.0,6.296296296296297,3.0912732535978584,20,188.0,0.1769308802633075,20,188.0
1050.0,30,0,16,707,737,0,161.0,5.366666666666666,3.3511653036716633,16,233.0,0.21551521927347797,16,233.0
1055.0,35,0,12,707,742,0,78.0,2.2285714285714286,4.894134549932645,12,227.0,0.2418795998528629,12,227.0
1060.0,37,0,6,708,745,0,31.0,0.8378378378378378,6.9211999994465065,6,173.0,0.2868192480720506,6,173.0
1065.0,38,0,3,712,750,0,5.0,0.13157894736842105,6.895450727261573,3,173.0,0.39522015322292514,3,173.0
1070.0,38,0,8,716,754,0,34.0,0.8947368421052632,6.013305782618036,8,202.0,0.32202133912119646,8,202.0
1075.0,40,0,14,720,760,0,92.0,2.3,4.796405707770414,14,260.0,0.2474293187765257,14,260.0
1080.0,37,0,15,723,760,0,91.0,2.4594594594594597,3.2359553431078503,15,282.0,0.1398211682046318,15,282.0
1085.0,35,0,13,725,760,0,55.0,1.5714285714285714,4.394123441693884,13,241.0,0.12901895208208444,13,241.0
1090.0,37,0,8,728,765,0,40.0,1.0810810810810811,6.705088870923148,8,172.0,0.28500040229108675,8,172.0
1095.0,37,0,1,732,769,0,1.0,0.02702702702702703,6.403982465018064,1,171.0,0.335291265451898,1,171.0
1100.0,36,0,7,736,772,0,24.0,0.6666666666666666,5.789324055094079,7,190.0,0.2677207536202239,7,190.0
1105.0,36,0,13,740,776,0,75.0,2.0833333333333335,4.2759489438881255,13,241.0,0.20058486445910362,13,241.0
1110.0,35,0,13,742,777,0,73.0,2.085714285714286,2.6429819217453296,13,257.0,0.08411882046439136,13,257.0
1115.0,33,0,11,746,779,0,45.0,1.3636363636363635,3.6741843574140143,11,222.0,0.14053613257555864,11,222.0
1120.0,35,0,10,746,781,0,48.0,1.3714285714285714,6.200275899971462,10,162.0,0.23763900862552254,10,162.0
1125.0,36,0,2,749,785,0,3.0,0.08333333333333333,6.087196272694566,2,168.0,0.3047852093346892,2,168.0
1130.0,34,0,7,754,788,0,27.0,0.7941176470588235,5.212492662362681,7,192.0,0.25907408422371253,7,192.0
1135.0,31,0,14,758,789,0,82.0,2.6451612903225805,2.928821014158592,14,247.0,0.13433460389469085,14,247.0
1140.0,30,0,13,760,790,0,80.0,2.6666666666666665,1.9978281774425666,13,265.0,0.09638352341057405,13,265.0
1145.0,33,0,12,761,794,0,54.0,1.6363636363636365,4.273570993505706,12,228.0,0.20291195086588937,12,228.0
1150.0,39,0,6,761,800,0,32.0,0.8205128205128205,6.544087644970606,6,171.0,0.28780072623920205,6,171.0
1155.0,37,0,3,764,801,0,16.0,0.43243243243243246,7.374818092168078,3,135.0,0.3512027970057419,3,135.0
1160.0,35,0,3,769,804,0,23.0,0.6571428571428571,8.343558346545695,3,82.0,0.43585264731313084,3,82.0
1165.0,32,0,2,774,806,0,2.0,0.0625,8.457919971397901,2,64.0,0.510705720235898,2,64.0
1170.0,33,0,7,779,812,0,25.0,0.7575757575757576,7.363923032842966,7,76.0,0.3773550550511147,7,76.0
1175.0,29,0,13,784,813,0,76.0,2.6206896551724137,4.625232612081006,13,127.0,0.17129225447781285,13,127.0
1180.0,27,0,13,788,815,0,74.0,2.740740740740741,3.634667897162075,13,157.0,0.13861896510028873,13,157.0
1185.0,30,0,7,790,820,0,35.0,1.1666666666666667,6.566771771435141,7,110.0,0.29177225262080997,7,110.0
1190.0,32,0,1,791,823,0,9.0,0.28125,9.032471190964865,1,86.0,0.46120269239753575,1,86.0
1195.0,32,0,1,795,827,0,14.0,0.4375,10.691522975163286,1,45.0,0.673855642610695,1,45.0
1200.0,28,0,1,801,829,0,1.0,0.03571428571428571,8.09869635707545,1,34.0,0.4658457158811612,1,34.0
1205.0,28,0,8,806,834,0,22.0,0.7857142857142857,7.491934818645702,8,53.0,0.3782975187524369,8,53.0
1210.0,27,0,13,809,836,0,71.0,2.6296296296296298,5.733589772233746,13,103.0,0.23762578414576438,13,103.0
1215.0,28,0,16,812,840,0,145.0,5.178571428571429,5.272964112035018,16,177.0,0.23163073953581195,16,177.0
1220.0,27,0,11,816,843,0,118.0,4.37037037037037,4.154311452952884,11,199.0,0.22198748292885265,11,199.0
1225.0,27,0,6,818,845,0,26.0,0.9629629629629629,5.861820982271762,6,162.0,0.3110952100040724,6,162.0
1230.0,32,0,2,818,850,0,12.0,0.375,8.885844471621635,2,87.0,0.4725237958082964,2,87.0
1235.0,34,0,4,821,855,0,25.0,0.7352941176470589,9.724234679303505,4,51.0,0.5795083613963342,4,51.0
1240.0,31,0,1,827,858,0,1.0,0.03225806451612903,8.584720486836208,1,23.0,0.5448126872629753,1,23.0
1245.0,30,0,6,832,862,0,20.0,0.6666666666666666,7.663372907090713,6,33.0,0.3944854039851381,6,33.0
1250.0,31,0,12,836,867,0,70.0,2.2580645161290325,6.822006574686357,12,83.0,0.3323031586616627,12,83.0
1255.0,29,0,10,841,870,0,63.0,2.1724137931034484,5.428070685117392,10,110.0,0.3305520792797266,10,110.0
1260.0,31,0,7,842,873,0,16.0,0.5161290322580645,6.176181079088566,7,99.0,0.3079951903897549,7,99.0
1265.0,33,0,5,844,877,0,34.0,1.0303030303030303,8.189661010970875,5,68.0,0.43482871692121206,5,68.0
1270.0,30,0,7,848,878,0,64.0,2.1333333333333333,8.622929305232855,7,69.0,0.44481324837873937,7,69.0
1275.0,29,0,4,852,881,0,13.0,0.4482758620689655,6.589424045351065,4,67.0,0.31425025336655493,4,67.0
1280.0,30,0,5,857,887,0,26.0,0.8666666666666667,8.775841709314943,5,42.0,0.5242812594612503,5,42.0
1285.0,29,0,7,861,890,0,59.0,2.0344827586206895,8.398773770663302,7,64.0,0.39894920471830847,7,64.0
1290.0,31,0,6,865,896,0,26.0,0.8387096774193549,6.939364617291882,6,74.0,0.3764066015395669,6,74.0
1295.0,27,0,3,871,898,0,9.0,0.3333333333333333,6.197282719928115,3,46.0,0.305168312299157,3,46.0
1300.0,29,0,2,872,901,0,12.0,0.41379310344827586,8.451803057041388,2,28.0,0.41188387508632995,2,28.0
1305.0,27,0,3,876,903,0,25.0,0.9259259259259259,9.620867985845294,3,30.0,0.5222655090481984,3,30.0
1310.0,25,0,2,880,905,0,2.0,0.08,8.646601693481776,2,10.0,0.47780465658306714,2,10.0
1315.0,24,0,6,885,909,0,20.0,0.8333333333333334,8.356686791499994,6,22.0,0.3916902806227068,6,22.0
1320.0,21,0,9,890,911,0,61.0,2.9047619047619047,6.463883122383087,9,63.0,0.30821175171005966,9,63.0
1325.0,20,0,6,894,914,0,36.0,1.8,4.646148251819904,6,78.0,0.27827273597444124,6,78.0
1330.0,23,0,1,895,918,0,5.0,0.21739130434782608,7.31857325593855,1,50.0,0.42920896021114446,1,50.0
1335.0,27,0,1,895,922,0,10.0,0.37037037037037035,10.49363019255967,1,13.0,0.6693299082829641,1,13.0
1340.0,26,0,1,899,925,0,15.0,0.5769230769230769,10.867420680632609,1,15.0,0.7230194177400009,1,15.0
1345.0,26,0,1,904,930,0,2.0,0.07692307692307693,9.425530067358027,1,5.0,0.6113523018239899,1,5.0
1350.0,27,0,5,909,936,0,21.0,0.7777777777777778,8.760552993946028,5,21.0,0.5146419232560762,5,21.0
1355.0,28,0,9,912,940,0,58.0,2.0714285714285716,7.008594612235498,9,58.0,0.38629171406343843,9,58.0
1360.0,25,0,14,917,942,0,118.0,4.72,4.703908664112233,14,118.0,0.23224869223723235,14,118.0
1365.0,27,0,10,919,946,0,88.0,3.259259259259259,5.559439047303743,10,149.0,0.34353631830833725,10,149.0
1370.0,29,0,2,920,949,0,7.0,0.2413793103448276,6.719847603597294,2,100.0,0.36946776047708596,2,100.0
1375.0,33,0,4,921,954,0,19.0,0.5757575757575758,8.795013950889926,4,60.0,0.5332237027754756,4,60.0
1380.0,33,0,2,924,957,0,3.0,0.09090909090909091,7.841512347920028,2,53.0,0.4704733330702614,2,53.0
1385.0,31,0,7,929,960,0,27.0,0.8709677419354839,6.971027851796665,7,58.0,0.31588246138902204,7,58.0
1390.0,29,0,14,934,963,0,82.0,2.8275862068965516,5.747534142555073,14,114.0,0.2509028297640954,14,114.0
1395.0,28,0,12,938,966,0,75.0,2.6785714285714284,4.833456319043656,12,138.0,0.22545318144831972,12,138.0
1400.0,27,0,4,942,969,0,19.0,0.7037037037037037,5.896234673577608,4,112.0,0.3007779316861409,4,112.0
1405.0,30,0,0,943,973,0,0.0,0.0,8.539845011414734,0,57.0,0.4434198239273865,0,57.0
1410.0,34,0,1,946,980,0,1.0,0.029411764705882353,7.583621339880913,1,58.0,0.4423460217194333,1,58.0
1415.0,33,0,7,951,984,0,21.0,0.6363636363636364,5.280500338589123,7,78.0,0.2885893284605164,7,78.0
1420.0,33,0,14,955,988,0,73.0,2.212121212121212,3.6486736241485613,14,131.0,0.20838133510367565,14,131.0
1425.0,32,0,15,957,989,0,80.0,2.5,2.1181727307165703,15,163.0,0.11114600153111581,15,163.0
1430.0,34,0,10,957,991,0,48.0,1.411764705882353,4.291131194134907,10,150.0,0.18065415568472984,10,150.0
1435.0,37,0,6,958,995,0,34.0,0.918918918918919,6.691344556940666,6,123.0,0.3097597358348312,6,123.0
1440.0,36,0,2,961,997,0,26.0,0.7222222222222222,7.8624847277156436,2,99.0,0.4222876884918041,2,99.0
1445.0,36,0,1,965,1001,0,2.0,0.05555555555555555,8.419646230866475,1,70.0,0.5359656723050784,1,70.0
1450.0,32,0,6,971,1003,0,23.0,0.71875,7.201311337754516,6,88.0,0.3500134275822316,6,88.0
1455.0,32,0,12,976,1008,0,71.0,2.21875,5.101360509454548,12,136.0,0.21412041441888743,12,136.0
1460.0,33,0,13,980,1013,0,70.0,2.121212121212121,4.372928887461662,13,165.0,0.24214655797821721,13,165.0
1465.0,37,0,8,982,1019,0,37.0,1.0,5.469816951490325,8,151.0,0.30381562673908974,8,151.0
1470.0,39,0,7,983,1022,0,23.0,0.5897435897435898,6.057611724886614,7,116.0,0.2680976044794808,7,116.0
1475.0,39,0,3,985,1024,0,6.0,0.15384615384615385,6.091419754648848,3,120.0,0.29978140389929425,3,120.0
1480.0,36,2,6,991,1027,0,26.0,0.7222222222222222,5.710755805964644,6,141.0,0.24079829440487172,6,141.0
1485.0,36,0,14,995,1031,0,79.0,2.1944444444444446,3.9644797828490814,14,196.0,0.16244437537763712,14,196.0
1490.0,34,0,14,999,1033,0,80.0,2.3529411764705883,2.5185471921227567,14,227.0,0.13482991425364918,14,227.0
1495.0,38,0,11,1001,1039,0,49.0,1.2894736842105263,3.8880886160756893,11,211.0,0.16777470941862666,11,211.0
1500.0,41,0,12,1001,1042,0,41.0,1.0,5.323950632254715,12,183.0,0.19384255086175778,12,183.0
1505.0,40,1,6,1004,1044,0,24.0,0.6,6.7896202854143155,6,153.0,0.32798973429584666,6,153.0
1510.0,36,3,3,1009,1045,0,25.0,0.6944444444444444,8.890250068166557,3,112.0,0.5155423219859229,3,112.0
1515.0,35,3,2,1014,1049,0,5.0,0.14285714285714285,7.605927086600155,2,100.0,0.46484899501240573,2,100.0
1520.0,34,1,8,1020,1054,0,36.0,1.0588235294117647,6.477992560417276,8,123.0,0.314914140747567,8,123.0
1525.0,35,0,14,1023,1058,0,95.0,2.7142857142857144,4.509125807870596,14,182.0,0.16904583965435555,14,182.0
1530.0,38,0,15,1026,1064,0,96.0,2.526315789473684,3.6370228453325404,15,220.0,0.17614830887296273,15,220.0
1535.0,38,0,11,1030,1068,0,58.0,1.5263157894736843,4.762103207839112,11,212.0,0.2599651698779368,11,212.0
1540.0,42,0,8,1030,1072,0,41.0,0.9761904761904762,6.367914749492248,8,162.0,0.3172791353475679,8,162.0
1545.0,41,0,8,1034,1075,0,18.0,0.43902439024390244,6.607239980762677,8,140.0,0.3443464930845935,8,140.0
1550.0,39,1,5,1038,1077,0,22.0,0.5641025641025641,7.987849747323305,5,115.0,0.4573277853828786,5,115.0
1555.0,38,1,1,1043,1081,0,2.0,0.05263157894736842,7.368522099553653,1,106.0,0.4557518128359891,1,106.0
1560.0,41,0,7,1047,1088,0,24.0,0.5853658536585366,6.957350336672666,7,108.0,0.3741479486098973,7,108.0
1565.0,38,0,13,1053,1091,0,75.0,1.9736842105263157,5.594152748551563,13,159.0,0.25274382283180047,13,159.0
1570.0,39,0,12,1055,1094,0,72.0,1.8461538461538463,4.293603751109826,12,186.0,0.17830133659880304,12,186.0
1575.0,39,0,10,1059,1098,0,35.0,0.8974358974358975,4.8144099838927055,10,164.0,0.18290096487058968,10,164.0
1580.0,40,0,8,1063,1103,0,36.0,0.9,6.38633659864751,8,121.0,0.2845857559503691,8,121.0
1585.0,38,0,4,1067,1105,0,6.0,0.15789473684210525,5.74200726781049,4,124.0,0.29123789463908384,4,124.0
1590.0,35,0,7,1072,1107,0,34.0,0.9714285714285714,5.625975213055714,7,144.0,0.2512540368691465,7,144.0
1595.0,37,0,14,1075,1112,0,93.0,2.5135135135135136,4.001333303185673,14,204.0,0.17157857450006317,14,204.0
1600.0,37,0,14,1078,1115,0,90.0,2.4324324324324325,2.1950553900728944,14,231.0,0.08374926742715337,14,231.0
1605.0,38,0,12,1080,1118,0,54.0,1.4210526315789473,3.49544076347199,12,198.0,0.10046396684791213,12,198.0
1610.0,40,0,10,1081,1121,0,40.0,1.0,5.636058464611123,10,172.0,0.19456297900737915,10,172.0
1615.0,38,2,5,1085,1123,0,27.0,0.7105263157894737,7.712573522080948,5,136.0,0.38692479607495983,5,136.0
1620.0,35,6,2,1090,1125,0,4.0,0.11428571428571428,8.293996664894157,2,133.0,0.48975854636615757,2,133.0
1625.0,36,4,8,1095,1131,0,30.0,0.8333333333333334,6.518999104157654,8,159.0,0.3809024848074714,8,159.0
1630.0,37,2,14,1099,1136,0,82.0,2.2162162162162162,4.611269698180245,14,211.0,0.21629053852828992,14,211.0
1635.0,38,0,15,1101,1139,0,84.0,2.210526315789474,3.156290226992334,15,242.0,0.13328320230493626,15,242.0
1640.0,38,0,11,1105,1143,0,58.0,1.5263157894736843,3.665523147737284,11,230.0,0.16397639683594947,11,230.0
1645.0,39,0,12,1105,1144,0,53.0,1.358974358974359,5.8185773300276775,12,191.0,0.1876029367473467,12,191.0
1650.0,38,0,4,1109,1147,0,13.0,0.34210526315789475,6.035481072333704,4,204.0,0.3033215263952486,4,204.0
1655.0,36,0,7,1114,1150,0,26.0,0.7222222222222222,5.251555641222328,7,225.0,0.2415764283540168,7,225.0
1660.0,36,0,14,1117,1153,0,80.0,2.2222222222222223,3.993279868051307,14,279.0,0.16931491108636312,14,279.0
1665.0,38,0,15,1120,1158,0,83.0,2.1842105263157894,3.1753961731417384,15,301.0,0.16253085180229745,15,301.0
1670.0,39,0,11,1123,1162,0,50.0,1.2820512820512822,4.338799144806854,11,238.0,0.18109329019317033,11,238.0
1675.0,44,0,9,1123,1167,0,36.0,0.8181818181818182,5.938444869923078,9,197.0,0.23097719213579862,9,197.0
1680.0,41,4,7,1126,1167,0,18.0,0.43902439024390244,5.313705689983604,7,224.0,0.2523919250091553,7,224.0
1685.0,35,7,8,1132,1167,0,32.0,0.9142857142857143,5.249753804717355,8,259.0,0.1889334785714539,8,259.0
1690.0,37,6,15,1135,1172,0,93.0,2.5135135135135136,3.9452595852679,15,320.0,0.13756600351559023,15,320.0
1695.0,38,4,16,1139,1177,0,97.0,2.5526315789473686,2.584776827238994,16,343.0,0.13357401132197552,16,343.0
1700.0,38,4,12,1141,1179,0,65.0,1.7105263157894737,3.296391567224631,12,297.0,0.1225061898309514,12,297.0
1705.0,41,6,11,1141,1182,0,42.0,1.024390243902439,5.651245698045193,11,228.0,0.1936702439894902,11,228.0
1710.0,37,10,7,1145,1182,0,26.0,0.7027027027027027,5.571882091576751,7,268.0,0.2235999233739897,7,268.0
1715.0,34,13,8,1150,1184,0,30.0,0.8823529411764706,4.946570637503778,8,299.0,0.265403353716105,8,299.0
1720.0,35,13,14,1153,1188,0,85.0,2.4285714285714284,3.5057262474893105,14,354.0,0.1913531337721024,14,354.0
1725.0,37,12,14,1155,1192,0,85.0,2.2972972972972974,1.7559149222190833,14,369.0,0.09374183846863353,14,369.0
1730.0,40,12,13,1156,1196,0,58.0,1.45,3.3393401276807935,13,331.0,0.13994871368660694,13,331.0
1735.0,43,13,12,1156,1199,0,57.0,1.3255813953488371,5.803906476414892,12,249.0,0.21737370143665155,12,249.0
1740.0,41,15,7,1160,1201,0,47.0,1.146341463414634,7.282137012420557,7,211.0,0.34935447247772744,7,211.0
1745.0,38,17,4,1165,1203,0,45.0,1.1842105263157894,8.725269142329863,4,164.0,0.49128772223908995,4,164.0
1750.0,37,13,1,1171,1208,0,1.0,0.02702702702702703,7.328577761216277,1,124.0,0.4423398961976907,1,124.0
1755.0,38,13,6,1174,1212,0,21.0,0.5526315789473685,6.583471206710517,6,127.0,0.33499138888108454,6,127.0
1760.0,37,11,12,1179,1216,0,68.0,1.837837837837838,5.326594983772514,12,174.0,0.20179971001047506,12,174.0
1765.0,41,9,14,1181,1222,0,69.0,1.6829268292682926,4.281229565334133,14,193.0,0.16871322974498404,14,193.0
1770.0,39,6,9,1187,1226,0,40.0,1.0256410256410255,4.3467548806307885,9,137.0,0.14730553348808645,9,137.0
1775.0,40,8,8,1189,1229,0,31.0,0.775,5.692813254720538,8,126.0,0.2266643752747461,8,126.0
1780.0,40,9,5,1192,1232,0,26.0,0.65,7.367124158719795,5,96.0,0.35560923762073193,5,96.0
1785.0,38,11,2,1197,1235,0,3.0,0.07894736842105263,7.894401556931268,2,85.0,0.4989761972725656,2,85.0
1790.0,39,8,8,1201,1240,0,30.0,0.7692307692307693,7.11670256280302,8,112.0,0.36373748596626027,8,112.0
1795.0,38,5,13,1206,1244,0,85.0,2.236842105263158,5.067199892376858,13,167.0,0.22222069818647575,13,167.0
1800.0,39,4,14,1210,1249,0,87.0,2.230769230769231,3.859731384817285,14,204.0,0.16843847565964307,14,204.0
1805.0,41,3,10,1213,1254,0,50.0,1.2195121951219512,4.506550589794539,10,195.0,0.19247140105063118,10,195.0
1810.0,43,3,11,1215,1258,0,41.0,0.9534883720930233,5.503143050097269,11,171.0,0.22749638335582575,11,171.0
1815.0,43,2,8,1218,1261,0,34.0,0.7906976744186046,6.910589206853484,8,155.0,0.35238752328397177,8,155.0
1820.0,40,5,3,1223,1263,0,6.0,0.15,6.8168596599614855,3,155.0,0.4078923650984744,3,155.0
1825.0,40,4,8,1228,1268,0,37.0,0.925,5.966679086811441,8,174.0,0.3099949319327312,8,174.0
1830.0,40,5,14,1231,1271,0,94.0,2.35,5.038453559774666,14,231.0,0.18620630700621657,14,231.0
1835.0,40,6,15,1236,1276,0,92.0,2.3,3.131033028030794,15,260.0,0.11849043411847911,15,260.0
1840.0,41,4,13,1239,1280,0,59.0,1.4390243902439024,4.058864982394862,13,241.0,0.1634512608244647,13,241.0
1845.0,41,5,11,1241,1282,0,55.0,1.3414634146341464,5.299807840235908,11,204.0,0.1859507936643802,11,204.0
1850.0,39,8,7,1245,1284,0,38.0,0.9743589743589743,6.681009745231868,7,191.0,0.3468501558717239,7,191.0
1855.0,36,11,3,1249,1285,0,26.0,0.7222222222222222,8.230072594044167,3,129.0,0.49597915929885256,3,129.0
1860.0,39,8,4,1253,1292,0,43.0,1.1025641025641026,9.174068113675093,4,102.0,0.5761022121136135,4,102.0
1865.0,39,7,1,1258,1297,0,1.0,0.02564102564102564,7.905607550508909,1,77.0,0.4862898627981391,1,77.0
1870.0,40,4,6,1263,1303,0,21.0,0.525,6.659236421652485,6,80.0,0.32719793201459063,6,80.0
1875.0,39,2,14,1269,1308,0,75.0,1.9230769230769231,5.004936621422465,14,134.0,0.22260299168818362,14,134.0
1880.0,41,1,13,1272,1313,0,79.0,1.9268292682926829,3.7679388723989993,13,168.0,0.13830598774384759,13,168.0
1885.0,39,0,11,1277,1316,0,53.0,1.358974358974359,3.727327857144296,11,159.0,0.11520980401111933,11,159.0
1890.0,43,2,9,1279,1322,0,37.0,0.8604651162790697,5.933944850695604,9,133.0,0.23002153964799624,9,133.0
1895.0,40,5,7,1283,1323,0,29.0,0.725,7.615566244368378,7,135.0,0.40658572246326746,7,135.0
1900.0,37,5,2,1287,1324,0,16.0,0.43243243243243246,8.873944185939484,2,104.0,0.4994498129141619,2,104.0
1905.0,39,5,5,1293,1332,0,35.0,0.8974358974358975,9.393545381034935,5,89.0,0.5846153115136782,5,89.0
1910.0,37,6,3,1298,1335,0,3.0,0.08108108108108109,8.099356681005304,3,72.0,0.501184640073964,3,72.0
1915.0,39,2,7,1303,1342,0,25.0,0.6410256410256411,6.861881906866445,7,76.0,0.3569486388719152,7,76.0
1920.0,39,2,12,1307,1346,0,76.0,1.9487179487179487,6.067443273263452,12,126.0,0.27775547100852893,12,126.0
1925.0,40,0,12,1310,1350,0,72.0,1.8,4.725633747095295,12,157.0,0.22508245037703928,12,157.0
1930.0,39,0,10,1316,1355,0,39.0,1.0,4.641025572791798,10,147.0,0.20841388964996355,10,147.0
1935.0,41,1,9,1318,1359,0,43.0,1.048780487804878,5.425020142202518,9,117.0,0.1745734395407729,9,117.0
1940.0,42,2,6,1321,1363,0,52.0,1.2380952380952381,6.591350532750302,6,112.0,0.30806144109896855,6,112.0
1945.0,39,5,1,1325,1364,0,1.0,0.02564102564102564,7.291144117681738,1,86.0,0.416147099832996,1,86.0
1950.0,37,4,6,1331,1368,0,21.0,0.5675675675675675,6.9451118841381465,6,79.0,0.35346213487086864,6,79.0
1955.0,38,3,12,1336,1374,0,69.0,1.8157894736842106,5.2191568291643975,12,127.0,0.25352892520506703,12,127.0
1960.0,40,2,12,1340,1380,0,63.0,1.575,3.603148401136481,12,154.0,0.19704973418772723,12,154.0
1965.0,40,0,13,1343,1383,0,52.0,1.3,3.130828187508191,13,154.0,0.12452370014907226,13,154.0
1970.0,43,2,12,1343,1386,0,54.0,1.255813953488372,4.738835699522925,12,148.0,0.13696467421129913,12,148.0
1975.0,40,7,8,1347,1387,0,60.0,1.5,6.131488830206939,8,151.0,0.25052151043974696,8,151.0
1980.0,36,10,3,1351,1387,0,5.0,0.1388888888888889,6.755445389015488,3,135.0,0.3479742812835626,3,135.0
1985.0,34,9,8,1357,1391,0,31.0,0.9117647058823529,5.8953630434912805,8,128.0,0.29075813794902944,8,128.0
1990.0,35,8,15,1360,1395,0,90.0,2.5714285714285716,4.333585206304812,15,187.0,0.19468346897119598,15,187.0
1995.0,36,6,13,1364,1400,0,89.0,2.4722222222222223,2.803232555937919,13,222.0,0.14295201076544078,13,222.0
2000.0,39,5,13,1366,1405,0,65.0,1.6666666666666667,4.001419891078029,13,216.0,0.18617665980819575,13,216.0
2005.0,42,7,11,1366,1408,0,53.0,1.2619047619047619,5.951957616349147,11,186.0,0.23755777513132476,11,186.0
2010.0,39,8,8,1370,1409,0,44.0,1.1282051282051282,6.669889277163756,8,167.0,0.2835917906118782,8,167.0
2015.0,34,11,2,1375,1409,0,2.0,0.058823529411764705,7.107045143864352,2,142.0,0.38644571754362544,2,142.0
2020.0,34,10,7,1380,1414,0,27.0,0.7941176470588235,5.980691330435768,7,161.0,0.29117650491790864,7,161.0
2025.0,36,8,12,1383,1419,0,79.0,2.1944444444444446,4.365795722833127,12,213.0,0.20415121678355755,12,213.0
2030.0,35,7,14,1388,1423,0,75.0,2.142857142857143,2.8372971487122234,14,237.0,0.17218441014430722,14,237.0
2035.0,39,4,11,1389,1428,0,48.0,1.2307692307692308,3.976074142524112,11,217.0,0.17975022298694265,11,217.0
2040.0,44,4,11,1389,1433,0,43.0,0.9772727272727273,5.654399173008519,11,172.0,0.22320051030392407,11,172.0
2045.0,41,6,8,1393,1434,0,44.0,1.0731707317073171,6.895322108520842,8,145.0,0.31389598681671405,8,145.0
2050.0,37,8,5,1398,1435,0,50.0,1.3513513513513513,8.166866109205635,5,128.0,0.4645145314875336,5,128.0
2055.0,37,6,1,1403,1440,0,1.0,0.02702702702702703,7.843553882694807,1,96.0,0.4839119057426047,1,96.0
2060.0,36,5,4,1408,1444,0,16.0,0.4444444444444444,7.046101588612448,4,80.0,0.36117548071521755,4,80.0
2065.0,35,4,12,1413,1448,0,60.0,1.7142857142857142,5.260893833585277,12,124.0,0.1978744742158679,12,124.0
2070.0,37,1,12,1417,1454,0,61.0,1.6486486486486487,3.7560640373840624,12,151.0,0.16180745009031536,12,151.0
2075.0,37,0,8,1421,1458,0,33.0,0.8918918918918919,4.040492996680483,8,143.0,0.1852339472243853,8,143.0
2080.0,38,2,8,1422,1460,0,22.0,0.5789473684210527,5.667604429637262,8,108.0,0.1890868805325948,8,108.0
2085.0,36,3,5,1426,1462,0,8.0,0.2222222222222222,7.056229260083679,5,98.0,0.36336986557696527,5,98.0
2090.0,35,7,1,1430,1465,0,6.0,0.17142857142857143,9.344822703974545,1,71.0,0.615523324054882,1,71.0
2095.0,33,5,2,1436,1469,0,3.0,0.09090909090909091,8.377717762136482,2,63.0,0.5575313015339257,2,63.0
2100.0,34,5,7,1440,1474,0,27.0,0.7941176470588235,6.243116801551796,7,87.0,0.30505760579730523,7,87.0
2105.0,35,4,14,1444,1479,0,85.0,2.4285714285714284,4.432705311410421,14,145.0,0.20037341833460062,14,145.0
2110.0,38,2,15,1447,1485,0,89.0,2.3421052631578947,3.40672987305054,15,186.0,0.18131892892581017,15,186.0
2115.0,39,3,11,1450,1489,0,56.0,1.435897435897436,4.461192081579136,11,171.0,0.20717392860648853,11,171.0
2120.0,41,2,9,1450,1491,0,38.0,0.926829268292683,5.7859712890980335,9,150.0,0.21972975937767936,9,150.0
2125.0,41,5,8,1454,1495,0,35.0,0.8536585365853658,6.994859464686312,8,132.0,0.33413044440836415,8,132.0
2130.0,37,7,0,1459,1496,0,0.0,0.0,7.483505618154334,0,121.0,0.46348629225683674,0,121.0
2135.0,39,5,7,1463,1502,0,24.0,0.6153846153846154,6.893925833839958,7,136.0,0.3621245410818798,7,136.0
2140.0,40,3,14,1468,1508,0,81.0,2.025,5.121767304572202,14,193.0,0.24339101809500788,14,193.0
2145.0,40,0,14,1472,1512,0,88.0,2.2,3.35730050170543,14,231.0,0.14883137410382988,14,231.0
2150.0,40,0,13,1475,1515,0,62.0,1.55,3.969030161743123,13,226.0,0.15598889262952748,13,226.0
2155.0,43,0,12,1476,1519,0,56.0,1.302325581395349,5.191056333484398,12,191.0,0.15484605716073876,12,191.0
2160.0,40,2,7,1480,1520,0,22.0,0.55,5.065226593326914,7,213.0,0.23930395598034895,7,213.0
2165.0,36,3,7,1485,1521,0,25.0,0.6944444444444444,5.288432418997454,7,230.0,0.2441123450981359,7,230.0
2170.0,37,1,13,1488,1525,0,77.0,2.081081081081081,3.9500450393278945,13,282.0,0.17553867776092097,13,282.0
2175.0,37,1,14,1492,1529,0,79.0,2.135135135135135,2.595197698877958,14,302.0,0.13454696687471726,14,302.0
2180.0,41,0,10,1493,1534,0,44.0,1.0731707317073171,4.311993993954569,10,237.0,0.18142731857345673,10,237.0
2185.0,42,0,10,1494,1536,0,38.0,0.9047619047619048,5.596637995751555,10,201.0,0.20253078574385372,10,201.0
2190.0,39,3,8,1498,1537,0,34.0,0.8717948717948718,6.753521992771645,8,172.0,0.307976701101556,8,172.0
2195.0,37,5,4,1502,1539,0,37.0,1.0,8.633103798965589,4,136.0,0.509595142315876,4,136.0
2200.0,36,4,2,1507,1543,0,2.0,0.05555555555555555,7.4369644267993396,2,104.0,0.4383675991908724,2,104.0
2205.0,35,2,7,1512,1547,0,26.0,0.7428571428571429,6.362527864966061,7,113.0,0.26355329659348165,7,113.0
2210.0,36,0,13,1517,1553,0,80.0,2.2222222222222223,4.8547228383501375,13,167.0,0.21077840652965926,13,167.0
2215.0,33,0,14,1522,1555,0,80.0,2.4242424242424243,3.2301355320675547,14,193.0,0.18144338175764807,14,193.0
2220.0,33,0,9,1524,1557,0,42.0,1.2727272727272727,4.858184328162548,9,176.0,0.24183938836452534,9,176.0
2225.0,36,0,4,1524,1560,0,21.0,0.5833333333333334,6.722032043507948,4,123.0,0.2786680309217168,4,123.0
2230.0,36,0,2,1528,1564,0,2.0,0.05555555555555555,6.130808639177536,2,128.0,0.3046790241554596,2,128.0
2235.0,35,0,7,1533,1568,0,23.0,0.6571428571428571,5.341312476147476,7,146.0,0.23942066672761186,7,146.0
2240.0,35,0,14,1536,1571,0,76.0,2.1714285714285713,4.246854122703901,14,199.0,0.21381503767321142,14,199.0
2245.0,33,0,15,1539,1572,0,84.0,2.5454545454545454,2.7371457092681495,15,227.0,0.13146605551377255,15,227.0
2250.0,34,0,14,1541,1575,0,61.0,1.7941176470588236,4.040048432293443,14,218.0,0.1737197032912786,14,218.0
2255.0,37,0,8,1541,1578,0,44.0,1.1891891891891893,6.4369021548835175,8,170.0,0.25657364049891623,8,170.0
2260.0,38,0,3,1544,1582,0,37.0,0.9736842105263158,8.182072130080835,3,133.0,0.41921681818914464,3,133.0
2265.0,36,1,2,1550,1586,0,3.0,0.08333333333333333,7.638432815891629,2,99.0,0.44339181223212043,2,99.0
2270.0,36,0,9,1556,1592,0,30.0,0.8333333333333334,6.871228116707343,9,111.0,0.3770498817874743,9,111.0
2275.0,38,0,14,1559,1597,0,87.0,2.289473684210526,4.943602022931887,14,169.0,0.22696617852109588,14,169.0
2280.0,37,0,14,1563,1600,0,90.0,2.4324324324324325,3.137710688171824,14,203.0,0.14435059795061003,14,203.0
2285.0,39,0,13,1565,1604,0,54.0,1.3846153846153846,4.609018758436247,13,175.0,0.1981684677279038,13,175.0
2290.0,42,0,10,1566,1608,0,48.0,1.1428571428571428,6.719526787064506,10,154.0,0.30939888860770093,10,154.0
2295.0,41,0,4,1570,1611,0,6.0,0.14634146341463414,5.40197865964073,4,166.0,0.2649203560303706,4,166.0
2300.0,38,2,8,1575,1613,0,35.0,0.9210526315789473,5.691672438697055,8,185.0,0.2681651028050344,8,185.0
2305.0,40,0,14,1578,1618,0,98.0,2.45,4.473127737488451,14,248.0,0.17610871233919162,14,248.0
2310.0,39,0,16,1582,1621,0,99.0,2.5384615384615383,3.3877633586740714,16,280.0,0.1442868644055002,16,280.0
2315.0,38,0,13,1586,1624,0,66.0,1.736842105263158,4.539700517895315,13,264.0,0.21087175128855754,13,264.0
2320.0,41,0,11,1586,1627,0,61.0,1.4878048780487805,6.217488741142146,11,219.0,0.24113862899257482,11,219.0
2325.0,43,0,5,1590,1633,0,34.0,0.7906976744186046,7.016615534089378,5,181.0,0.34061749481465653,5,181.0
2330.0,41,2,2,1595,1636,0,3.0,0.07317073170731707,7.161922931211445,2,160.0,0.4307418268396528,2,160.0
2335.0,40,0,7,1600,1640,0,23.0,0.575,6.716067692706199,7,157.0,0.36704410011645305,7,157.0
2340.0,37,0,13,1604,1641,0,73.0,1.972972972972973,5.5901591555045265,13,209.0,0.17408951969668787,13,209.0
2345.0,36,0,14,1609,1645,0,72.0,2.0,4.123160403782677,14,226.0,0.1687281472878947,14,226.0
2350.0,35,0,10,1613,1648,0,48.0,1.3714285714285714,5.322294166160053,10,202.0,0.27394922417236345,10,202.0
2355.0,40,0,5,1615,1655,0,28.0,0.7,6.853399578457894,5,131.0,0.34577684204737075,5,131.0
2360.0,39,1,3,1619,1658,0,24.0,0.6153846153846154,6.715480238150899,3,97.0,0.3535751118364282,3,97.0
2365.0,36,1,4,1623,1659,0,42.0,1.1666666666666667,7.905133686981848,4,75.0,0.44657579869158165,4,75.0
2370.0,39,0,1,1626,1665,0,2.0,0.05128205128205128,7.245430949505922,1,55.0,0.43009513055918114,1,55.0
2375.0,37,0,8,1632,1669,0,32.0,0.8648648648648649,6.669898604875685,8,65.0,0.3274451774747125,8,65.0
2380.0,38,0,15,1637,1675,0,94.0,2.473684210526316,5.709330141155938,15,127.0,0.2696408369516257,15,127.0
2385.0,39,0,21,1640,1679,0,187.0,4.794871794871795,4.398204100572504,21,220.0,0.183341154700396,21,220.0
2390.0,38,0,23,1644,1682,0,197.0,5.184210526315789,2.870306304285164,23,286.0,0.13021117350290892,23,286.0
2395.0,39,0,17,1646,1685,0,138.0,3.5384615384615383,4.471341477029091,17,279.0,0.21014902223909535,17,279.0
2400.0,42,0,11,1647,1689,0,96.0,2.2857142857142856,6.302290843549754,11,264.0,0.30271777966835806,11,264.0
2405.0,42,0,6,1650,1692,0,58.0,1.380952380952381,7.368678873395176,6,215.0,0.36135784304871593,6,215.0
2410.0,38,0,3,1655,1693,0,6.0,0.15789473684210525,6.82287905063403,3,201.0,0.3643101698986263,3,201.0
2415.0,35,0,8,1660,1695,0,30.0,0.8571428571428571,6.287857402991021,8,190.0,0.28709196728370046,8,190.0
2420.0,35,0,14,1665,1700,0,88.0,2.5142857142857142,5.157592477069022,14,246.0,0.19758989663094928,14,246.0
2425.0,36,0,14,1668,1704,0,93.0,2.5833333333333335,4.006445993821609,14,272.0,0.18344991087736853,14,272.0
2430.0,35,0,11,1673,1708,0,63.0,1.8,5.210727620733443,11,233.0,0.24007167863535464,11,233.0
2435.0,38,0,7,1674,1712,0,38.0,1.0,7.124965473716943,7,147.0,0.32526451355468144,7,147.0
2440.0,37,0,2,1678,1715,0,3.0,0.08108108108108109,5.601316290697182,2,158.0,0.23552688019424858,2,158.0
2445.0,32,0,8,1684,1716,0,27.0,0.84375,4.8144564122603,8,180.0,0.22232620893581292,8,180.0
2450.0,31,0,13,1687,1718,0,82.0,2.6451612903225805,3.2138933476489973,13,235.0,0.16759861759725034,13,235.0
2455.0,32,0,15,1690,1722,0,87.0,2.71875,1.9272554968114006,15,259.0,0.12376969119979607,15,259.0
2460.0,37,0,12,1690,1727,0,55.0,1.4864864864864864,3.489109230809605,12,234.0,0.15178769244245102,12,234.0
2465.0,38,0,10,1690,1728,0,38.0,1.0,5.529475800828831,10,175.0,0.21133979950995696,10,175.0
2470.0,37,0,6,1693,1730,0,18.0,0.4864864864864865,5.191055282841333,6,198.0,0.19387432076705421,6,198.0
2475.0,35,3,8,1697,1732,0,34.0,0.9714285714285714,5.058061718299893,8,231.0,0.24917554616845092,8,231.0
2480.0,31,4,14,1703,1734,0,89.0,2.870967741935484,2.7737604080872975,14,286.0,0.1856693616221396,14,286.0
2485.0,35,2,16,1704,1739,0,90.0,2.5714285714285716,1.8143457049581282,16,307.0,0.12178008384504009,16,307.0
2490.0,38,3,13,1704,1742,0,62.0,1.631578947368421,3.0699981120896767,13,272.0,0.10543215635136169,13,272.0
2495.0,41,5,12,1704,1745,0,56.0,1.3658536585365855,4.856659189575335,12,228.0,0.16388456441680432,12,228.0
2500.0,39,8,6,1706,1745,0,36.0,0.9230769230769231,6.901764074878645,6,196.0,0.3151167101829556,6,196.0
2505.0,33,11,2,1712,1745,0,2.0,0.06060606060606061,7.240683524632788,2,163.0,0.40260335958427307,2,163.0
2510.0,34,12,6,1717,1751,0,25.0,0.7352941176470589,6.448012178672034,6,186.0,0.33919959819365003,6,186.0
2515.0,35,9,13,1722,1757,0,75.0,2.142857142857143,4.436340415979535,13,236.0,0.2739283241754413,13,236.0
2520.0,38,7,14,1725,1763,0,75.0,1.9736842105263157,2.2386620079620063,14,255.0,0.15020315747924654,14,255.0
2525.0,42,5,14,1725,1767,0,55.0,1.3095238095238095,3.800489763462152,14,209.0,0.16523561859224778,14,209.0
2530.0,45,6,14,1725,1770,0,63.0,1.4,5.290908766236763,14,194.0,0.20215170967366203,14,194.0
2535.0,43,9,7,1728,1771,0,24.0,0.5581395348837209,5.319376888011427,7,220.0,0.25200907681425533,7,220.0
2540.0,39,12,7,1733,1772,0,25.0,0.6410256410256411,5.759684834227978,7,237.0,0.26805294208794933,7,237.0
2545.0,41,10,14,1737,1778,0,78.0,1.9024390243902438,4.801081700044627,14,290.0,0.23103548399519952,14,290.0
2550.0,41,10,14,1741,1782,0,78.0,1.9024390243902438,3.299096931593608,14,309.0,0.14809376688718556,14,309.0
2555.0,41,9,14,1744,1785,0,52.0,1.2682926829268293,3.3995909523149583,14,278.0,0.11911556825235084,14,278.0
2560.0,43,10,13,1745,1788,0,63.0,1.4651162790697674,5.4978683858411035,13,232.0,0.1894895950711642,13,232.0
2565.0,40,14,8,1749,1789,0,59.0,1.475,7.203668207970608,8,227.0,0.3588237451940039,8,227.0
2570.0,38,17,2,1753,1791,0,2.0,0.05263157894736842,7.587572963774569,2,185.0,0.44154793798722103,2,185.0
2575.0,38,15,7,1759,1797,0,26.0,0.6842105263157895,6.8919005039839085,7,194.0,0.35526694977712786,7,194.0
2580.0,38,14,13,1763,1801,0,82.0,2.1578947368421053,5.036243419658028,13,250.0,0.2457783997047491,13,250.0
2585.0,38,12,15,1769,1807,0,83.0,2.1842105263157894,3.609601212995244,15,276.0,0.2178105831894389,15,276.0
2590.0,45,9,11,1769,1814,0,51.0,1.1333333333333333,4.570177651407654,11,246.0,0.21830808395276258,11,246.0
2595.0,46,11,12,1771,1817,0,48.0,1.0434782608695652,5.400502280215099,12,190.0,0.22480328653286002,12,190.0
2600.0,43,13,9,1775,1818,0,44.0,1.0232558139534884,6.078674527924385,9,167.0,0.26613194667938184,9,167.0
2605.0,39,16,3,1780,1819,0,5.0,0.1282051282051282,6.775071804613123,3,152.0,0.3862862326677935,3,152.0
2610.0,40,14,6,1783,1823,0,23.0,0.575,6.553331930568892,6,148.0,0.31832053822731304,6,148.0
2615.0,41,14,13,1788,1829,0,73.0,1.7804878048780488,5.311527499498972,13,195.0,0.19362299096167365,13,195.0
2620.0,40,13,13,1793,1833,0,73.0,1.825,4.2103380881537955,13,214.0,0.18176020775427168,13,214.0
2625.0,40,10,8,1799,1839,0,35.0,0.875,4.34155613493438,8,188.0,0.21777540784275398,8,188.0
2630.0,42,9,9,1799,1841,0,27.0,0.6428571428571429,5.733466352952497,9,145.0,0.21369210434396527,9,145.0
2635.0,40,11,6,1803,1843,0,13.0,0.325,5.018231372060886,6,173.0,0.2130591984985207,6,173.0
2640.0,36,14,8,1807,1843,0,31.0,0.8611111111111112,5.395414785471627,8,200.0,0.22398487665083944,8,200.0
2645.0,38,12,14,1811,1849,0,89.0,2.3421052631578947,4.259253370805832,14,259.0,0.18733548915883208,14,259.0
2650.0,39,9,14,1815,1854,0,90.0,2.3076923076923075,3.1247488428106185,14,281.0,0.1686347824436131,14,281.0
2655.0,40,8,11,1817,1857,0,59.0,1.475,3.8712142731176145,11,250.0,0.18148400701373388,11,250.0
2660.0,43,7,13,1817,1860,0,38.0,0.8837209302325582,5.224262274661854,13,198.0,0.18820532842563056,13,198.0
2665.0,40,10,7,1821,1861,0,31.0,0.775,6.793585801287992,7,193.0,0.3225259656457388,7,193.0
2670.0,38,12,0,1825,1863,0,0.0,0.0,7.752583129934272,0,164.0,0.4200780668600753,0,164.0
2675.0,36,10,5,1831,1867,0,17.0,0.4722222222222222,6.703932772808762,5,170.0,0.32033935687833204,5,170.0
2680.0,36,7,12,1835,1871,0,65.0,1.8055555555555556,4.675055299987507,12,218.0,0.15785552515298013,12,218.0
2685.0,37,4,11,1840,1877,0,67.0,1.8108108108108107,3.4333301492615744,11,238.0,0.15661734923467197,11,238.0
2690.0,39,2,9,1843,1882,0,33.0,0.8461538461538461,3.861040299488445,9,203.0,0.1843914751474345,9,203.0
2695.0,40,2,7,1843,1883,0,20.0,0.5,5.567134556426512,7,143.0,0.20959787795658,7,143.0
2700.0,39,2,6,1846,1885,0,17.0,0.4358974358974359,6.676748007914634,6,126.0,0.3080907564003461,6,126.0
2705.0,37,5,3,1851,1888,0,25.0,0.6756756756756757,8.98017902896936,3,87.0,0.5401473431155864,3,87.0
2710.0,38,5,3,1856,1894,0,40.0,1.0526315789473684,9.472524395195556,3,77.0,0.6077776878063355,3,77.0
2715.0,36,4,1,1862,1898,0,2.0,0.05555555555555555,7.105547076501018,1,55.0,0.4198034796247414,1,55.0
2720.0,35,3,7,1867,1902,0,25.0,0.7142857142857143,6.412927775519861,7,62.0,0.31905853657109556,7,62.0
2725.0,38,1,14,1870,1908,0,80.0,2.1052631578947367,5.121288417459016,14,117.0,0.19530573716478833,14,117.0
2730.0,36,0,20,1874,1910,0,167.0,4.638888888888889,3.0950672168413997,20,204.0,0.09116621164168057,20,204.0
2735.0,35,0,21,1878,1913,0,174.0,4.9714285714285715,1.7607828341178833,21,270.0,0.059475468287623255,21,270.0
2740.0,37,0,16,1880,1917,0,122.0,3.2972972972972974,3.452585538967395,16,284.0,0.14585702176887405,16,284.0
2745.0,40,0,11,1880,1920,0,78.0,1.95,5.38944143739005,11,245.0,0.1986571087039802,11,245.0
2750.0,39,3,5,1883,1922,0,33.0,0.8461538461538461,7.657728646897446,5,227.0,0.41514576359197713,5,227.0
2755.0,34,5,1,1888,1922,0,1.0,0.029411764705882353,7.86857634358736,1,208.0,0.446563901612378,1,208.0
2760.0,34,4,8,1893,1927,0,26.0,0.7647058823529411,6.445561722557515,8,233.0,0.33146134262266613,8,233.0
2765.0,35,2,14,1898,1933,0,80.0,2.2857142857142856,4.511709970720063,14,287.0,0.24129745889046492,14,287.0
2770.0,37,0,14,1901,1938,0,81.0,2.189189189189189,3.1925565752537475,14,310.0,0.19082769025548452,14,310.0
2775.0,39,0,13,1902,1941,0,59.0,1.5128205128205128,3.8213353713975935,13,279.0,0.16676592740110557,13,279.0
2780.0,42,0,11,1902,1944,0,51.0,1.2142857142857142,5.383741763620238,11,212.0,0.1813872179688719,11,212.0
2785.0,40,2,10,1906,1946,0,57.0,1.425,6.687583437249508,10,174.0,0.3117276661323441,10,174.0
2790.0,38,5,4,1911,1949,0,60.0,1.5789473684210527,8.696968791413036,4,142.0,0.5325782100522605,4,142.0
2795.0,39,3,5,1915,1954,0,85.0,2.1794871794871793,9.145347955099103,5,130.0,0.5786127434413871,5,130.0
2800.0,40,0,1,1920,1960,0,2.0,0.05,7.130825860492126,1,97.0,0.43192150036974114,1,97.0
2805.0,38,0,8,1926,1964,0,32.0,0.8421052631578947,7.031144130375857,8,77.0,0.39227636635219376,8,77.0
2810.0,38,0,14,1930,1968,0,88.0,2.3157894736842106,6.230318653426918,14,133.0,0.23723773052482963,14,133.0
2815.0,38,0,13,1934,1972,0,87.0,2.289473684210526,4.565321848534673,13,170.0,0.17696840758698704,13,170.0
2820.0,36,0,11,1940,1976,0,49.0,1.3611111111111112,4.263184008640567,11,161.0,0.19099754615983733,11,161.0
2825.0,39,0,9,1941,1980,0,41.0,1.0512820512820513,5.615776305113121,9,134.0,0.2040992600244646,9,134.0
2830.0,39,2,5,1945,1984,0,25.0,0.6410256410256411,6.861595706339775,5,126.0,0.36423621175194587,5,126.0
2835.0,36,3,1,1948,1984,0,1.0,0.027777777777777776,7.590303648983242,1,94.0,0.4157252661011634,1,94.0
2840.0,37,3,7,1954,1991,0,23.0,0.6216216216216216,7.066593317625444,7,116.0,0.3831177045222768,7,116.0
2845.0,38,3,13,1958,1996,0,78.0,2.0526315789473686,5.123278820731711,13,171.0,0.2576081563666246,13,171.0
2850.0,41,0,14,1963,2004,0,81.0,1.975609756097561,2.7462826982983892,14,206.0,0.17383970769451698,14,206.0
2855.0,43,0,14,1964,2007,0,61.0,1.4186046511627908,3.431188990921286,14,201.0,0.17355064304335274,14,201.0
2860.0,45,0,13,1964,2009,0,62.0,1.3777777777777778,4.816709604295339,13,188.0,0.2116587345388814,13,188.0
2865.0,45,0,6,1965,2010,0,17.0,0.37777777777777777,5.289135441322575,6,199.0,0.21984997795415046,6,199.0
2870.0,40,3,7,1971,2011,0,28.0,0.7,5.774857405964816,7,212.0,0.23328715594548236,7,212.0
2875.0,39,4,14,1976,2015,0,83.0,2.128205128205128,4.257204632647826,14,267.0,0.15044270360312725,14,267.0
2880.0,38,3,15,1980,2018,0,83.0,2.1842105263157894,2.7948898218415774,15,294.0,0.10471313365257774,15,294.0
2885.0,38,4,11,1984,2022,0,50.0,1.3157894736842106,3.284848759714468,11,267.0,0.12206899908407881,11,267.0
2890.0,42,3,12,1984,2026,0,44.0,1.0476190476190477,5.7587523845981465,12,215.0,0.21935983236057602,12,215.0
2895.0,39,6,5,1988,2027,0,24.0,0.6153846153846154,7.429422269657291,5,178.0,0.33299056788722464,5,178.0
2900.0,36,9,3,1993,2029,0,21.0,0.5833333333333334,9.01350674064633,3,113.0,0.4851991544146657,3,113.0
2905.0,35,8,1,1998,2033,0,1.0,0.02857142857142857,8.372239907615302,1,101.0,0.501882110730686,1,101.0
2910.0,36,4,6,2003,2039,0,22.0,0.6111111111111112,7.010626809320844,6,114.0,0.382642487719765,6,114.0
2915.0,37,1,12,2007,2044,0,72.0,1.945945945945946,4.677634182469612,12,164.0,0.1894757139668383,12,164.0
2920.0,36,0,14,2011,2047,0,71.0,1.9722222222222223,3.5332923425180036,14,185.0,0.17003463587652232,14,185.0
2925.0,38,0,11,2013,2051,0,46.0,1.2105263157894737,4.650553573316181,11,159.0,0.179727150077661,11,159.0
2930.0,39,0,8,2015,2054,0,35.0,0.8974358974358975,6.27235641122345,8,137.0,0.24739745278497094,8,137.0
2935.0,37,0,5,2019,2056,0,32.0,0.8648648648648649,7.51207993094827,5,118.0,0.3231313409115781,5,118.0
2940.0,33,3,3,2025,2058,0,40.0,1.2121212121212122,8.698232938253346,3,103.0,0.5081200601858102,3,103.0
2945.0,33,2,4,2030,2063,0,60.0,1.8181818181818181,8.912699891844087,4,96.0,0.5505828261063522,4,96.0
2950.0,34,2,1,2034,2068,0,2.0,0.058823529411764705,7.6492942347019515,1,56.0,0.4690761532845992,1,56.0
2955.0,36,0,7,2039,2075,0,27.0,0.75,6.815257755504527,7,59.0,0.35766569584701313,7,59.0
2960.0,37,0,12,2042,2079,0,81.0,2.189189189189189,5.477636905385371,12,113.0,0.27678669376385906,12,113.0
2965.0,34,0,15,2048,2082,0,81.0,2.3823529411764706,2.209799520341719,15,149.0,0.11895847958555032,15,149.0
2970.0,37,0,13,2049,2086,0,57.0,1.5405405405405406,4.141438802327369,13,156.0,0.2003337941425565,13,156.0
2975.0,42,0,11,2049,2091,0,66.0,1.5714285714285714,6.667073723941828,11,156.0,0.33392016418911996,11,156.0
2980.0,44,0,5,2052,2096,0,57.0,1.2954545454545454,6.783816857578847,5,147.0,0.32765663428618036,5,147.0
2985.0,41,3,3,2058,2099,0,8.0,0.1951219512195122,6.5844109630129575,3,136.0,0.37431204734281326,3,136.0
2990.0,41,1,8,2063,2104,0,33.0,0.8048780487804879,6.429727309139515,8,127.0,0.35035372602429254,8,127.0
2995.0,44,0,13,2066,2110,0,88.0,2.0,5.888493085074918,13,179.0,0.26010446799744263,13,179.0
3000.0,43,0,15,2070,2113,0,88.0,2.046511627906977,3.9716722105775806,15,213.0,0.1525267274114018,15,213.0
3005.0,38,0,13,2076,2114,0,58.0,1.5263157894736843,3.304437607614385,13,203.0,0.11819825590073407,13,203.0
3010.0,39,0,12,2077,2116,0,63.0,1.6153846153846154,5.052510824006655,12,174.0,0.1825610917611369,12,174.0
3015.0,42,0,2,2079,2121,0,4.0,0.09523809523809523,5.29853616772393,2,182.0,0.2680444961265215,2,182.0
3020.0,41,2,8,2083,2124,0,26.0,0.6341463414634146,5.909334402442821,8,191.0,0.2940764029866621,8,191.0
3025.0,41,3,14,2088,2129,0,83.0,2.024390243902439,5.244426506311048,14,248.0,0.2623351000599278,14,248.0
3030.0,41,1,14,2093,2134,0,87.0,2.1219512195121952,2.899190162719931,14,274.0,0.14290261342197957,14,274.0
3035.0,42,0,15,2095,2137,0,58.0,1.380952380952381,3.3347986132980787,15,260.0,0.11922063140711996,15,260.0
3040.0,44,0,15,2096,2140,0,75.0,1.7045454545454546,5.212522757871333,15,224.0,0.17109884159506936,15,224.0
3045.0,42,1,10,2099,2141,0,75.0,1.7857142857142858,6.636806312288306,10,221.0,0.3158194538239254,10,221.0
3050.0,38,2,1,2104,2142,0,2.0,0.05263157894736842,7.348954448456976,1,180.0,0.40511698331092494,1,180.0
3055.0,37,0,7,2110,2147,0,22.0,0.5945945945945946,6.64561478906919,7,169.0,0.33375610864088784,7,169.0
3060.0,36,1,13,2114,2150,0,79.0,2.1944444444444446,4.53094743986186,13,226.0,0.1685887713222814,13,226.0
3065.0,37,0,12,2118,2155,0,81.0,2.189189189189189,3.313599855044272,12,243.0,0.14362789596577835,12,243.0
3070.0,36,0,10,2122,2158,0,42.0,1.1666666666666667,4.179998309769788,10,228.0,0.2018190620078114,10,228.0
3075.0,37,0,8,2122,2159,0,32.0,0.8648648648648649,5.983430610868531,8,170.0,0.25236583950904035,8,170.0
3080.0,37,0,2,2125,2162,0,16.0,0.43243243243243246,7.11092885429843,2,109.0,0.30891386591678477,2,109.0
3085.0,34,0,0,2130,2164,0,0.0,0.0,7.105842893750381,0,96.0,0.3828226508747097,0,96.0
3090.0,32,0,7,2135,2167,0,21.0,0.65625,6.71639407079985,7,114.0,0.3248738419653594,7,114.0
3095.0,29,0,12,2140,2169,0,68.0,2.3448275862068964,3.810140851765423,12,161.0,0.1820398148762825,12,161.0
3100.0,27,0,19,2143,2170,0,148.0,5.481481481481482,2.1079381661112166,19,241.0,0.09031134792702752,19,241.0
3105.0,33,0,17,2144,2177,0,149.0,4.515151515151516,4.276559237537637,17,281.0,0.27876574172486035,17,281.0
3110.0,35,0,10,2144,2179,0,77.0,2.2,4.95801495976568,10,251.0,0.23812977046827613,10,251.0
3115.0,39,0,8,2145,2184,0,36.0,0.9230769230769231,7.008220178994274,8,196.0,0.3397724898993052,8,196.0
3120.0,38,0,1,2149,2187,0,1.0,0.02631578947368421,6.1064840003023875,1,178.0,0.31970782865591446,1,178.0
3125.0,39,0,7,2153,2192,0,22.0,0.5641025641025641,6.6440884901017245,7,197.0,0.3376529381704928,7,197.0
3130.0,37,0,14,2157,2194,0,76.0,2.054054054054054,5.014407042324243,14,252.0,0.19656748947482838,14,252.0
3135.0,39,0,15,2160,2199,0,85.0,2.1794871794871793,3.5153457286268943,15,273.0,0.1526292984501622,15,273.0
3140.0,40,0,14,2164,2204,0,62.0,1.55,4.1542320457010335,14,225.0,0.15957237272030514,14,225.0
3145.0,41,0,12,2165,2206,0,64.0,1.5609756097560976,5.802542502821748,12,186.0,0.20494056174425632,12,186.0
3150.0,40,0,6,2169,2209,0,57.0,1.425,6.577818840454578,6,160.0,0.273387669597282,6,160.0
3155.0,36,1,2,2174,2210,0,3.0,0.08333333333333333,6.695550303703131,2,143.0,0.36291418699535066,2,143.0
3160.0,35,2,8,2178,2213,0,29.0,0.8285714285714286,5.947263307698076,8,143.0,0.24951950806517315,8,143.0
3165.0,34,0,14,2182,2216,0,88.0,2.588235294117647,4.066184040686814,14,202.0,0.13042972374744985,14,202.0
3170.0,34,0,14,2186,2220,0,92.0,2.7058823529411766,2.8418723313685788,14,237.0,0.11859437902495247,14,237.0
3175.0,35,0,10,2189,2224,0,53.0,1.5142857142857142,3.9689436506447393,10,224.0,0.1661119389348346,10,224.0
3180.0,38,0,9,2189,2227,0,31.0,0.8157894736842105,6.344272876508077,9,166.0,0.23381598782313337,9,166.0
3185.0,36,0,3,2193,2229,0,8.0,0.2222222222222222,7.901499568728899,3,136.0,0.3752584521232012,3,136.0
3190.0,36,1,2,2198,2234,0,4.0,0.1111111111111111,9.86200563512986,2,82.0,0.5850908045215197,2,82.0
3195.0,35,0,1,2203,2238,0,1.0,0.02857142857142857,9.312454862349226,1,62.0,0.597505581708977,1,62.0
3200.0,34,0,6,2208,2242,0,16.0,0.47058823529411764,8.155689155593985,6,77.0,0.4173904892966404,6,77.0
3205.0,33,0,12,2213,2246,0,64.0,1.9393939393939394,5.571287194948849,12,125.0,0.22136261388718284,12,125.0
3210.0,32,0,12,2217,2249,0,69.0,2.15625,4.753108336784448,12,157.0,0.24121797389803773,12,157.0
3215.0,31,0,9,2220,2251,0,34.0,1.096774193548387,5.199276924811224,9,145.0,0.23595139049516758,9,145.0
3220.0,38,0,4,2221,2259,0,16.0,0.42105263157894735,7.88209116829525,4,98.0,0.41268441978127623,4,98.0
3225.0,39,0,1,2225,2264,0,2.0,0.05128205128205128,7.060951679272887,1,93.0,0.4151972218484309,1,93.0
3230.0,37,0,5,2229,2266,0,22.0,0.5945945945945946,6.78528032105658,5,107.0,0.33972381385489214,5,107.0
3235.0,37,0,12,2233,2270,0,75.0,2.027027027027027,5.1279870334978455,12,160.0,0.2034385194937859,12,160.0
3240.0,36,0,12,2236,2272,0,74.0,2.0555555555555554,4.003535546785123,12,186.0,0.13633855168577516,12,186.0
3245.0,33,0,8,2241,2274,0,38.0,1.1515151515151516,5.0041758441075395,8,169.0,0.20307103104425997,8,169.0
3250.0,33,0,6,2243,2276,0,21.0,0.6363636363636364,6.793319711757828,6,111.0,0.24958192731930356,6,111.0
3255.0,32,0,2,2247,2279,0,4.0,0.125,6.260141237135889,2,119.0,0.30727155384613786,2,119.0
3260.0,30,0,8,2252,2282,0,32.0,1.0666666666666667,4.8496642421805625,8,147.0,0.2537620554345288,8,147.0
3265.0,31,0,15,2255,2286,0,92.0,2.967741935483871,3.080278964028368,15,207.0,0.1778907928639718,15,207.0
3270.0,31,0,14,2257,2288,0,92.0,2.967741935483871,1.7952756822063738,14,237.0,0.11723435818529533,14,237.0
3275.0,35,0,12,2257,2292,0,52.0,1.4857142857142858,3.931289713222587,12,220.0,0.15751282060032212,12,220.0
3280.0,38,0,9,2257,2295,0,43.0,1.131578947368421,6.1481667914445834,9,171.0,0.23838593069252884,9,171.0
3285.0,38,0,5,2261,2299,0,21.0,0.5526315789473685,7.176762780980394,5,138.0,0.3569646945769004,5,138.0
3290.0,36,4,2,2265,2301,0,18.0,0.5,9.12392030052045,2,97.0,0.5138509429491664,2,97.0
3295.0,35,2,2,2270,2305,0,4.0,0.11428571428571428,7.563788908256574,2,84.0,0.45231732679219766,2,84.0
3300.0,34,0,7,2275,2309,0,29.0,0.8529411764705882,5.891023133518826,7,108.0,0.2691419914107931,7,108.0
3305.0,34,0,13,2279,2313,0,81.0,2.3823529411764706,4.3065347483080965,13,160.0,0.18803805442283614,13,160.0
3310.0,35,0,14,2283,2318,0,81.0,2.3142857142857145,3.3764441733809805,14,192.0,0.20250643090680967,14,192.0
3315.0,35,0,12,2285,2320,0,56.0,1.6,4.364282893825789,12,177.0,0.20765341182288716,12,177.0
3320.0,38,0,8,2285,2323,0,34.0,0.8947368421052632,6.204734265655326,8,152.0,0.25285781369800103,8,152.0
3325.0,38,0,2,2289,2327,0,4.0,0.10526315789473684,5.986090742259191,2,150.0,0.2960137358743714,2,150.0
3330.0,39,0,7,2293,2332,0,23.0,0.5897435897435898,6.276832756355567,7,171.0,0.303720934113413,7,171.0
3335.0,39,1,13,2297,2336,0,79.0,2.0256410256410255,4.73351059684419,13,227.0,0.22554954339481378,13,227.0
3340.0,40,1,14,2301,2341,0,83.0,2.075,2.9720526331922503,14,254.0,0.16643999238932802,14,254.0
3345.0,42,0,13,2303,2345,0,54.0,1.2857142857142858,3.5806672167080453,13,238.0,0.17355277116526496,13,238.0
3350.0,46,0,13,2303,2349,0,64.0,1.391304347826087,5.44182407918424,13,195.0,0.22506978109004191,13,195.0
3355.0,49,1,6,2305,2354,0,14.0,0.2857142857142857,5.883005728331835,6,216.0,0.30171186465656014,6,216.0
3360.0,45,4,8,2311,2356,0,29.0,0.6444444444444445,6.368656481964413,8,224.0,0.33061065527062045,8,224.0
3365.0,47,4,13,2315,2362,0,83.0,1.7659574468085106,5.856872526227767,13,278.0,0.2418288837495732,13,278.0
3370.0,45,6,14,2319,2364,0,82.0,1.8222222222222222,3.8336996605232003,14,294.0,0.12680441668557438,14,294.0
3375.0,46,4,13,2325,2371,0,54.0,1.173913043478261,3.911898720835587,13,260.0,0.1535951148114653,13,260.0
3380.0,48,3,15,2327,2375,0,71.0,1.4791666666666667,5.329807194185784,15,236.0,0.23036573314575134,15,236.0
3385.0,46,6,10,2330,2376,0,77.0,1.673913043478261,6.408311495807253,10,221.0,0.29880012098082465,10,221.0
3390.0,42,9,4,2336,2378,0,10.0,0.23809523809523808,6.695475668868592,4,194.0,0.34787717256958567,4,194.0
3395.0,41,8,6,2341,2382,0,21.0,0.5121951219512195,6.377946916649483,6,164.0,0.31857643568821603,6,164.0
3400.0,42,6,13,2345,2387,0,70.0,1.6666666666666667,5.78037284060196,13,203.0,0.2278256266151093,13,203.0
3405.0,44,4,15,2349,2393,0,74.0,1.6818181818181819,3.5816115440264826,15,227.0,0.11283297837102813,15,227.0
3410.0,43,6,14,2353,2396,0,72.0,1.6744186046511629,4.37477759984155,14,215.0,0.1529485090077181,14,215.0
3415.0,42,5,10,2357,2399,0,58.0,1.380952380952381,5.028018206108471,10,193.0,0.1667847814802497,10,193.0
3420.0,40,8,7,2360,2400,0,18.0,0.45,5.402301179378678,7,197.0,0.22911549762335573,7,197.0
3425.0,35,10,7,2366,2401,0,24.0,0.6857142857142857,5.2979744837656995,7,227.0,0.25026444466966474,7,227.0
3430.0,36,11,14,2369,2405,0,76.0,2.111111111111111,4.053772651901983,14,280.0,0.20573842763190717,14,280.0
3435.0,40,10,13,2373,2413,0,73.0,1.825,3.3316824334252018,13,299.0,0.20865217369583658,13,299.0
3440.0,44,13,11,2373,2417,0,54.0,1.2272727272727273,4.330986146455712,11,264.0,0.19903826255546378,11,264.0
3445.0,46,16,11,2374,2420,0,42.0,0.9130434782608695,5.228263586487294,11,225.0,0.20129776977418049,11,225.0
3450.0,44,20,12,2378,2422,0,62.0,1.4090909090909092,6.761384587109442,12,209.0,0.3252902664325977,12,209.0
3455.0,40,23,2,2383,2423,0,4.0,0.1,6.83945352217945,2,185.0,0.36999817235509036,2,185.0
3460.0,38,20,6,2388,2426,0,20.0,0.5263157894736842,6.716295692882679,6,171.0,0.34782889507483156,6,171.0
3465.0,42,18,12,2391,2433,0,68.0,1.619047619047619,5.7499184195273,12,216.0,0.2164209086974526,12,216.0
3470.0,42,16,11,2396,2438,0,63.0,1.5,4.316597206382722,11,230.0,0.18766422461382473,11,230.0
3475.0,43,12,10,2400,2443,0,30.0,0.6976744186046512,4.175403736798829,10,191.0,0.1650289691666335,10,191.0
3480.0,42,13,9,2403,2445,0,38.0,0.9047619047619048,4.993837712766678,9,146.0,0.15442173602149703,9,146.0
3485.0,38,13,9,2407,2445,0,43.0,1.131578947368421,6.3458809495304225,9,137.0,0.22073893494985122,9,137.0
3490.0,33,17,2,2412,2445,0,3.0,0.09090909090909091,6.279585700605917,2,130.0,0.3223828172395186,2,130.0
3495.0,33,16,8,2416,2449,0,27.0,0.8181818181818182,5.733796813923319,8,143.0,0.2676377826513441,8,143.0
3500.0,34,14,12,2420,2454,0,80.0,2.3529411764705883,4.139707478641266,12,196.0,0.21139131000376069,12,196.0
3505.0,37,11,13,2424,2461,0,78.0,2.108108108108108,2.875042360974394,13,219.0,0.20090019846523235,13,219.0
3510.0,40,9,10,2424,2464,0,42.0,1.05,3.7330905636391707,10,208.0,0.15540925467783123,10,208.0
3515.0,44,10,11,2424,2468,0,44.0,1.0,5.913824300050445,11,170.0,0.22967856174346987,11,170.0
3520.0,42,14,9,2428,2470,0,46.0,1.0952380952380953,7.33764135244298,9,160.0,0.36010054862637864,9,160.0
3525.0,38,16,1,2434,2472,0,1.0,0.02631578947368421,7.037748126932806,1,141.0,0.40102321508770994,1,141.0
3530.0,38,14,6,2438,2476,0,20.0,0.5263157894736842,6.301881216264613,6,148.0,0.31257018819945925,6,148.0
3535.0,39,14,13,2442,2481,0,73.0,1.8717948717948718,4.854437040700491,13,201.0,0.16671939439312022,13,201.0
3540.0,42,9,13,2445,2487,0,73.0,1.7380952380952381,4.1335454682232164,13,223.0,0.16482308179712293,13,223.0
3545.0,41,8,10,2450,2491,0,41.0,1.0,4.120421009265137,10,207.0,0.15620809205907107,10,207.0
3550.0,43,9,9,2452,2495,0,40.0,0.9302325581395349,6.129943328150445,9,181.0,0.25355914370218646,9,181.0
3555.0,40,11,8,2456,2496,0,36.0,0.9,7.344418015647165,8,148.0,0.3376922672369374,8,148.0
3560.0,37,11,1,2461,2498,0,1.0,0.02702702702702703,7.693539291116651,1,133.0,0.4436353648077581,1,133.0
3565.0,38,9,6,2465,2503,0,23.0,0.6052631578947368,7.088127387250417,6,153.0,0.35504185716960385,6,153.0
3570.0,37,7,12,2470,2507,0,70.0,1.8918918918918919,4.939883833191109,12,200.0,0.2250220116628385,12,200.0
3575.0,38,4,13,2475,2513,0,67.0,1.763157894736842,2.806786412278643,13,221.0,0.13230493003545007,13,221.0
3580.0,41,4,11,2476,2517,0,49.0,1.1951219512195121,4.121573702328685,11,205.0,0.14719036539874156,11,205.0
3585.0,42,5,8,2478,2520,0,31.0,0.7380952380952381,5.701150875866051,8,162.0,0.20262855104619765,8,162.0
3590.0,38,7,8,2482,2520,0,28.0,0.7368421052631579,6.955306346116141,8,145.0,0.3267621779182089,8,145.0
3595.0,34,10,3,2487,2521,0,32.0,0.9411764705882353,8.372553878127226,3,102.0,0.4633701398138553,3,102.0
3600.0,33,8,0,2492,2525,0,0.0,0.0,7.092342293717155,0,82.0,0.3978959732022948,0,82.0
3605.0,34,6,7,2496,2530,0,26.0,0.7647058823529411,6.287932965422634,7,96.0,0.2665616112284968,7,96.0
3610.0,36,4,13,2500,2536,0,80.0,2.2222222222222223,4.642797950893453,13,150.0,0.22824529883099334,13,150.0
3615.0,37,2,14,2504,2541,0,79.0,2.135135135135135,2.571471008468184,14,187.0,0.15271233423572816,14,187.0
3620.0,39,1,13,2505,2544,0,55.0,1.4102564102564104,2.876830810802632,13,180.0,0.11332291388219286,13,180.0
3625.0,42,3,11,2505,2547,0,46.0,1.0952380952380953,4.817728583239955,11,154.0,0.1698466405772032,11,154.0
3630.0,42,5,8,2506,2548,0,46.0,1.0952380952380953,6.7429117723431515,8,142.0,0.31335942112628523,8,142.0
3635.0,38,9,1,2512,2550,0,1.0,0.02631578947368421,7.525938269574829,1,118.0,0.44133683159244863,1,118.0
3640.0,38,5,8,2518,2556,0,24.0,0.631578947368421,6.907656570580222,8,130.0,0.34310585305966274,8,130.0
3645.0,36,5,13,2523,2559,0,75.0,2.0833333333333335,4.6596784163883544,13,182.0,0.19518715338937317,13,182.0
3650.0,36,1,14,2527,2563,0,77.0,2.138888888888889,2.6528581248707077,14,214.0,0.10364090398864319,14,214.0
3655.0,40,0,11,2529,2569,0,49.0,1.225,4.293448972093421,11,202.0,0.18685592438445098,11,202.0
3660.0,42,0,11,2530,2572,0,50.0,1.1904761904761905,5.865146413611031,11,171.0,0.2354872066658035,11,171.0
3665.0,40,1,5,2534,2574,0,37.0,0.925,6.699031754096043,5,162.0,0.3141349950580313,5,162.0
3670.0,37,4,2,2538,2575,0,2.0,0.05405405405405406,7.351774765988942,2,122.0,0.41587216618962475,2,122.0
3675.0,35,2,7,2544,2579,0,27.0,0.7714285714285715,6.599809710730854,7,141.0,0.31927824141346345,7,141.0
3680.0,36,3,12,2549,2585,0,76.0,2.111111111111111,4.447761443555181,12,190.0,0.21114640853447664,12,190.0
3685.0,37,0,13,2552,2589,0,71.0,1.9189189189189189,3.4556456507802378,13,210.0,0.17697109423173693,13,210.0
3690.0,38,0,9,2555,2593,0,39.0,1.0263157894736843,3.6448009928548983,9,186.0,0.15674740676689905,9,186.0
3695.0,41,0,10,2555,2596,0,34.0,0.8292682926829268,4.950300200493254,10,148.0,0.17005297797309468,10,148.0
3700.0,40,1,8,2558,2598,0,36.0,0.9,6.326823760487431,8,149.0,0.3295565998132717,8,149.0
3705.0,37,4,3,2562,2599,0,6.0,0.16216216216216217,6.950909091659035,3,135.0,0.4173525691058076,3,135.0
3710.0,38,3,8,2566,2604,0,37.0,0.9736842105263158,6.412376891453166,8,158.0,0.3178524642437885,8,158.0
3715.0,37,0,14,2571,2608,0,93.0,2.5135135135135136,4.57685532938344,14,214.0,0.1855341032797463,14,214.0
3720.0,34,0,14,2576,2610,0,86.0,2.5294117647058822,2.4737661234843196,14,239.0,0.10161552888154354,14,239.0
3725.0,36,0,11,2578,2614,0,52.0,1.4444444444444444,3.2841659570843618,11,204.0,0.10030666058109794,11,204.0
3730.0,39,0,10,2578,2617,0,47.0,1.205128205128205,5.110962657586909,10,191.0,0.14810618169685613,10,191.0
3735.0,35,3,6,2582,2617,0,36.0,1.0285714285714285,6.588136215019737,6,160.0,0.2664267208917113,6,160.0
3740.0,33,5,1,2586,2619,0,21.0,0.6363636363636364,8.990716309123844,1,112.0,0.5096066969723404,1,112.0
3745.0,32,4,1,2592,2624,0,26.0,0.8125,10.548211400265,1,78.0,0.6871033476892706,1,78.0
3750.0,32,4,1,2597,2629,0,1.0,0.03125,8.657795433066852,1,53.0,0.5547995690577207,1,53.0
3755.0,34,0,6,2601,2635,0,22.0,0.6470588235294118,6.1406866523216905,6,74.0,0.3290993149688551,6,74.0
3760.0,34,0,13,2605,2639,0,76.0,2.235294117647059,3.8869634132555593,13,128.0,0.1448430670817468,13,128.0
3765.0,35,0,14,2608,2643,0,80.0,2.2857142857142856,3.455547077598941,14,166.0,0.17575732628420238,14,166.0
3770.0,33,0,10,2611,2644,0,43.0,1.303030303030303,4.468424464679846,10,154.0,0.20681007034102722,10,154.0
3775.0,37,0,6,2611,2648,0,23.0,0.6216216216216216,6.778736323814762,6,112.0,0.2933314494772599,6,112.0
3780.0,37,0,3,2614,2651,0,8.0,0.21621621621621623,7.652431869561982,3,93.0,0.34641543464479235,3,93.0
3785.0,37,1,1,2619,2656,0,1.0,0.02702702702702703,7.728761517488439,1,82.0,0.4402063326273993,1,82.0
3790.0,36,0,6,2625,2661,0,20.0,0.5555555555555556,6.706402250548432,6,99.0,0.3861234804699408,6,99.0
3795.0,35,0,12,2629,2664,0,66.0,1.8857142857142857,4.5651731722233135,12,146.0,0.18966539178570718,12,146.0
3800.0,34,0,13,2632,2666,0,65.0,1.911764705882353,3.212135859537781,13,174.0,0.1255927116552642,13,174.0
3805.0,37,0,10,2633,2670,0,39.0,1.054054054054054,5.458757523320569,10,160.0,0.23416467203883573,10,160.0
3810.0,36,0,7,2636,2672,0,30.0,0.8333333333333334,6.928138686892961,7,116.0,0.2937824262638236,7,116.0
3815.0,36,0,2,2640,2676,0,18.0,0.5,7.6461672120643875,2,93.0,0.3289137057178643,2,93.0
3820.0,34,1,4,2645,2679,0,36.0,1.0588235294117647,8.299650941106039,4,79.0,0.4353065942369504,4,79.0
3825.0,35,1,1,2649,2684,0,2.0,0.05714285714285714,7.68208671982831,1,56.0,0.46717435164188104,1,56.0
3830.0,35,0,6,2654,2689,0,21.0,0.6,7.605522693373629,6,59.0,0.4165794266736341,6,59.0
3835.0,33,0,12,2659,2692,0,68.0,2.0606060606060606,5.433106920407908,12,106.0,0.23540579351368907,12,106.0
3840.0,33,0,12,2664,2697,0,67.0,2.0303030303030303,4.49732832334189,12,134.0,0.23174833655302501,12,134.0
3845.0,35,0,10,2665,2700,0,42.0,1.2,5.69842924498503,10,124.0,0.2986790374148501,10,124.0
3850.0,37,0,4,2667,2704,0,21.0,0.5675675675675675,6.558486470689636,4,107.0,0.3380063265051565,4,107.0
3855.0,37,0,1,2670,2707,0,2.0,0.05405405405405406,5.676832195049738,1,100.0,0.2635183970136816,1,100.0
3860.0,33,0,7,2675,2708,0,27.0,0.8181818181818182,5.766327053566703,7,116.0,0.24649324112400225,7,116.0
3865.0,38,0,13,2676,2714,0,78.0,2.0526315789473686,5.667523610275785,13,167.0,0.23025584609925578,13,167.0
3870.0,34,0,13,2684,2718,0,74.0,2.176470588235294,4.029364819906153,13,195.0,0.23397078707657634,13,195.0
3875.0,39,0,11,2686,2725,0,49.0,1.2564102564102564,4.908854345762872,11,177.0,0.26434333246535835,11,177.0
3880.0,43,0,10,2686,2729,0,32.0,0.7441860465116279,5.369129939226475,10,134.0,0.21175191521224693,10,134.0
3885.0,42,0,5,2690,2732,0,15.0,0.35714285714285715,5.144360797070995,5,153.0,0.24489950178757663,5,153.0
3890.0,39,1,7,2694,2733,0,22.0,0.5641025641025641,5.807917047774888,7,175.0,0.275867036732265,7,175.0
3895.0,40,0,13,2699,2739,0,76.0,1.9,5.086511354973572,13,229.0,0.23587267109612103,13,229.0
3900.0,41,0,14,2702,2743,0,79.0,1.9268292682926829,4.316357323347709,14,250.0,0.22472033406902625,14,250.0
3905.0,41,0,13,2704,2745,0,57.0,1.3902439024390243,4.702990123966349,13,238.0,0.20625231243996192,13,238.0
3910.0,41,0,12,2706,2747,0,52.0,1.2682926829268293,5.612267613816391,12,206.0,0.21087249182059728,12,206.0
3915.0,41,0,3,2710,2751,0,8.0,0.1951219512195122,4.810254844722991,3,228.0,0.20929591274193304,3,228.0
3920.0,37,2,7,2714,2751,0,29.0,0.7837837837837838,5.509821779717158,7,235.0,0.22046989426457644,7,235.0
3925.0,38,1,14,2718,2756,0,83.0,2.1842105263157894,4.160059272585346,14,289.0,0.1573399881516129,14,289.0
3930.0,37,0,14,2723,2760,0,82.0,2.2162162162162162,2.757217713785296,14,310.0,0.13660782780655878,14,310.0
3935.0,38,0,11,2725,2763,0,54.0,1.4210526315789473,3.313423413163696,11,271.0,0.12824540083796857,11,271.0
3940.0,41,1,13,2725,2766,0,47.0,1.146341463414634,5.352031355822029,13,201.0,0.17474755307009587,13,201.0
3945.0,40,3,8,2729,2769,0,38.0,0.95,7.338753834856294,8,166.0,0.36056105165130176,8,166.0
3950.0,37,6,3,2733,2770,0,23.0,0.6216216216216216,9.176215047954923,3,122.0,0.5306315406295742,3,122.0
3955.0,34,6,1,2739,2773,0,1.0,0.029411764705882353,8.16752690913471,1,97.0,0.4964407988842311,1,97.0
3960.0,36,3,8,2744,2780,0,25.0,0.6944444444444444,6.822302430822087,8,118.0,0.36479908485306467,8,118.0
3965.0,37,0,13,2748,2785,0,77.0,2.081081081081081,4.990907617280746,13,171.0,0.2366477655029565,13,171.0
3970.0,36,0,14,2752,2788,0,82.0,2.2777777777777777,3.6833983012717986,14,207.0,0.2011547942535607,14,207.0
3975.0,35,0,12,2755,2790,0,53.0,1.5142857142857142,4.183796627690275,12,199.0,0.18332427762583475,12,199.0
3980.0,36,0,10,2755,2791,0,46.0,1.2777777777777777,6.079435251094743,10,157.0,0.20847979831222604,10,157.0
3985.0,35,0,4,2758,2793,0,36.0,1.0285714285714285,7.708043480879839,4,134.0,0.36528700992504176,4,134.0
3990.0,35,0,2,2764,2799,0,4.0,0.11428571428571428,7.065106790299462,2,110.0,0.40976074868961704,2,110.0
3995.0,36,0,8,2768,2804,0,31.0,0.8611111111111112,6.405081387761464,8,120.0,0.3377442168732262,8,120.0
4000.0,34,0,15,2772,2806,0,91.0,2.676470588235294,4.675336849682589,15,180.0,0.22813547167649548,15,180.0
4005.0,31,0,14,2776,2807,0,92.0,2.967741935483871,1.9146497813280214,14,215.0,0.08795760548162378,14,215.0
4010.0,36,0,14,2777,2813,0,62.0,1.7222222222222223,4.579160948813619,14,191.0,0.2227861584213177,14,191.0
4015.0,39,0,10,2777,2816,0,54.0,1.3846153846153846,6.720655004890097,10,162.0,0.2884927040106795,10,162.0
4020.0,38,0,1,2781,2819,0,2.0,0.05263157894736842,6.294199999251229,1,149.0,0.3196082908100966,1,149.0
4025.0,37,1,5,2786,2823,0,20.0,0.5405405405405406,5.758019677971209,5,156.0,0.2722400476965671,5,156.0
4030.0,38,0,12,2790,2828,0,66.0,1.736842105263158,4.846800860319905,12,202.0,0.2446391070251471,12,202.0
4035.0,39,0,15,2794,2833,0,68.0,1.7435897435897436,3.1492252958295497,15,224.0,0.180678906463442,15,224.0
4040.0,42,0,15,2796,2838,0,67.0,1.5952380952380953,3.811413055781127,15,213.0,0.17573066743597826,15,213.0
4045.0,45,1,14,2796,2841,0,61.0,1.3555555555555556,5.727604617131126,14,198.0,0.22764424783793902,14,198.0
4050.0,42,1,12,2800,2842,0,82.0,1.9523809523809523,6.602548777247612,12,177.0,0.25647519762780013,12,177.0
4055.0,38,3,7,2805,2843,0,92.0,2.4210526315789473,7.766885847477882,7,169.0,0.38276335339632633,7,169.0
4060.0,41,0,3,2809,2850,0,15.0,0.36585365853658536,7.289539573657798,3,151.0,0.43310081183095367,3,151.0
4065.0,36,0,6,2815,2851,0,24.0,0.6666666666666666,6.758039624066665,6,115.0,0.35641170059694366,6,115.0
4070.0,37,0,13,2819,2856,0,77.0,2.081081081081081,5.97483735001626,13,154.0,0.24519074738706095,13,154.0
4075.0,40,0,15,2823,2863,0,77.0,1.925,5.063901308649592,15,189.0,0.2492655197852406,15,189.0
4080.0,39,0,11,2828,2867,0,49.0,1.2564102564102564,4.710951979708493,11,185.0,0.20432078493598743,11,185.0
4085.0,40,0,9,2830,2870,0,42.0,1.05,5.3637459161093375,9,149.0,0.1797055663532088,9,149.0
4090.0,39,2,7,2834,2873,0,36.0,0.9230769230769231,6.101539066010565,7,140.0,0.2821740389677357,7,140.0
4095.0,37,4,1,2837,2874,0,1.0,0.02702702702702703,7.241835075665767,1,116.0,0.4197389740533835,1,116.0
4100.0,38,2,5,2842,2880,0,19.0,0.5,7.1836340014281355,5,118.0,0.3903846593363843,5,118.0
4105.0,36,0,12,2848,2884,0,64.0,1.7777777777777777,4.7702941827349745,12,163.0,0.2280141472562721,12,163.0
4110.0,34,0,12,2852,2886,0,64.0,1.8823529411764706,2.886367335754781,12,191.0,0.15347104034577563,12,191.0
4115.0,35,0,12,2854,2889,0,46.0,1.3142857142857143,4.292012602298072,12,184.0,0.20582083077903962,12,184.0
4120.0,40,0,8,2854,2894,0,37.0,0.925,5.642955651766604,8,146.0,0.22514479437532878,8,146.0
4125.0,41,0,4,2857,2898,0,10.0,0.24390243902439024,5.414447130469667,4,149.0,0.2675260495482579,4,149.0
4130.0,37,1,7,2861,2898,0,29.0,0.7837837837837838,5.303447285331049,7,177.0,0.2706607494638801,7,177.0
4135.0,36,0,13,2865,2901,0,84.0,2.3333333333333335,3.974748506744831,13,232.0,0.17484035645489407,13,232.0
4140.0,37,0,13,2868,2905,0,82.0,2.2162162162162162,3.3741362083838706,13,254.0,0.1380880537328322,13,254.0
4145.0,40,0,10,2870,2910,0,46.0,1.15,4.9747175361013545,10,228.0,0.21407585810424062,10,228.0
4150.0,40,0,9,2872,2912,0,35.0,0.875,6.363879405748629,9,171.0,0.2447275302186104,9,171.0
4155.0,40,0,6,2876,2916,0,22.0,0.55,7.151908745557099,6,152.0,0.36222258372879473,6,152.0
4160.0,34,4,3,2882,2916,0,21.0,0.6176470588235294,8.213790401176743,3,109.0,0.4630205196804502,3,109.0
4165.0,36,4,2,2885,2921,0,5.0,0.1388888888888889,7.194501881744167,2,103.0,0.4064908420792818,2,103.0
4170.0,36,3,7,2891,2927,0,31.0,0.8611111111111112,6.424683859217186,7,119.0,0.3396059431049511,7,119.0
4175.0,38,0,14,2894,2932,0,87.0,2.289473684210526,4.596648269100308,14,175.0,0.2357704709193076,14,175.0
4180.0,38,0,14,2898,2936,0,86.0,2.263157894736842,2.9399503825813094,14,206.0,0.16949907157166627,14,206.0
4185.0,42,0,13,2900,2942,0,58.0,1.380952380952381,3.931219061100071,13,199.0,0.20068310981978618,13,199.0
4190.0,45,0,10,2900,2945,0,52.0,1.1555555555555554,5.201397135243268,10,163.0,0.22180680472262332,10,163.0
4195.0,47,0,4,2902,2949,0,9.0,0.19148936170212766,5.186112960926288,4,181.0,0.26468813363433075,4,181.0
4200.0,42,3,6,2907,2949,0,23.0,0.5476190476190477,5.6179005187950715,6,189.0,0.27691595032925725,6,189.0
4205.0,43,2,12,2912,2955,0,73.0,1.697674418604651,5.1914846191991755,12,239.0,0.21930513842195098,12,239.0
4210.0,46,1,15,2916,2962,0,76.0,1.6521739130434783,4.086622169594726,15,261.0,0.18834198876236025,15,261.0
4215.0,45,3,13,2921,2966,0,64.0,1.4222222222222223,4.503563076887495,13,245.0,0.2134802155418966,13,245.0
4220.0,46,3,14,2922,2968,0,59.0,1.2826086956521738,4.933197360573835,14,228.0,0.1783986047237898,14,228.0
4225.0,43,4,13,2927,2970,0,77.0,1.7906976744186047,5.745912195247054,13,213.0,0.257245208603185,13,213.0
4230.0,41,7,8,2930,2971,0,98.0,2.3902439024390243,7.595405451465969,8,196.0,0.40022623739700264,8,196.0
4235.0,42,5,4,2935,2977,0,29.0,0.6904761904761905,6.943291028007007,4,178.0,0.4059126326747101,4,178.0
4240.0,41,6,8,2940,2981,0,27.0,0.6585365853658537,6.708853594504922,8,130.0,0.3473918439763146,8,130.0
4245.0,42,5,14,2945,2987,0,85.0,2.0238095238095237,6.157892418309929,14,174.0,0.25359817819381864,14,174.0
4250.0,42,4,14,2951,2993,0,87.0,2.0714285714285716,4.141478141358301,14,201.0,0.1935158618246906,14,201.0
4255.0,43,4,11,2954,2997,0,44.0,1.0232558139534884,4.11761495053172,11,191.0,0.17009284456463458,11,191.0
4260.0,43,4,11,2957,3000,0,46.0,1.069767441860465,5.205750352396354,11,149.0,0.19085568215537954,11,149.0
4265.0,42,3,10,2960,3002,0,58.0,1.380952380952381,6.703863562027887,10,155.0,0.32498676202732985,10,155.0
4270.0,39,7,6,2964,3003,0,61.0,1.564102564102564,7.938010928132974,6,144.0,0.41346068833427346,6,144.0
4275.0,37,6,3,2970,3007,0,3.0,0.08108108108108109,6.815969891807945,3,123.0,0.40015315647483085,3,123.0
4280.0,36,7,8,2975,3011,0,28.0,0.7777777777777778,6.496964951590043,8,112.0,0.3296440790974217,8,112.0
4285.0,39,4,15,2979,3018,0,85.0,2.1794871794871793,5.438063232294961,15,168.0,0.27721490081235695,15,168.0
4290.0,39,1,14,2983,3022,0,88.0,2.2564102564102564,3.642923939411079,14,207.0,0.1889615432945535,14,207.0
4295.0,39,0,13,2987,3026,0,57.0,1.4615384615384615,3.9392867995292353,13,203.0,0.19635345987123815,13,203.0
4300.0,43,0,12,2987,3030,0,56.0,1.302325581395349,5.184960268398965,12,173.0,0.20486033538664714,12,173.0
4305.0,42,2,8,2990,3032,0,22.0,0.5238095238095238,5.050102703568548,8,198.0,0.25355674841976317,8,198.0
4310.0,39,4,7,2995,3034,0,28.0,0.717948717948718,5.84979965120398,7,218.0,0.30445830687600106,7,218.0
4315.0,41,4,13,2999,3040,0,79.0,1.9268292682926829,4.791615203365412,13,269.0,0.24197529840630766,13,269.0
4320.0,42,3,14,3003,3045,0,75.0,1.7857142857142858,2.6811690766619134,14,287.0,0.14088743770842405,14,287.0
4325.0,45,3,14,3004,3049,0,62.0,1.3777777777777778,3.5859694828046176,14,245.0,0.15121524877306747,14,245.0
4330.0,47,4,16,3005,3052,0,72.0,1.5319148936170213,4.6094855327890105,16,234.0,0.1740497117325195,16,234.0
4335.0,45,6,11,3007,3052,0,87.0,1.9333333333333333,5.951518164974858,11,225.0,0.22277984868139009,11,225.0
4340.0,40,6,9,3013,3053,0,118.0,2.95,7.331387396480137,9,215.0,0.35993170380075135,9,215.0
4345.0,40,6,5,3019,3059,0,35.0,0.875,7.06352656332683,5,197.0,0.4146454422810077,5,197.0
4350.0,41,4,7,3023,3064,0,27.0,0.6585365853658537,6.402711543884068,7,147.0,0.33906801361566996,7,147.0
4355.0,43,3,13,3027,3070,0,80.0,1.8604651162790697,5.261714383074418,13,167.0,0.20810781957981053,13,167.0
4360.0,45,1,13,3031,3076,0,78.0,1.7333333333333334,4.644390886474411,13,192.0,0.2100110128314474,13,192.0
4365.0,43,1,11,3036,3079,0,44.0,1.0232558139534884,5.156566076878661,11,164.0,0.19608590495112793,11,164.0
4370.0,41,1,11,3040,3081,0,40.0,0.975609756097561,5.3659197474250275,11,146.0,0.14902555631712738,11,146.0
4375.0,38,3,10,3045,3083,0,50.0,1.3157894736842106,6.757392541478958,10,137.0,0.26702698426510746,10,137.0
4380.0,34,3,4,3050,3084,0,44.0,1.2941176470588236,8.794763084315067,4,135.0,0.5100345139872904,4,135.0
4385.0,35,4,5,3054,3089,0,65.0,1.8571428571428572,9.522171320251987,5,116.0,0.5723000979661237,5,116.0
4390.0,35,1,0,3059,3094,0,0.0,0.0,7.983469562451748,0,87.0,0.48166697300910877,0,87.0
4395.0,35,0,6,3065,3100,0,19.0,0.5428571428571428,7.404759662318319,6,66.0,0.38986258753656733,6,66.0
4400.0,34,0,12,3069,3103,0,66.0,1.9411764705882353,5.606162595568445,12,113.0,0.25583016517509954,12,113.0
4405.0,31,0,13,3073,3104,0,68.0,2.193548387096774,2.8652191759908434,13,147.0,0.09268998504334922,13,147.0
4410.0,29,0,10,3077,3106,0,51.0,1.7586206896551724,4.629522256702327,10,142.0,0.20579782283918005,10,142.0
4415.0,31,0,4,3077,3108,0,24.0,0.7741935483870968,6.594430289669566,4,104.0,0.2651729177276807,4,104.0
4420.0,29,0,2,3080,3109,0,3.0,0.10344827586206896,6.690088090007533,2,88.0,0.34817161249670725,2,88.0
4425.0,30,0,6,3083,3113,0,29.0,0.9666666666666667,6.08722928743408,6,114.0,0.2703460817779336,6,114.0
4430.0,26,0,12,3089,3115,0,80.0,3.076923076923077,3.514390472811613,12,165.0,0.1576831676188225,12,165.0
4435.0,28,0,19,3092,3120,0,164.0,5.857142857142857,3.6582348865189958,19,249.0,0.2599587436532261,19,249.0
4440.0,33,0,16,3092,3125,0,149.0,4.515151515151516,4.470010478774656,16,289.0,0.28877968252908687,16,289.0
4445.0,37,0,10,3092,3129,0,70.0,1.8918918918918919,5.072495402293303,10,249.0,0.2405141249508817,10,249.0
4450.0,41,0,8,3093,3134,0,35.0,0.8536585365853658,6.091141065239164,8,176.0,0.26899245462430926,8,176.0
4455.0,39,0,5,3096,3135,0,44.0,1.1282051282051282,7.140729997437622,5,136.0,0.31985774800350136,5,136.0
4460.0,35,0,1,3102,3137,0,1.0,0.02857142857142857,6.960013240344388,1,112.0,0.36066063792559083,1,112.0
4465.0,34,0,6,3107,3141,0,18.0,0.5294117647058824,7.026742750645509,6,97.0,0.332679711200145,6,97.0
4470.0,34,0,13,3111,3145,0,67.0,1.9705882352941178,5.034803589656723,13,146.0,0.20610857495271676,13,146.0
4475.0,33,0,12,3116,3149,0,69.0,2.090909090909091,2.9111818775745943,12,167.0,0.15039838817396525,12,167.0
4480.0,33,0,10,3118,3151,0,41.0,1.2424242424242424,4.043621721485746,10,147.0,0.16408269959186036,10,147.0
4485.0,37,0,7,3118,3155,0,29.0,0.7837837837837838,6.439845080251128,7,116.0,0.2538041037687257,7,116.0
4490.0,37,0,3,3121,3158,0,21.0,0.5675675675675675,8.166802541039443,3,113.0,0.4280023380801264,3,113.0
4495.0,34,0,2,3126,3160,0,2.0,0.058823529411764705,7.216332696265967,2,83.0,0.38534992754207914,2,83.0
4500.0,30,0,6,3132,3162,0,23.0,0.7666666666666667,6.466842163173839,6,104.0,0.3204015745017617,6,104.0
4505.0,31,0,12,3136,3167,0,73.0,2.3548387096774195,4.749601871917725,12,154.0,0.24058806512860909,12,154.0
4510.0,30,0,11,3140,3170,0,67.0,2.2333333333333334,2.652922552043646,11,181.0,0.17262866714897346,11,181.0
4515.0,32,0,11,3140,3172,0,41.0,1.28125,4.114976642082213,11,170.0,0.1643797853405486,11,170.0
4520.0,38,0,7,3140,3178,0,36.0,0.9473684210526315,7.315696445947625,7,127.0,0.34481134382739737,7,127.0
4525.0,38,0,3,3144,3182,0,26.0,0.6842105263157895,7.289014369940871,3,105.0,0.35447299165676716,3,105.0
4530.0,34,2,2,3149,3183,0,2.0,0.058823529411764705,6.724448372247068,2,74.0,0.3630998634478814,2,74.0
4535.0,35,0,6,3153,3188,0,23.0,0.6571428571428571,6.503658292761758,6,89.0,0.32770481015823216,6,89.0
4540.0,34,0,13,3158,3192,0,74.0,2.176470588235294,5.002221951553018,13,140.0,0.26772137597918516,13,140.0
4545.0,35,0,15,3162,3197,0,79.0,2.257142857142857,3.613718211711558,15,178.0,0.2334460328746234,15,178.0
4550.0,38,0,13,3163,3201,0,56.0,1.4736842105263157,4.126162474894574,13,173.0,0.1875103368738107,13,173.0
4555.0,41,0,11,3163,3204,0,61.0,1.4878048780487805,6.034656687035378,11,157.0,0.23593278419563368,11,157.0
4560.0,38,0,4,3168,3206,0,4.0,0.10526315789473684,5.3516890623317535,4,166.0,0.2601410691707202,4,166.0
4565.0,39,1,8,3172,3211,0,27.0,0.6923076923076923,5.837655343780914,8,175.0,0.28350278848682425,8,175.0
4570.0,43,0,14,3175,3218,0,80.0,1.8604651162790697,5.085930366519445,14,228.0,0.2538642985673047,14,228.0
4575.0,43,0,15,3178,3221,0,88.0,2.046511627906977,3.8564507775130594,15,265.0,0.20238050673319208,15,265.0
4580.0,44,0,13,3182,3226,0,62.0,1.4090909090909092,3.4036255090723273,13,255.0,0.15237670227715985,13,255.0
4585.0,45,0,14,3182,3227,0,60.0,1.3333333333333333,4.923155310163724,14,219.0,0.17648584637826825,14,219.0
4590.0,45,1,5,3185,3230,0,17.0,0.37777777777777777,4.8407024845923,5,247.0,0.2160749379612467,5,247.0
4595.0,41,2,8,3190,3231,0,29.0,0.7073170731707317,6.075547602119581,8,240.0,0.2752814355309065,8,240.0
4600.0,42,0,14,3194,3236,0,90.0,2.142857142857143,5.276868930884934,14,295.0,0.18791208688877523,14,295.0
4605.0,40,0,14,3199,3239,0,93.0,2.325,3.47030587402572,14,313.0,0.1351290089744433,14,313.0
4610.0,37,0,13,3204,3241,0,58.0,1.5675675675675675,3.38041008209843,13,275.0,0.13011427372490597,13,275.0
4615.0,41,0,11,3204,3245,0,53.0,1.2926829268292683,5.532043967268713,11,206.0,0.19815675039619296,11,206.0
4620.0,41,2,7,3207,3248,0,21.0,0.5121951219512195,6.060868106523746,7,231.0,0.30540293315203965,7,231.0
4625.0,35,5,7,3213,3248,0,28.0,0.8,5.292976626278736,7,260.0,0.2766355064939328,7,260.0
4630.0,37,2,14,3216,3253,0,82.0,2.2162162162162162,3.799141113060541,14,314.0,0.173436130670569,14,314.0
4635.0,39,3,14,3219,3258,0,80.0,2.051282051282051,2.478247712142658,14,335.0,0.12234714835057116,14,335.0
4640.0,41,3,12,3220,3261,0,55.0,1.3414634146341464,3.9477766564284704,12,304.0,0.17083467187506018,12,304.0
4645.0,46,5,11,3221,3267,0,57.0,1.2391304347826086,6.010460366160849,11,234.0,0.2764251923166013,11,234.0
4650.0,44,9,9,3224,3268,0,49.0,1.1136363636363635,7.483453714848505,9,205.0,0.3813651002118173,9,205.0
4655.0,38,11,5,3230,3268,0,41.0,1.0789473684210527,8.364183824058713,5,166.0,0.45853912129603747,5,166.0
4660.0,37,8,5,3235,3272,0,10.0,0.2702702702702703,6.778495441857894,5,145.0,0.35929999664994183,5,145.0
4665.0,37,7,7,3240,3277,0,31.0,0.8378378378378378,6.07781398086043,7,152.0,0.3136187650915955,7,152.0
4670.0,40,6,12,3244,3284,0,82.0,2.05,4.919893676584347,12,197.0,0.22666791336729325,12,197.0
4675.0,40,6,19,3248,3288,0,164.0,4.1,3.1642290079047197,19,279.0,0.1554688953032172,19,279.0
4680.0,42,7,21,3251,3293,0,163.0,3.880952380952381,1.9712935633383637,21,324.0,0.09581592069068284,21,324.0
4685.0,44,8,20,3253,3297,0,123.0,2.7954545454545454,3.833246676417734,20,295.0,0.16701228875912494,20,295.0
4690.0,47,10,18,3253,3300,0,119.0,2.5319148936170213,5.644357489047262,18,282.0,0.24441546893999475,18,282.0
4695.0,44,14,10,3256,3300,0,91.0,2.0681818181818183,6.480856257113757,10,266.0,0.2951110316099579,10,266.0
4700.0,38,18,8,3262,3300,0,85.0,2.236842105263158,7.231576562796079,8,233.0,0.3275006097348454,8,233.0
4705.0,37,20,9,3267,3304,0,129.0,3.4864864864864864,8.054112096252668,9,223.0,0.4112193275804563,9,223.0
4710.0,39,17,5,3271,3310,0,37.0,0.9487179487179487,6.773541026411682,5,205.0,0.370347117798989,5,205.0
4715.0,36,15,6,3277,3313,0,27.0,0.75,6.314276822554642,6,156.0,0.30755427169215427,6,156.0
4720.0,39,11,12,3281,3320,0,80.0,2.051282051282051,5.459785511423629,12,174.0,0.21977730835598008,12,174.0
4725.0,39,8,13,3285,3324,0,76.0,1.9487179487179487,4.085202920552493,13,197.0,0.1602917157461019,13,197.0
4730.0,38,7,8,3289,3327,0,35.0,0.9210526315789473,4.601611559406101,8,161.0,0.1579479416048197,8,161.0
4735.0,37,8,6,3292,3329,0,16.0,0.43243243243243246,5.752566275536205,6,102.0,0.16215572295882968,6,102.0
4740.0,35,7,3,3296,3331,0,8.0,0.22857142857142856,6.954347232439863,3,90.0,0.28435644621463957,3,90.0
4745.0,31,8,1,3301,3332,0,10.0,0.3225806451612903,9.376109890323349,1,55.0,0.5144291199430022,1,55.0
4750.0,31,8,2,3306,3337,0,3.0,0.0967741935483871,8.29499633153701,2,49.0,0.4917550688509497,2,49.0
4755.0,30,5,7,3312,3342,0,28.0,0.9333333333333333,5.637709208562981,7,74.0,0.31892218820063106,7,74.0
4760.0,37,0,15,3314,3351,0,86.0,2.324324324324324,4.486323816402476,15,132.0,0.2503506362266755,15,132.0
4765.0,38,0,16,3316,3354,0,94.0,2.473684210526316,3.803962588337683,16,176.0,0.22340602749580454,16,176.0
4770.0,41,0,13,3318,3359,0,60.0,1.4634146341463414,4.754548286220643,13,162.0,0.2607870005201885,13,162.0
4775.0,47,0,11,3318,3365,0,51.0,1.0851063829787233,5.583769025485257,11,161.0,0.2562763307691416,11,161.0
4780.0,46,2,9,3321,3367,0,46.0,1.0,6.994695010631474,9,165.0,0.35641020157777803,9,165.0
4785.0,42,4,4,3327,3369,0,7.0,0.16666666666666666,6.096245626928049,4,161.0,0.3293331762812186,4,161.0
4790.0,42,5,7,3332,3374,0,21.0,0.5,6.646923812534345,7,155.0,0.3811495777936048,7,155.0
4795.0,43,3,12,3336,3379,0,67.0,1.558139534883721,5.626185041581337,12,194.0,0.24024413287103338,12,194.0
4800.0,46,2,13,3339,3385,0,66.0,1.434782608695652,4.370330511128078,13,219.0,0.1773067214558212,13,219.0
4805.0,44,2,12,3345,3389,0,44.0,1.0,3.954955839701287,12,204.0,0.14821663525559076,12,204.0
4810.0,44,2,9,3348,3392,0,40.0,0.9090909090909091,4.964914339185933,9,161.0,0.17084101090997406,9,161.0
4815.0,42,5,7,3352,3394,0,50.0,1.1904761904761905,6.4342742574218565,7,153.0,0.30733480268254726,7,153.0
4820.0,39,8,6,3356,3395,0,72.0,1.8461538461538463,7.780931042725135,6,136.0,0.42604769934962183,6,136.0
4825.0,38,6,3,3361,3399,0,5.0,0.13157894736842105,6.565566179638462,3,118.0,0.3727125111424956,3,118.0
4830.0,38,4,8,3365,3403,0,32.0,0.8421052631578947,5.6053039553944615,8,97.0,0.25314588653599546,8,97.0
4835.0,37,2,15,3369,3406,0,89.0,2.4054054054054053,4.825918511492024,15,153.0,0.13683209497918872,15,153.0
4840.0,36,1,15,3374,3410,0,87.0,2.4166666666666665,3.5054566820123862,15,190.0,0.12206211469358683,15,190.0
4845.0,37,0,9,3379,3416,0,47.0,1.2702702702702702,4.117988327491551,9,179.0,0.176805023202215,9,179.0
4850.0,41,0,7,3379,3420,0,22.0,0.5365853658536586,6.104423174287421,7,137.0,0.2576740014087924,7,137.0
4855.0,40,2,4,3383,3423,0,10.0,0.25,7.4628884749794455,4,120.0,0.41935499812090055,4,120.0
4860.0,39,5,2,3386,3425,0,7.0,0.1794871794871795,8.726976850134841,2,84.0,0.5001223136974432,2,84.0
4865.0,38,3,5,3392,3430,0,25.0,0.6578947368421053,8.901785837239064,5,69.0,0.5028737060393779,5,69.0
4870.0,37,1,7,3397,3434,0,55.0,1.4864864864864864,8.389549784049617,7,77.0,0.4555190377246091,7,77.0
4875.0,37,0,4,3402,3439,0,13.0,0.35135135135135137,6.7545298931393996,4,72.0,0.35917771641844376,4,72.0
4880.0,35,0,7,3408,3443,0,26.0,0.7428571428571429,7.53335505597565,7,57.0,0.40996554286791353,7,57.0
4885.0,33,0,13,3412,3445,0,79.0,2.393939393939394,5.846316111522741,13,97.0,0.19374536351612906,13,97.0
4890.0,33,0,12,3416,3449,0,73.0,2.212121212121212,4.641364191833806,12,129.0,0.1984891177472669,12,129.0
4895.0,33,0,10,3421,3454,0,41.0,1.2424242424242424,5.673204211824348,10,123.0,0.288187040320873,10,123.0
4900.0,37,0,4,3422,3459,0,14.0,0.3783783783783784,7.9778115756451635,4,95.0,0.41143100703154417,4,95.0
4905.0,36,0,2,3426,3462,0,13.0,0.3611111111111111,7.663838702952954,2,69.0,0.38248691258620704,2,69.0
4910.0,33,0,1,3431,3464,0,1.0,0.030303030303030304,7.0012487355128075,1,54.0,0.3801878961818082,1,54.0
4915.0,30,0,6,3435,3465,0,22.0,0.7333333333333333,6.493016388963464,6,68.0,0.27989116117970214,6,68.0
4920.0,28,0,12,3440,3468,0,68.0,2.4285714285714284,4.633614915852645,12,114.0,0.18012197871185737,12,114.0
4925.0,28,0,12,3444,3472,0,62.0,2.2142857142857144,4.495432511005324,12,140.0,0.26569281861191735,12,140.0
4930.0,29,0,7,3446,3475,0,26.0,0.896551724137931,5.696320535866827,7,117.0,0.30223508879133315,7,117.0
4935.0,33,0,3,3446,3479,0,14.0,0.42424242424242425,8.150784506318224,3,81.0,0.39407827791532873,3,81.0
4940.0,32,0,3,3450,3482,0,25.0,0.78125,9.912991423970334,3,58.0,0.57725725686795,3,58.0
4945.0,31,0,5,3455,3486,0,43.0,1.3870967741935485,10.16888843512405,5,48.0,0.6125625921258782,5,48.0
4950.0,31,0,7,3460,3491,0,73.0,2.3548387096774195,9.209755762066399,7,73.0,0.5466166446395824,7,73.0
4955.0,29,0,2,3465,3494,0,7.0,0.2413793103448276,7.946170553375726,2,51.0,0.47149596140160877,2,51.0
4960.0,27,0,6,3470,3497,0,21.0,0.7777777777777778,8.191152970867527,6,27.0,0.45748488177127333,6,27.0
4965.0,25,0,11,3474,3499,0,66.0,2.64,6.742582031350928,11,66.0,0.2628257676779252,11,66.0
4970.0,26,0,6,3479,3505,0,43.0,1.6538461538461537,6.783528343603698,6,87.0,0.43030416491425105,6,87.0
4975.0,26,0,1,3482,3508,0,3.0,0.11538461538461539,7.825057070012525,1,54.0,0.4754534507394895,1,54.0
4980.0,28,0,3,3483,3511,0,15.0,0.5357142857142857,9.538256876232776,3,17.0,0.5626199601611809,3,17.0
4985.0,27,0,2,3486,3513,0,4.0,0.14814814814814814,7.699493165546842,2,11.0,0.38336459644293547,2,11.0
4990.0,24,0,8,3491,3515,0,30.0,1.25,6.863849793383031,8,32.0,0.22877877480278028,8,32.0
4995.0,22,0,11,3495,3517,0,80.0,3.6363636363636362,6.770302386045528,11,82.0,0.25426516935246435,11,82.0
5000.0,21,0,6,3500,3521,0,48.0,2.2857142857142856,5.344921827058476,6,96.0,0.3176158232399979,6,96.0
