step,system_total_running,system_total_backlogged,system_total_stopped,system_total_arrived,system_total_departed,system_total_teleported,system_total_waiting_time,system_mean_waiting_time,system_mean_speed,t_stopped,t_accumulated_waiting_time,t_average_speed,agents_total_stopped,agents_total_accumulated_waiting_time
0.0,0,0,0,0,0,0,0.0,0.0,0.0,0,0.0,1.0,0,0.0
5.0,4,0,0,0,4,0,0.0,0.0,13.019611735100513,0,0.0,0.9970363540928628,0,0.0
10.0,8,0,0,0,8,0,0.0,0.0,12.448634717608513,0,0.0,0.9478739872164967,0,0.0
15.0,12,0,0,0,12,0,0.0,0.0,11.83646055124521,0,0.0,0.8716551204475138,0,0.0
20.0,16,0,0,0,16,0,0.0,0.0,8.86458910823344,0,0.0,0.6276671547141359,0,0.0
25.0,16,0,3,1,17,0,12.0,0.75,10.151102440582717,3,12.0,0.6559243145252146,3,12.0
30.0,21,0,4,1,22,0,30.0,1.4285714285714286,9.434893972553061,4,30.0,0.573591694364925,4,30.0
35.0,20,0,6,6,26,0,58.0,2.9,8.839849413254544,6,58.0,0.5533114239570369,6,58.0
40.0,22,0,3,8,30,0,3.0,0.13636363636363635,7.703001167509865,3,46.0,0.4923931441037878,3,46.0
45.0,25,0,2,10,35,0,8.0,0.32,8.631427892243954,2,10.0,0.5566361769349814,2,10.0
50.0,28,0,7,11,39,0,32.0,1.1428571428571428,8.600501324208283,7,32.0,0.4816623965872187,7,32.0
55.0,28,0,3,14,42,0,12.0,0.42857142857142855,7.607757207856539,3,39.0,0.40621778075028847,3,39.0
60.0,27,0,1,19,46,0,1.0,0.037037037037037035,8.342758284039594,1,18.0,0.4755262804567271,1,18.0
65.0,27,0,2,22,49,0,8.0,0.2962962962962963,10.008863410044405,2,10.0,0.5859269225582842,2,10.0
70.0,26,0,1,26,52,0,1.0,0.038461538461538464,8.148785817050792,1,6.0,0.46121256401399635,1,6.0
75.0,25,0,7,31,56,0,26.0,1.04,7.643165734821621,7,28.0,0.4303996297741192,7,28.0
80.0,26,0,11,33,59,0,71.0,2.730769230769231,6.607563647213161,11,73.0,0.3282795439851258,11,73.0
85.0,23,0,7,38,61,0,45.0,1.9565217391304348,5.436443576834003,7,93.0,0.3284790210623146,7,93.0
90.0,24,0,3,40,64,0,5.0,0.20833333333333334,6.8722040868682015,3,61.0,0.35010653831046196,3,61.0
95.0,27,0,3,41,68,0,20.0,0.7407407407407407,9.794491959553486,3,26.0,0.5533059303365758,3,26.0
100.0,27,0,2,44,71,0,3.0,0.1111111111111111,8.580848211821891,2,18.0,0.48009140639672965,2,18.0
105.0,23,0,6,50,73,0,23.0,1.0,6.358295974264276,6,29.0,0.2835973103329582,6,29.0
110.0,24,0,11,53,77,0,71.0,2.9583333333333335,5.335079292256684,11,77.0,0.29743593646066924,11,77.0
115.0,28,0,9,56,84,0,58.0,2.0714285714285716,5.5934311644333485,9,103.0,0.35979541469707027,9,103.0
120.0,31,0,3,57,88,0,8.0,0.25806451612903225,6.969504318591917,3,85.0,0.4040424724168062,3,85.0
125.0,37,0,1,58,95,0,5.0,0.13513513513513514,8.07005054394271,1,41.0,0.441080456148879,1,41.0
130.0,39,0,1,61,100,0,1.0,0.02564102564102564,7.0515106784008115,1,39.0,0.4093101579342587,1,39.0
135.0,37,0,7,67,104,0,21.0,0.5675675675675675,6.304814351256252,7,57.0,0.3147973782486426,7,57.0
140.0,36,0,13,70,106,0,76.0,2.111111111111111,4.982083077205855,13,112.0,0.16182819763172201,13,112.0
145.0,39,0,14,74,113,0,80.0,2.051282051282051,4.188277247560234,14,149.0,0.2027467141371787,14,149.0
150.0,38,0,11,79,117,0,45.0,1.1842105263157894,5.391835759906973,11,144.0,0.2958063328701941,11,144.0
155.0,44,0,8,79,123,0,33.0,0.75,5.691217654345366,8,121.0,0.25129312120325165,8,121.0
160.0,44,1,7,82,126,0,12.0,0.2727272727272727,5.169921647519941,7,145.0,0.23621838343943913,7,145.0
165.0,40,3,7,87,127,0,26.0,0.65,5.803880118458747,7,168.0,0.2561711293695337,7,168.0
170.0,43,1,14,90,133,0,81.0,1.8837209302325582,5.060461938872158,14,221.0,0.1992460816367206,14,221.0
175.0,41,1,12,95,136,0,76.0,1.853658536585366,3.5582844308684805,12,244.0,0.15768015909622754,12,244.0
180.0,41,1,14,99,140,0,58.0,1.4146341463414633,3.4201524740891096,14,230.0,0.1294791033052497,14,230.0
185.0,43,4,13,100,143,0,49.0,1.1395348837209303,5.250818385145056,13,209.0,0.1896884795008544,13,209.0
190.0,40,5,9,104,144,0,54.0,1.35,7.035997860635442,9,192.0,0.31118617047544506,9,192.0
195.0,36,7,1,109,145,0,3.0,0.08333333333333333,6.8737204419144975,1,173.0,0.3717343799210814,1,173.0
200.0,35,5,6,115,150,0,24.0,0.6857142857142857,5.698552376668545,6,183.0,0.2941357069528482,6,183.0
205.0,37,4,14,117,154,0,81.0,2.189189189189189,4.128039953315401,14,241.0,0.15817052483575902,14,241.0
210.0,38,4,14,120,158,0,80.0,2.1052631578947367,2.8984500936949855,14,267.0,0.12125916425879872,14,267.0
215.0,41,4,13,123,164,0,63.0,1.5365853658536586,3.8911051646559875,13,249.0,0.1698023946793219,13,249.0
220.0,44,6,9,124,168,0,44.0,1.0,6.062257720753018,9,192.0,0.2593342694787397,9,192.0
225.0,43,8,6,127,170,0,33.0,0.7674418604651163,7.623992382490409,6,173.0,0.4027614605865253,6,173.0
230.0,37,11,1,133,170,0,1.0,0.02702702702702703,6.909760133124115,1,137.0,0.38347682192637045,1,137.0
235.0,37,10,7,137,174,0,23.0,0.6216216216216216,6.614212064187963,7,157.0,0.31336085066856034,7,157.0
240.0,37,9,13,142,179,0,79.0,2.135135135135135,4.746206621854952,13,213.0,0.19241611694387128,13,213.0
245.0,39,6,14,146,185,0,80.0,2.051282051282051,3.484380284013653,14,232.0,0.15186286158931941,14,232.0
250.0,39,7,9,150,189,0,41.0,1.0512820512820513,3.786269774483293,9,208.0,0.1623019073510748,9,208.0
255.0,41,9,8,150,191,0,28.0,0.6829268292682927,5.956086233099094,8,156.0,0.2208061515725271,8,156.0
260.0,38,11,7,154,192,0,14.0,0.3684210526315789,5.140404892381366,7,185.0,0.2261832224185822,7,185.0
265.0,34,14,9,158,192,0,33.0,0.9705882352941176,4.947898256438855,9,218.0,0.1897745142742188,9,218.0
270.0,34,15,14,162,196,0,95.0,2.7941176470588234,3.1891964126969605,14,280.0,0.12965764143868938,14,280.0
275.0,35,14,14,165,200,0,95.0,2.7142857142857144,1.6535087202563692,14,304.0,0.07049739156164268,14,304.0
280.0,37,16,10,166,203,0,53.0,1.4324324324324325,3.3011939212091312,10,271.0,0.12593612983026295,10,271.0
285.0,39,16,9,166,205,0,32.0,0.8205128205128205,5.248930237538307,9,217.0,0.1770684215145863,9,217.0
290.0,35,19,5,170,205,0,20.0,0.5714285714285714,6.38590091570215,5,177.0,0.2497429042477556,5,177.0
295.0,31,22,1,174,205,0,5.0,0.16129032258064516,8.64963496321299,1,115.0,0.43154467285084125,1,115.0
300.0,33,22,2,178,211,0,3.0,0.09090909090909091,8.262327710309279,2,113.0,0.4860159648396029,2,113.0
305.0,32,20,9,184,216,0,31.0,0.96875,6.158717479959622,9,141.0,0.3708080875616843,9,141.0
310.0,33,17,12,188,221,0,85.0,2.5757575757575757,3.8502310559125275,12,197.0,0.21654725337721834,12,197.0
315.0,38,17,14,189,227,0,85.0,2.236842105263158,3.579577719605841,14,224.0,0.1880105485674657,14,224.0
320.0,40,17,12,190,230,0,49.0,1.225,4.859513026754983,12,186.0,0.1856951776188237,12,186.0
325.0,41,17,9,192,233,0,39.0,0.9512195121951219,6.3456248727499585,9,153.0,0.2505892775828123,9,153.0
330.0,39,19,7,196,235,0,17.0,0.4358974358974359,5.631394531939217,7,184.0,0.2523325142544952,7,184.0
335.0,34,21,9,202,236,0,33.0,0.9705882352941176,5.063185811771059,9,218.0,0.24202111752504404,9,218.0
340.0,37,22,15,204,241,0,93.0,2.5135135135135136,3.6318720552644357,15,280.0,0.13173187463069058,15,280.0
345.0,38,22,16,207,245,0,102.0,2.6842105263157894,3.005506703956518,16,310.0,0.1249109374116154,16,310.0
350.0,40,20,14,209,249,0,71.0,1.775,3.903671608901425,14,289.0,0.15563312240827107,14,289.0
355.0,41,21,11,210,251,0,59.0,1.4390243902439024,5.363017127304123,11,244.0,0.17366461015844575,11,244.0
360.0,37,23,7,214,251,0,39.0,1.054054054054054,6.301555359770129,7,224.0,0.2722322827285169,7,224.0
365.0,34,25,3,218,252,0,27.0,0.7941176470588235,8.073173067043397,3,148.0,0.4544345326146192,3,148.0
370.0,34,23,3,223,257,0,42.0,1.2352941176470589,9.164519391767472,3,114.0,0.584202448105114,3,114.0
375.0,37,20,2,227,264,0,2.0,0.05405405405405406,8.546283133357257,2,85.0,0.541376685625889,2,85.0
380.0,37,17,6,233,270,0,27.0,0.7297297297297297,7.131457741236407,6,99.0,0.3653373600556434,6,99.0
385.0,36,17,14,238,274,0,82.0,2.2777777777777777,4.5563949497696115,14,154.0,0.18622142234296302,14,154.0
390.0,37,15,16,242,279,0,88.0,2.3783783783783785,2.819847483694894,16,194.0,0.1470802977751975,16,194.0
395.0,40,15,13,244,284,0,62.0,1.55,3.462148338503705,13,187.0,0.16088614067944834,13,187.0
400.0,42,15,12,244,286,0,52.0,1.2380952380952381,5.1109147568795805,12,157.0,0.1917068192994281,12,157.0
405.0,41,18,6,246,287,0,40.0,0.975609756097561,6.836673944144159,6,157.0,0.28446399108106185,6,157.0
410.0,37,21,2,251,288,0,4.0,0.10810810810810811,7.001511607213709,2,143.0,0.37198765053743765,2,143.0
415.0,36,20,7,257,293,0,27.0,0.75,6.096499620619629,7,161.0,0.3145783484403425,7,161.0
420.0,36,18,15,261,297,0,83.0,2.3055555555555554,3.9361089189808727,15,217.0,0.1959978639962119,15,217.0
425.0,42,13,16,264,306,0,89.0,2.119047619047619,2.8759881566326433,16,252.0,0.17384348901670202,16,252.0
430.0,44,13,11,266,310,0,60.0,1.3636363636363635,4.183393253410755,11,243.0,0.21478821351959218,11,243.0
435.0,46,12,13,266,312,0,58.0,1.2608695652173914,5.033790831128062,13,203.0,0.17006326964520688,13,203.0
440.0,45,13,11,269,314,0,64.0,1.4222222222222223,6.279145052272408,11,192.0,0.266153490443156,11,192.0
445.0,41,15,3,275,316,0,12.0,0.2926829268292683,6.888205643472161,3,177.0,0.39639482880634447,3,177.0
450.0,43,12,7,279,322,0,23.0,0.5348837209302325,6.928006452720489,7,169.0,0.39869589564136815,7,169.0
455.0,43,8,13,284,327,0,77.0,1.7906976744186047,5.413382154261093,13,212.0,0.2546557428167426,13,212.0
460.0,46,5,12,287,333,0,76.0,1.6521739130434783,4.043597342501296,12,232.0,0.19098569476277807,12,232.0
465.0,45,3,13,292,337,0,47.0,1.0444444444444445,4.255402155162219,13,218.0,0.1763933582533613,13,218.0
470.0,45,1,13,295,340,0,60.0,1.3333333333333333,5.43512010201878,13,185.0,0.21843680344072325,13,185.0
475.0,41,4,12,299,340,0,67.0,1.6341463414634145,6.073976107599727,12,177.0,0.2489700854540852,12,177.0
480.0,38,8,3,304,342,0,10.0,0.2631578947368421,6.778657065909294,3,169.0,0.37390294548643005,3,169.0
485.0,37,5,8,309,346,0,30.0,0.8108108108108109,6.272487452692245,8,156.0,0.3232511875905579,8,156.0
490.0,38,4,15,313,351,0,87.0,2.289473684210526,4.594695834090543,15,208.0,0.15624092128601205,15,208.0
495.0,39,2,14,316,355,0,86.0,2.2051282051282053,3.795007940326593,14,234.0,0.15644888303062615,14,234.0
500.0,38,0,11,321,359,0,53.0,1.394736842105263,3.653354250750682,11,224.0,0.13970642152801457,11,224.0
505.0,41,2,10,322,363,0,32.0,0.7804878048780488,5.507742671191349,10,177.0,0.2095988176607101,10,177.0
510.0,39,5,5,325,364,0,22.0,0.5641025641025641,7.353756200091903,5,146.0,0.3514605854779006,5,146.0
515.0,35,10,1,330,365,0,1.0,0.02857142857142857,7.824419840239888,1,129.0,0.4437405181983028,1,129.0
520.0,34,8,7,336,370,0,23.0,0.6764705882352942,6.578743070087548,7,151.0,0.3339057977925601,7,151.0
525.0,34,6,14,341,375,0,79.0,2.323529411764706,4.010869773984445,14,207.0,0.18313700334473254,14,207.0
530.0,38,5,15,344,382,0,86.0,2.263157894736842,2.9843359816676456,15,236.0,0.17732115401149184,15,236.0
535.0,41,5,11,345,386,0,54.0,1.3170731707317074,4.198010896539909,11,209.0,0.19068023292879469,11,209.0
540.0,44,5,11,345,389,0,37.0,0.8409090909090909,5.542349477024069,11,178.0,0.21393704971335128,11,178.0
545.0,41,8,10,349,390,0,44.0,1.0731707317073171,6.798445395195155,10,161.0,0.2990505680181366,10,161.0
550.0,36,12,6,355,391,0,54.0,1.5,7.960584645422009,6,138.0,0.44480836580968314,6,138.0
555.0,38,11,6,358,396,0,84.0,2.210526315789474,8.56386279349236,6,132.0,0.4794950591885539,6,132.0
560.0,38,10,4,363,401,0,12.0,0.3157894736842105,7.110757282477327,4,118.0,0.4135359321238768,4,118.0
565.0,38,7,8,369,407,0,32.0,0.8421052631578947,7.104616535382197,8,88.0,0.3916907000212994,8,88.0
570.0,40,4,14,373,413,0,92.0,2.3,5.814064058120161,14,140.0,0.23909897824848178,14,140.0
575.0,41,2,13,376,417,0,92.0,2.2439024390243905,4.546379675125916,13,177.0,0.16292729092943964,13,177.0
580.0,39,1,10,382,421,0,46.0,1.1794871794871795,4.257845867091542,10,149.0,0.13737124132259793,10,149.0
585.0,41,2,9,384,425,0,38.0,0.926829268292683,5.540358768863657,9,132.0,0.1868997428315404,9,132.0
590.0,37,5,8,388,425,0,17.0,0.4594594594594595,5.396441578596467,8,155.0,0.22537372393297136,8,155.0
595.0,32,8,8,393,425,0,32.0,1.0,4.567237669858901,8,187.0,0.19940572399255135,8,187.0
600.0,37,7,14,396,433,0,90.0,2.4324324324324325,4.0429371479426495,14,246.0,0.22455456704401675,14,246.0
605.0,39,4,15,399,438,0,92.0,2.358974358974359,2.949808496869765,15,279.0,0.18965184932708892,15,279.0
610.0,41,5,13,399,440,0,64.0,1.5609756097560976,3.205021315882892,13,239.0,0.1060676534553632,13,239.0
615.0,44,7,14,399,443,0,59.0,1.3409090909090908,4.644020928278033,14,238.0,0.16396533922164436,14,238.0
620.0,42,9,11,402,444,0,72.0,1.7142857142857142,6.351295300431776,11,215.0,0.28179519699993727,11,215.0
625.0,39,13,1,407,446,0,1.0,0.02564102564102564,7.373825741567664,1,196.0,0.4407730911274794,1,196.0
630.0,38,10,6,412,450,0,21.0,0.5526315789473685,6.879709423000253,6,183.0,0.3534588445536783,6,183.0
635.0,37,10,12,417,454,0,68.0,1.837837837837838,4.9644574899869225,12,231.0,0.1668322215432671,12,231.0
640.0,40,8,14,421,461,0,70.0,1.75,3.53048047451131,14,252.0,0.15886482086918224,14,252.0
645.0,41,7,10,424,465,0,47.0,1.146341463414634,4.224514273357764,10,219.0,0.182509351672078,10,219.0
650.0,42,7,6,426,468,0,20.0,0.47619047619047616,5.269706187612404,6,153.0,0.19921423323350623,6,153.0
655.0,42,6,6,429,471,0,20.0,0.47619047619047616,6.920808370379389,6,133.0,0.36453794678502355,6,133.0
660.0,40,7,2,434,474,0,2.0,0.05,7.899682133311434,2,105.0,0.48257335389066075,2,105.0
665.0,40,6,6,439,479,0,22.0,0.55,7.104520824406873,6,120.0,0.40037394606923776,6,120.0
670.0,40,4,12,444,484,0,74.0,1.85,5.541261981573184,12,172.0,0.2741254720128032,12,172.0
675.0,41,1,20,448,489,0,155.0,3.7804878048780486,3.6127194088143884,20,253.0,0.14208291254978406,20,253.0
680.0,45,1,20,449,494,0,159.0,3.533333333333333,2.7045444667449927,20,297.0,0.08965739081865368,20,297.0
685.0,41,1,20,455,496,0,133.0,3.2439024390243905,2.8750809077821575,20,310.0,0.09989830192441844,20,310.0
690.0,41,4,16,455,496,0,109.0,2.658536585365854,4.881576260285962,16,283.0,0.14474175751892482,16,283.0
695.0,40,6,9,458,498,0,80.0,2.0,6.896582767330182,9,276.0,0.3302612246160961,9,276.0
700.0,35,10,3,463,498,0,46.0,1.3142857142857143,8.837502744779336,3,213.0,0.4964526931675123,3,213.0
705.0,35,9,4,468,503,0,64.0,1.8285714285714285,8.901931589907454,4,174.0,0.5289185229273975,4,174.0
710.0,33,8,1,474,507,0,3.0,0.09090909090909091,7.134766044514391,1,136.0,0.4279219742661834,1,136.0
715.0,34,5,7,478,512,0,29.0,0.8529411764705882,5.7157918350545724,7,139.0,0.22783644468280642,7,139.0
720.0,34,6,12,482,516,0,82.0,2.411764705882353,4.154341923311328,12,192.0,0.14758454105817045,12,192.0
725.0,35,3,12,486,521,0,76.0,2.1714285714285713,3.0198743521222036,12,211.0,0.16036695111703625,12,211.0
730.0,38,1,10,488,526,0,41.0,1.0789473684210527,3.8271365860319353,10,162.0,0.14859398118582912,10,162.0
735.0,40,2,9,488,528,0,34.0,0.85,5.692950026905699,9,122.0,0.20335408916348224,9,122.0
740.0,39,2,4,491,530,0,18.0,0.46153846153846156,7.130706066642462,4,117.0,0.32349725650623784,4,117.0
745.0,36,5,1,496,532,0,1.0,0.027777777777777776,7.958025421245035,1,107.0,0.4608174240587586,1,107.0
750.0,34,3,6,502,536,0,22.0,0.6470588235294118,5.990205238729712,6,128.0,0.31631256267989727,6,128.0
755.0,35,1,13,506,541,0,72.0,2.057142857142857,4.288810827898843,13,178.0,0.2063611617751721,13,178.0
760.0,35,0,18,509,544,0,150.0,4.285714285714286,2.307483909652949,18,257.0,0.11063264002505842,18,257.0
765.0,40,0,19,509,549,0,153.0,3.825,2.866497908867765,19,310.0,0.14875818070353972,19,310.0
770.0,42,0,17,512,554,0,109.0,2.5952380952380953,4.196608507364821,17,290.0,0.18248444000585406,17,290.0
775.0,43,2,14,512,555,0,84.0,1.9534883720930232,5.69252764321619,14,268.0,0.20368742597402006,14,268.0
780.0,41,4,9,516,557,0,59.0,1.4390243902439024,6.362076709104359,9,255.0,0.30579884192942686,9,255.0
785.0,36,7,5,521,557,0,45.0,1.25,7.88506450436992,5,195.0,0.4527191936706149,5,195.0
790.0,36,7,2,525,561,0,5.0,0.1388888888888889,7.278806819999924,2,172.0,0.4095385252354318,2,172.0
795.0,36,7,8,529,565,0,27.0,0.75,6.524479994812191,8,170.0,0.28916785203617323,8,170.0
800.0,35,5,12,535,570,0,78.0,2.2285714285714286,4.4010454355189434,12,218.0,0.17196312332774272,12,218.0
805.0,38,0,14,539,577,0,77.0,2.026315789473684,2.6880591720144427,14,242.0,0.12796082975059386,14,242.0
810.0,37,2,11,542,579,0,46.0,1.2432432432432432,3.185486205537493,11,214.0,0.12415404530766422,11,214.0
815.0,40,3,9,542,582,0,32.0,0.8,5.186735643835558,9,150.0,0.18599094923811174,9,150.0
820.0,40,5,5,544,584,0,15.0,0.375,7.015663248737743,5,129.0,0.36169267993003523,5,129.0
825.0,35,7,1,549,584,0,1.0,0.02857142857142857,7.532944861071007,1,117.0,0.42135168131728684,1,117.0
830.0,35,7,5,554,589,0,18.0,0.5142857142857142,6.241055901533575,5,134.0,0.2922291308784466,5,134.0
835.0,36,5,12,559,595,0,63.0,1.75,4.286703236326881,12,181.0,0.23004177395336914,12,181.0
840.0,39,1,14,562,601,0,70.0,1.794871794871795,3.265762758866596,14,215.0,0.1966785107623693,14,215.0
845.0,39,0,11,564,603,0,52.0,1.3333333333333333,4.160608504254422,11,203.0,0.2030621898411263,11,203.0
850.0,43,0,11,564,607,0,42.0,0.9767441860465116,5.4006470946620135,11,173.0,0.18864850746274142,11,173.0
855.0,41,1,7,568,609,0,22.0,0.5365853658536586,5.453996698729158,7,205.0,0.2494313057385928,7,205.0
860.0,36,3,7,574,610,0,31.0,0.8611111111111112,5.208858205710061,7,233.0,0.2583070080095807,7,233.0
865.0,38,1,15,576,614,0,91.0,2.3947368421052633,3.8206175357607037,15,293.0,0.150429844022738,15,293.0
870.0,38,4,15,579,617,0,95.0,2.5,3.0726930079416754,15,319.0,0.13534369628959933,15,319.0
875.0,42,2,13,582,624,0,59.0,1.4047619047619047,4.291588680426557,13,284.0,0.1948809725899727,13,284.0
880.0,45,2,11,583,628,0,49.0,1.0888888888888888,6.060577148660714,11,226.0,0.2648337473453143,11,226.0
885.0,43,5,8,586,629,0,32.0,0.7441860465116279,6.944757385595664,8,210.0,0.32419480979155213,8,210.0
890.0,38,9,6,592,630,0,44.0,1.1578947368421053,8.021549044710152,6,158.0,0.4233830329163495,6,158.0
895.0,36,8,3,598,634,0,4.0,0.1111111111111111,7.313807219599705,3,138.0,0.4331347733941963,3,138.0
900.0,37,4,7,602,639,0,24.0,0.6486486486486487,6.272211486089972,7,127.0,0.3162516335919651,7,127.0
905.0,39,2,13,606,645,0,74.0,1.8974358974358974,4.940995593134211,13,174.0,0.19916971500296674,13,174.0
910.0,39,0,13,610,649,0,73.0,1.8717948717948718,3.6039427113339864,13,197.0,0.1582450091261202,13,197.0
915.0,41,0,10,613,654,0,39.0,0.9512195121951219,4.295076271263583,10,173.0,0.1948686734039506,10,173.0
920.0,41,2,9,615,656,0,32.0,0.7804878048780488,5.375589991481252,9,148.0,0.21324597424422648,9,148.0
925.0,41,5,7,618,659,0,26.0,0.6341463414634146,6.553132207237201,7,127.0,0.289933443834448,7,127.0
930.0,36,7,4,623,659,0,32.0,0.8888888888888888,8.270463822365937,4,110.0,0.4479377445431547,4,110.0
935.0,38,5,2,627,665,0,3.0,0.07894736842105263,7.053403468948932,2,97.0,0.43229539495568875,2,97.0
940.0,38,5,7,632,670,0,28.0,0.7368421052631579,6.484332433190886,7,106.0,0.31846709288877023,7,106.0
945.0,40,3,13,637,677,0,79.0,1.975,5.515061875822122,13,157.0,0.2545641280389466,13,157.0
950.0,43,1,14,640,683,0,72.0,1.6744186046511629,3.925228075611501,14,189.0,0.1919501970896821,14,189.0
955.0,45,1,13,644,689,0,52.0,1.1555555555555554,4.147155052871356,13,187.0,0.20411392095100014,13,187.0
960.0,47,1,13,645,692,0,62.0,1.3191489361702127,5.229192509984821,13,165.0,0.2219268612612141,13,165.0
965.0,46,2,10,647,693,0,71.0,1.5434782608695652,5.961909689060775,10,179.0,0.25912918985366923,10,179.0
970.0,41,4,9,653,694,0,85.0,2.073170731707317,7.165968635583029,9,179.0,0.36118816980024465,9,179.0
975.0,40,5,4,658,698,0,23.0,0.575,6.2345006310391335,4,171.0,0.3368544089070029,4,171.0
980.0,40,5,8,661,701,0,25.0,0.625,6.095138143303893,8,142.0,0.26050901108659896,8,142.0
985.0,42,4,13,666,708,0,78.0,1.8571428571428572,5.892740996551014,13,172.0,0.2291923588023711,13,172.0
990.0,45,1,13,670,715,0,81.0,1.8,4.27036174278259,13,208.0,0.18946340541402976,13,208.0
995.0,41,2,12,676,717,0,54.0,1.3170731707317074,3.6814814762388064,12,195.0,0.13089360458935798,12,195.0
1000.0,41,2,11,678,719,0,43.0,1.048780487804878,5.286789285716029,11,161.0,0.1466645073589439,11,161.0
1005.0,37,6,8,682,719,0,42.0,1.135135135135135,6.9629518148987755,8,134.0,0.24616442225574917,8,134.0
1010.0,35,7,3,686,721,0,38.0,1.0857142857142856,9.584995195258232,3,127.0,0.5356658425931683,3,127.0
1015.0,34,6,3,692,726,0,53.0,1.5588235294117647,10.224997528376104,3,104.0,0.6243350074887497,3,104.0
1020.0,35,4,3,698,733,0,4.0,0.11428571428571428,8.283330410917813,3,70.0,0.5134067915867433,3,70.0
1025.0,35,0,7,703,738,0,28.0,0.8,7.020930983950957,7,79.0,0.4013571402596466,7,79.0
1030.0,37,0,13,706,743,0,79.0,2.135135135135135,5.31079788045004,13,130.0,0.21903533067410438,13,130.0
1035.0,39,0,13,710,749,0,76.0,1.9487179487179487,4.320716709878237,13,164.0,0.21541546177818993,13,164.0
1040.0,40,0,10,713,753,0,41.0,1.025,5.019928423048292,10,152.0,0.23396347474242798,10,152.0
1045.0,42,0,10,715,757,0,26.0,0.6190476190476191,5.441277686876688,10,117.0,0.21095924269876276,10,117.0
1050.0,40,0,6,719,759,0,29.0,0.725,6.372221143653202,6,125.0,0.29424137895221547,6,125.0
1055.0,37,1,1,723,760,0,1.0,0.02702702702702703,7.027230154027204,1,108.0,0.37746955861914133,1,108.0
1060.0,36,1,7,728,764,0,22.0,0.6111111111111112,6.794367237472384,7,112.0,0.33361839504531365,7,112.0
1065.0,34,0,13,733,767,0,76.0,2.235294117647059,4.622332688133958,13,166.0,0.18851703604260697,13,166.0
1070.0,31,0,12,737,768,0,76.0,2.4516129032258065,3.2106803957023513,12,197.0,0.14849299558078907,12,197.0
1075.0,32,0,9,739,771,0,39.0,1.21875,4.994231833468406,9,187.0,0.24379828078960003,9,187.0
1080.0,35,0,5,740,775,0,17.0,0.4857142857142857,6.41773099373657,5,129.0,0.2813312048330192,5,129.0
1085.0,35,0,2,743,778,0,14.0,0.4,7.268498002745558,2,90.0,0.3581155295835247,2,90.0
1090.0,35,0,2,747,782,0,2.0,0.05714285714285714,8.097578108882212,2,58.0,0.5229205773072894,2,58.0
1095.0,31,0,6,753,784,0,22.0,0.7096774193548387,6.916285265365633,6,77.0,0.3925399901163771,6,77.0
1100.0,29,0,12,758,787,0,70.0,2.413793103448276,4.39514548668098,12,125.0,0.19974607100554995,12,125.0
1105.0,32,0,12,760,792,0,67.0,2.09375,4.909545927475641,12,154.0,0.271802980001132,12,154.0
1110.0,31,0,6,763,794,0,26.0,0.8387096774193549,5.680090106847983,6,126.0,0.2917169958453994,6,126.0
1115.0,34,0,3,764,798,0,7.0,0.20588235294117646,7.297292707581334,3,77.0,0.38545081413632476,3,77.0
1120.0,34,0,3,767,801,0,4.0,0.11764705882352941,7.111764012296551,3,77.0,0.39601914774381997,3,77.0
1125.0,33,0,7,771,804,0,29.0,0.8787878787878788,6.928527378646941,7,102.0,0.3635533613860604,7,102.0
1130.0,30,0,14,776,806,0,84.0,2.8,4.62487316121346,14,157.0,0.15497611328052105,14,157.0
1135.0,29,0,13,779,808,0,80.0,2.7586206896551726,3.8071572931359636,13,187.0,0.14604837572361126,13,187.0
1140.0,31,0,7,782,813,0,36.0,1.1612903225806452,5.947834691339925,7,144.0,0.2960652942681398,7,144.0
1145.0,34,0,3,783,817,0,12.0,0.35294117647058826,7.486169330272726,3,94.0,0.3797501910795315,3,94.0
1150.0,35,0,2,785,820,0,15.0,0.42857142857142855,8.596729111905836,2,64.0,0.48032169771858446,2,64.0
1155.0,31,0,3,791,822,0,4.0,0.12903225806451613,8.350776487671201,3,38.0,0.468138067929132,3,38.0
1160.0,27,0,7,797,824,0,31.0,1.1481481481481481,6.074449835010406,7,65.0,0.2731151436467748,7,65.0
1165.0,29,0,14,800,829,0,88.0,3.0344827586206895,5.436105929002422,14,122.0,0.2570455477250562,14,122.0
1170.0,29,0,12,804,833,0,80.0,2.7586206896551726,4.79761367731862,12,151.0,0.29326202599264645,12,151.0
1175.0,32,0,6,806,838,0,34.0,1.0625,6.08762315110744,6,128.0,0.3456503152320174,6,128.0
1180.0,33,0,3,806,839,0,8.0,0.24242424242424243,7.228155850502527,3,94.0,0.3227133723984404,3,94.0
1185.0,33,0,5,809,842,0,26.0,0.7878787878787878,8.231950069309674,5,65.0,0.4133375005211473,5,65.0
1190.0,29,0,0,814,843,0,0.0,0.0,7.848787028723539,0,48.0,0.4082315052995624,0,48.0
1195.0,28,0,6,819,847,0,22.0,0.7857142857142857,6.826345153661917,6,46.0,0.2945344435759306,6,46.0
1200.0,28,0,13,824,852,0,74.0,2.642857142857143,6.885761639438226,13,98.0,0.36951086402158134,13,98.0
1205.0,26,0,9,828,854,0,61.0,2.3461538461538463,4.353326901542198,9,118.0,0.24429960680216442,9,118.0
1210.0,25,0,6,830,855,0,17.0,0.68,5.098835586907227,6,89.0,0.2091054038935498,6,89.0
1215.0,30,0,3,830,860,0,20.0,0.6666666666666666,9.178343623311312,3,57.0,0.5204686734899902,3,57.0
1220.0,30,0,2,834,864,0,4.0,0.13333333333333333,8.250453770510767,2,48.0,0.502999678118369,2,48.0
1225.0,29,0,8,839,868,0,33.0,1.1379310344827587,7.131708809757312,8,70.0,0.3658152032756246,8,70.0
1230.0,29,0,13,842,871,0,90.0,3.103448275862069,5.35376017943668,13,127.0,0.2418008012542294,13,127.0
1235.0,29,0,12,847,876,0,80.0,2.7586206896551726,4.728653267577842,12,152.0,0.27462575189256827,12,152.0
1240.0,34,0,4,848,882,0,21.0,0.6176470588235294,7.2941438807967165,4,122.0,0.43166371494834593,4,122.0
1245.0,36,0,1,850,886,0,2.0,0.05555555555555555,7.433421611014064,1,64.0,0.38557997529169413,1,64.0
1250.0,37,0,3,853,890,0,14.0,0.3783783783783784,7.9988530359045615,3,42.0,0.4265398232985773,3,42.0
1255.0,35,0,1,858,893,0,2.0,0.05714285714285714,7.023867384632346,1,29.0,0.38463906508015516,1,29.0
1260.0,34,0,7,864,898,0,25.0,0.7352941176470589,6.796500212611861,7,40.0,0.3293392380298613,7,40.0
1265.0,35,0,12,867,902,0,74.0,2.1142857142857143,4.737567173958004,12,89.0,0.22172810385860764,12,89.0
1270.0,33,0,13,871,904,0,69.0,2.090909090909091,3.3753108943470425,13,120.0,0.1677133139434368,13,120.0
1275.0,32,0,11,874,906,0,42.0,1.3125,4.107298713022481,11,127.0,0.17140413689624834,11,127.0
1280.0,37,0,6,874,911,0,31.0,0.8378378378378378,6.494646624090772,6,116.0,0.25978657681010686,6,116.0
1285.0,37,0,3,877,914,0,26.0,0.7027027027027027,7.535582909389091,3,110.0,0.3780446098064354,3,110.0
1290.0,38,0,0,881,919,0,0.0,0.0,7.70779708408297,0,78.0,0.4493842232558328,0,78.0
1295.0,36,0,5,887,923,0,15.0,0.4166666666666667,7.037121901887217,5,85.0,0.37515543901590653,5,85.0
1300.0,35,0,11,892,927,0,59.0,1.6857142857142857,5.290363612360137,11,129.0,0.2459407322218368,11,129.0
1305.0,34,0,13,897,931,0,63.0,1.8529411764705883,3.3428714409949722,13,157.0,0.17435133832077634,13,157.0
1310.0,36,0,9,897,933,0,32.0,0.8888888888888888,4.745542604635064,9,141.0,0.17664737250522003,9,141.0
1315.0,37,0,7,900,937,0,20.0,0.5405405405405406,6.050182611713362,7,104.0,0.20652264263969392,7,104.0
1320.0,34,0,2,905,939,0,10.0,0.29411764705882354,6.941910986446609,2,96.0,0.353386283667768,2,96.0
1325.0,34,0,0,907,941,0,0.0,0.0,7.589972943725445,0,79.0,0.4125021567642141,0,79.0
1330.0,33,0,6,913,946,0,18.0,0.5454545454545454,6.3834634056801836,6,97.0,0.35174439969345883,6,97.0
1335.0,30,0,13,919,949,0,71.0,2.3666666666666667,3.971946098737109,13,150.0,0.26703944412600733,13,150.0
1340.0,31,0,13,920,951,0,77.0,2.4838709677419355,2.3573109139816624,13,184.0,0.11775649941228436,13,184.0
1345.0,34,0,12,920,954,0,43.0,1.2647058823529411,4.227470421948006,12,179.0,0.17626522354768906,12,179.0
1350.0,34,0,8,921,955,0,34.0,1.0,6.275481914571088,8,137.0,0.2414741487113038,8,137.0
1355.0,36,0,2,925,961,0,2.0,0.05555555555555555,5.890494947557438,2,130.0,0.3175741782100324,2,130.0
1360.0,36,0,7,928,964,0,26.0,0.7222222222222222,5.770734772264348,7,147.0,0.29618943669694303,7,147.0
1365.0,34,0,12,933,967,0,75.0,2.2058823529411766,4.142039765647997,12,196.0,0.18849709139191811,12,196.0
1370.0,32,0,15,936,968,0,75.0,2.34375,2.3146104174697477,15,219.0,0.09798318191961854,15,219.0
1375.0,38,0,11,937,975,0,48.0,1.263157894736842,5.427171676137413,11,198.0,0.30235646800716554,11,198.0
1380.0,42,0,9,938,980,0,42.0,1.0,6.448439024284322,9,161.0,0.31256670229547345,9,161.0
1385.0,42,0,6,941,983,0,14.0,0.3333333333333333,5.320548385165701,6,180.0,0.27659356346047126,6,180.0
1390.0,39,2,7,946,985,0,32.0,0.8205128205128205,5.619732473491623,7,214.0,0.2851882847069297,7,214.0
1395.0,39,2,14,950,989,0,90.0,2.3076923076923075,4.110185052525228,14,272.0,0.17495977950396635,14,272.0
1400.0,37,2,16,954,991,0,91.0,2.4594594594594597,2.834190123318362,16,298.0,0.11078882920253036,16,298.0
1405.0,39,1,14,956,995,0,70.0,1.794871794871795,3.676758354776199,14,233.0,0.08613841329826259,14,233.0
1410.0,42,0,12,957,999,0,54.0,1.2857142857142858,5.746350557650795,12,225.0,0.2236180842419953,12,225.0
1415.0,38,2,6,962,1000,0,25.0,0.6578947368421053,5.473549904856478,6,257.0,0.2736720528581799,6,257.0
1420.0,35,3,8,967,1002,0,27.0,0.7714285714285715,5.091099831267961,8,286.0,0.3136095958533082,8,286.0
1425.0,38,2,14,970,1008,0,86.0,2.263157894736842,4.045571111249562,14,345.0,0.22579799620358254,14,345.0
1430.0,41,0,15,971,1012,0,89.0,2.1707317073170733,3.1440532925612854,15,362.0,0.16453210336903623,15,362.0
1435.0,43,1,14,972,1015,0,61.0,1.4186046511627908,3.642037319142427,14,323.0,0.13005558243379234,14,323.0
1440.0,44,1,14,974,1018,0,65.0,1.4772727272727273,4.994844315868918,14,251.0,0.17334559593863738,14,251.0
1445.0,41,2,7,978,1019,0,30.0,0.7317073170731707,5.047409156917019,7,290.0,0.23917680852784146,7,290.0
1450.0,38,5,6,982,1020,0,22.0,0.5789473684210527,5.5316648849921695,6,301.0,0.24739476556527748,6,301.0
1455.0,40,4,13,986,1026,0,72.0,1.8,4.642326762766876,13,354.0,0.23331891178402428,13,354.0
1460.0,41,4,15,990,1031,0,74.0,1.8048780487804879,3.4422672959754856,15,361.0,0.19909385598702917,15,361.0
1465.0,43,4,13,992,1035,0,52.0,1.2093023255813953,3.550381979086355,13,322.0,0.15274669111185893,13,322.0
1470.0,48,5,14,992,1040,0,62.0,1.2916666666666667,5.4880012581836946,14,255.0,0.22875667082890525,14,255.0
1475.0,44,9,11,996,1040,0,69.0,1.5681818181818181,6.405415684893029,11,231.0,0.29198007383983204,11,231.0
1480.0,40,13,8,1000,1040,0,91.0,2.275,6.9673547585308,8,202.0,0.311398605600102,8,202.0
1485.0,39,12,5,1006,1045,0,25.0,0.6410256410256411,6.758267512996836,5,185.0,0.36495128978955504,5,185.0
1490.0,40,9,7,1011,1051,0,22.0,0.55,6.513099748784079,7,146.0,0.34737497494308356,7,146.0
1495.0,42,7,12,1015,1057,0,68.0,1.619047619047619,5.614550209496671,12,168.0,0.24015844584520907,12,168.0
1500.0,44,3,19,1018,1062,0,148.0,3.3636363636363638,3.846527974416789,19,248.0,0.1330432767136339,19,248.0
1505.0,44,2,21,1023,1067,0,156.0,3.5454545454545454,2.714545308133479,21,297.0,0.11266187251354615,21,297.0
1510.0,42,3,18,1027,1069,0,118.0,2.8095238095238093,3.2504950605182845,18,295.0,0.12318178612961998,18,295.0
1515.0,43,6,17,1027,1070,0,111.0,2.5813953488372094,5.52139734370946,17,270.0,0.17856714143069666,17,270.0
1520.0,41,7,10,1031,1072,0,87.0,2.1219512195121952,7.135182705085238,10,249.0,0.30400085641324326,10,249.0
1525.0,35,8,2,1037,1072,0,2.0,0.05714285714285714,7.245715225410011,2,237.0,0.40133753461692906,2,237.0
1530.0,38,6,5,1041,1079,0,22.0,0.5789473684210527,7.095412850213233,5,242.0,0.3535269038501434,5,242.0
1535.0,38,7,12,1046,1084,0,68.0,1.7894736842105263,5.371273494059988,12,288.0,0.2722892834015962,12,288.0
1540.0,40,6,12,1050,1090,0,66.0,1.65,3.415698942925528,12,305.0,0.19437876650784325,12,305.0
1545.0,45,3,12,1052,1097,0,43.0,0.9555555555555556,4.293838839299965,12,253.0,0.20904963405071675,12,253.0
1550.0,47,4,11,1053,1100,0,46.0,0.9787234042553191,5.255227338797191,11,208.0,0.21771038664412623,11,208.0
1555.0,44,7,7,1056,1100,0,15.0,0.3409090909090909,4.471493926060903,7,236.0,0.19342745513595735,7,236.0
1560.0,40,10,7,1060,1100,0,29.0,0.725,5.273608584886659,7,244.0,0.22544297384091425,7,244.0
1565.0,40,10,14,1064,1104,0,81.0,2.025,4.522232964680251,14,293.0,0.11882406856664798,14,293.0
1570.0,40,9,13,1069,1109,0,77.0,1.925,3.1970511518998337,13,303.0,0.11795246888438202,13,303.0
1575.0,40,11,12,1073,1113,0,46.0,1.15,4.163205161652195,12,250.0,0.18143150956664772,12,250.0
1580.0,43,11,11,1074,1117,0,40.0,0.9302325581395349,5.829796425834473,11,185.0,0.2547177428044034,11,185.0
1585.0,40,11,5,1078,1118,0,20.0,0.5,6.914164474166219,5,159.0,0.33075193120384694,5,159.0
1590.0,36,14,2,1083,1119,0,3.0,0.08333333333333333,6.821968635615825,2,163.0,0.40025453014877915,2,163.0
1595.0,36,13,8,1087,1123,0,29.0,0.8055555555555556,5.950720764475983,8,188.0,0.2712410216529718,8,188.0
1600.0,35,10,13,1091,1126,0,83.0,2.3714285714285714,3.9674397293283774,13,242.0,0.12856939861721026,13,242.0
1605.0,37,8,14,1095,1132,0,83.0,2.2432432432432434,3.509316754612333,14,268.0,0.16200941566509997,14,268.0
1610.0,40,5,11,1098,1138,0,49.0,1.225,4.442756101473988,11,223.0,0.20789675665601895,11,223.0
1615.0,43,5,11,1098,1141,0,35.0,0.813953488372093,5.819866668106209,11,186.0,0.24423482410554775,11,186.0
1620.0,40,6,7,1102,1142,0,25.0,0.625,7.198697662513285,7,154.0,0.3713902633335388,7,154.0
1625.0,34,8,2,1108,1142,0,2.0,0.058823529411764705,7.044245883448919,2,140.0,0.43549048478755686,2,140.0
1630.0,35,7,7,1112,1147,0,23.0,0.6571428571428571,6.1009628209811,7,161.0,0.2891357978230106,7,161.0
1635.0,35,5,13,1117,1152,0,74.0,2.1142857142857143,3.999376853680307,13,212.0,0.18210411943340152,13,212.0
1640.0,35,6,14,1120,1155,0,80.0,2.2857142857142856,2.985939211131997,14,237.0,0.16423009817250567,14,237.0
1645.0,39,2,10,1122,1161,0,52.0,1.3333333333333333,4.198453579269943,10,217.0,0.20010642161746964,10,217.0
1650.0,41,2,12,1122,1163,0,40.0,0.975609756097561,5.218050176494407,12,178.0,0.1647494128390762,12,178.0
1655.0,38,2,7,1126,1164,0,38.0,1.0,6.228334728505198,7,167.0,0.2711180190053888,7,167.0
1660.0,35,6,1,1130,1165,0,1.0,0.02857142857142857,7.163246302058945,1,128.0,0.39697608443641585,1,128.0
1665.0,34,3,6,1135,1169,0,22.0,0.6470588235294118,5.993167336731482,6,139.0,0.29800087787794544,6,139.0
1670.0,34,3,12,1139,1173,0,70.0,2.0588235294117645,4.142666832435243,12,188.0,0.16753692530876302,12,188.0
1675.0,33,2,13,1144,1177,0,69.0,2.090909090909091,2.2389637167063086,13,210.0,0.11984024984970716,13,210.0
1680.0,36,2,9,1145,1181,0,37.0,1.0277777777777777,3.209456809658437,9,188.0,0.1126603336236785,9,188.0
1685.0,43,1,9,1145,1188,0,27.0,0.627906976744186,6.350115287799118,9,145.0,0.28558475264682015,9,145.0
1690.0,41,3,6,1148,1189,0,19.0,0.4634146341463415,7.919067433256894,6,118.0,0.4387321401082158,6,118.0
1695.0,37,5,1,1153,1190,0,1.0,0.02702702702702703,8.666361261678267,1,80.0,0.5129034756680395,1,80.0
1700.0,36,4,1,1158,1194,0,3.0,0.08333333333333333,7.555009564829318,1,77.0,0.44642018388928933,1,77.0
1705.0,36,1,7,1163,1199,0,24.0,0.6666666666666666,6.566246297692292,7,96.0,0.33447766133304524,7,96.0
1710.0,33,0,13,1168,1201,0,72.0,2.1818181818181817,4.557755975861228,13,144.0,0.17341943374469965,13,144.0
1715.0,30,0,12,1173,1203,0,68.0,2.2666666666666666,3.133629258561593,12,173.0,0.15298987671187783,12,173.0
1720.0,29,0,9,1175,1204,0,34.0,1.1724137931034482,4.741302061218416,9,158.0,0.1960722184275157,9,158.0
1725.0,34,0,3,1175,1209,0,15.0,0.4411764705882353,7.530907304758051,3,104.0,0.3414767824150485,3,104.0
1730.0,32,0,2,1179,1211,0,3.0,0.09375,6.879719897683071,2,102.0,0.3408750118754749,2,102.0
1735.0,29,0,8,1184,1213,0,29.0,1.0,5.468959757233197,8,128.0,0.24295468457724317,8,128.0
1740.0,31,0,14,1187,1218,0,86.0,2.774193548387097,4.203080833263783,14,185.0,0.1924546313908344,14,185.0
1745.0,30,0,14,1190,1220,0,84.0,2.8,2.7583854708840656,14,205.0,0.1429828308218808,14,205.0
1750.0,33,0,10,1191,1224,0,44.0,1.3333333333333333,4.887401846460311,10,184.0,0.22563087971545887,10,184.0
1755.0,36,0,8,1191,1227,0,29.0,0.8055555555555556,6.729793562071638,8,128.0,0.25080903730176124,8,128.0
1760.0,39,0,3,1195,1234,0,13.0,0.3333333333333333,8.04993555556941,3,89.0,0.39518336359355877,3,89.0
1765.0,36,2,0,1200,1236,0,0.0,0.0,8.073139224977227,0,80.0,0.4775467095974731,0,80.0
1770.0,36,3,7,1206,1242,0,19.0,0.5277777777777778,6.856829140110191,7,99.0,0.3731251851211379,7,99.0
1775.0,38,2,13,1209,1247,0,72.0,1.894736842105263,4.808141129197686,13,152.0,0.2369837986843203,13,152.0
1780.0,39,0,13,1211,1250,0,76.0,1.9487179487179487,3.5663842698127133,13,186.0,0.14134708237666055,13,186.0
1785.0,38,0,11,1215,1253,0,46.0,1.2105263157894737,3.8232156202393295,11,178.0,0.1420198980625226,11,178.0
1790.0,39,0,9,1216,1255,0,36.0,0.9230769230769231,5.546511546281041,9,136.0,0.15884989297928925,9,136.0
1795.0,37,1,3,1220,1257,0,5.0,0.13513513513513514,4.9655721995591,3,145.0,0.18975821758886682,3,145.0
1800.0,33,2,8,1225,1258,0,30.0,0.9090909090909091,4.869771369536569,8,173.0,0.21793307840048204,8,173.0
1805.0,33,1,14,1228,1261,0,86.0,2.606060606060606,3.2553948172496003,14,229.0,0.16109474979816313,14,229.0
1810.0,35,0,20,1231,1266,0,172.0,4.914285714285715,1.7591692647299138,20,315.0,0.10143158403895602,20,315.0
1815.0,35,0,20,1232,1267,0,173.0,4.942857142857143,1.1949248854125145,20,363.0,0.06873439791863649,20,363.0
1820.0,39,1,18,1232,1271,0,120.0,3.076923076923077,2.7014835489445956,18,356.0,0.08437837581897545,18,356.0
1825.0,40,3,15,1232,1272,0,102.0,2.55,5.186027213023445,15,330.0,0.16589657465887517,15,330.0
1830.0,37,5,7,1236,1273,0,62.0,1.6756756756756757,7.009133927109259,7,284.0,0.34133239029374257,7,284.0
1835.0,33,7,1,1241,1274,0,13.0,0.3939393939393939,8.991663484441883,1,195.0,0.5180030423843166,1,195.0
1840.0,33,7,3,1245,1278,0,23.0,0.696969696969697,9.673201285763945,3,149.0,0.588370859595802,3,149.0
1845.0,32,8,1,1250,1282,0,1.0,0.03125,8.227966803669947,1,110.0,0.4828228215268783,1,110.0
1850.0,33,4,6,1256,1289,0,18.0,0.5454545454545454,6.333663918919486,6,122.0,0.3145539157621969,6,122.0
1855.0,34,5,10,1259,1293,0,60.0,1.7647058823529411,4.943417738929081,10,164.0,0.229929421700055,10,164.0
1860.0,36,5,11,1265,1301,0,54.0,1.5,3.487757354860895,11,176.0,0.2310585890764588,11,176.0
1865.0,42,6,10,1265,1307,0,31.0,0.7380952380952381,4.608951089126734,10,145.0,0.235574375699638,10,145.0
1870.0,44,8,9,1265,1309,0,32.0,0.7272727272727273,5.378611562821754,9,98.0,0.19647206243614265,9,98.0
1875.0,42,8,7,1268,1310,0,43.0,1.0238095238095237,6.084954053323552,7,114.0,0.23302791111899154,7,114.0
1880.0,38,12,2,1273,1311,0,5.0,0.13157894736842105,6.603554645560768,2,103.0,0.3367828930473704,2,103.0
1885.0,37,8,6,1278,1315,0,18.0,0.4864864864864865,6.6033524276977165,6,92.0,0.28970186180716073,6,92.0
1890.0,37,4,11,1282,1319,0,63.0,1.7027027027027026,5.178956682376146,11,133.0,0.157636117666726,11,133.0
1895.0,37,3,12,1288,1325,0,63.0,1.7027027027027026,3.4854160583627487,12,164.0,0.16895673373134248,12,164.0
1900.0,39,0,10,1291,1330,0,35.0,0.8974358974358975,3.9765843614846506,10,156.0,0.19287330106782827,10,156.0
1905.0,41,0,7,1291,1332,0,31.0,0.7560975609756098,5.786295866518829,7,129.0,0.2506806727865077,7,129.0
1910.0,41,0,7,1294,1335,0,22.0,0.5365853658536586,5.902391294685201,7,162.0,0.28092253878590046,7,162.0
1915.0,38,1,7,1299,1337,0,30.0,0.7894736842105263,5.876362195471715,7,194.0,0.29731204940282907,7,194.0
1920.0,38,1,14,1304,1342,0,82.0,2.1578947368421053,4.070291543161415,14,246.0,0.22767492665599848,14,246.0
1925.0,38,1,16,1307,1345,0,82.0,2.1578947368421053,2.4138617450673867,16,274.0,0.11529141653640174,16,274.0
1930.0,43,1,14,1307,1350,0,63.0,1.4651162790697674,4.077512278071629,14,242.0,0.14199831007474292,14,242.0
1935.0,43,0,10,1309,1352,0,47.0,1.0930232558139534,5.600276563750886,10,220.0,0.19923542027518265,10,220.0
1940.0,39,4,9,1313,1352,0,60.0,1.5384615384615385,6.303627869733997,9,193.0,0.2557933247583008,9,193.0
1945.0,36,6,2,1317,1353,0,2.0,0.05555555555555555,7.089545383926599,2,170.0,0.3957659696586772,2,170.0
1950.0,34,4,8,1324,1358,0,25.0,0.7352941176470589,5.771957892681864,8,172.0,0.3059970150386964,8,172.0
1955.0,36,3,12,1327,1363,0,74.0,2.0555555555555554,4.445729657010077,12,221.0,0.23690914128287424,12,221.0
1960.0,35,2,14,1331,1366,0,72.0,2.057142857142857,2.40776418996415,14,240.0,0.1322066935401685,14,240.0
1965.0,39,0,13,1332,1371,0,52.0,1.3333333333333333,3.2813278813231395,13,218.0,0.12147081234372643,13,218.0
1970.0,40,0,10,1332,1372,0,54.0,1.35,5.085209598434593,10,181.0,0.14938363062815846,10,181.0
1975.0,41,1,8,1336,1377,0,59.0,1.4390243902439024,6.875476942638603,8,178.0,0.3483046383320523,8,178.0
1980.0,38,2,3,1340,1378,0,6.0,0.15789473684210525,7.31841294351561,3,151.0,0.45139762031240555,3,151.0
1985.0,37,0,7,1345,1382,0,33.0,0.8918918918918919,6.146876608147185,7,165.0,0.3420333867218533,7,165.0
1990.0,39,0,13,1347,1386,0,88.0,2.2564102564102564,5.073693599685707,13,220.0,0.2115307876838747,13,220.0
1995.0,36,0,15,1352,1388,0,83.0,2.3055555555555554,3.333849541689113,15,241.0,0.11492362552659341,15,241.0
2000.0,37,0,10,1356,1393,0,48.0,1.2972972972972974,5.134117477279447,10,217.0,0.23131548512493122,10,217.0
2005.0,36,0,8,1358,1394,0,32.0,0.8888888888888888,6.582202608014282,8,182.0,0.2722462762948862,8,182.0
2010.0,35,0,3,1362,1397,0,4.0,0.11428571428571428,6.469615659734026,3,183.0,0.28134249779107207,3,183.0
2015.0,33,0,8,1366,1399,0,29.0,0.8787878787878788,5.726054183853465,8,210.0,0.2778884139429331,8,210.0
2020.0,34,0,15,1371,1405,0,89.0,2.6176470588235294,4.156147022109606,15,270.0,0.240799856024763,15,270.0
2025.0,34,0,14,1373,1407,0,92.0,2.7058823529411766,2.694335293669971,14,294.0,0.15859479110076224,14,294.0
2030.0,40,0,13,1373,1413,0,53.0,1.325,4.036231386370652,13,260.0,0.16927617717149468,13,260.0
2035.0,42,0,11,1374,1416,0,49.0,1.1666666666666667,4.934065028128225,11,213.0,0.1509873487524562,11,213.0
2040.0,39,4,9,1378,1417,0,50.0,1.2820512820512822,6.35263704880232,9,188.0,0.2602192260165049,9,188.0
2045.0,36,8,4,1382,1418,0,46.0,1.2777777777777777,8.442012017492486,4,151.0,0.4484834512174796,4,151.0
2050.0,35,5,2,1387,1422,0,3.0,0.08571428571428572,8.065282526570634,2,122.0,0.4646687698197036,2,122.0
2055.0,34,3,8,1393,1427,0,29.0,0.8529411764705882,6.426519919822434,8,126.0,0.33619305796673465,8,126.0
2060.0,36,0,14,1396,1432,0,88.0,2.4444444444444446,4.905364456506755,14,185.0,0.21486219838127485,14,185.0
2065.0,37,0,14,1400,1437,0,89.0,2.4054054054054053,4.010059499192928,14,219.0,0.22007013761557742,14,219.0
2070.0,37,0,10,1403,1440,0,47.0,1.2702702702702702,5.144897970632806,10,202.0,0.27454174593711095,10,202.0
2075.0,42,0,7,1403,1445,0,28.0,0.6666666666666666,6.1199977814286255,7,148.0,0.24754640122281,7,148.0
2080.0,44,0,5,1406,1450,0,10.0,0.22727272727272727,5.287917261580822,5,170.0,0.23381597530823295,5,170.0
2085.0,39,2,8,1412,1451,0,31.0,0.7948717948717948,5.668679660965607,8,191.0,0.2754624242780253,8,191.0
2090.0,39,2,14,1415,1454,0,88.0,2.2564102564102564,4.6005445884629825,14,246.0,0.16365208668949222,14,246.0
2095.0,42,0,14,1418,1460,0,88.0,2.0952380952380953,3.771333450821906,14,266.0,0.1514620138858933,14,266.0
2100.0,39,0,12,1423,1462,0,55.0,1.4102564102564104,4.201911785334908,12,222.0,0.15244700827930777,12,222.0
2105.0,39,0,11,1424,1463,0,43.0,1.1025641025641026,5.685937763057067,11,189.0,0.18466271602199957,11,189.0
2110.0,36,0,5,1429,1465,0,10.0,0.2777777777777778,4.935284069984183,5,206.0,0.20059568536208183,5,206.0
2115.0,33,2,7,1433,1466,0,31.0,0.9393939393939394,5.162372204241831,7,234.0,0.21776554347697294,7,234.0
2120.0,33,0,14,1437,1470,0,88.0,2.6666666666666665,3.0730233767918445,14,291.0,0.169921654534746,14,291.0
2125.0,34,0,16,1439,1473,0,89.0,2.6176470588235294,2.088719429539611,16,310.0,0.1444913860140235,16,310.0
2130.0,37,0,12,1439,1476,0,55.0,1.4864864864864864,3.784808367851025,12,271.0,0.1668712613113553,12,271.0
2135.0,42,0,12,1439,1481,0,55.0,1.3095238095238095,5.169009836956162,12,217.0,0.169195796783856,12,217.0
2140.0,40,4,8,1442,1482,0,46.0,1.15,7.097181033469165,8,189.0,0.3260209657667896,8,189.0
2145.0,35,6,2,1447,1482,0,2.0,0.05714285714285714,7.4226123832682545,2,161.0,0.4107255481792159,2,161.0
2150.0,36,6,7,1453,1489,0,24.0,0.6666666666666666,6.832085462397433,7,176.0,0.3406627812130052,7,176.0
2155.0,37,4,14,1457,1494,0,79.0,2.135135135135135,4.569434052433486,14,231.0,0.22882972047355604,14,231.0
2160.0,38,2,13,1461,1499,0,79.0,2.0789473684210527,2.6616238231971594,13,251.0,0.15536924905324823,13,251.0
2165.0,44,0,14,1462,1506,0,61.0,1.3863636363636365,4.058059321172926,14,230.0,0.21505084479406059,14,230.0
2170.0,48,1,14,1462,1510,0,62.0,1.2916666666666667,5.228855848033891,14,190.0,0.2247001556101903,14,190.0
2175.0,44,4,8,1466,1510,0,16.0,0.36363636363636365,4.92256073238163,8,218.0,0.2384324528078905,8,218.0
2180.0,44,6,6,1469,1513,0,29.0,0.6590909090909091,6.322210143128435,6,228.0,0.316628585258644,6,228.0
2185.0,43,5,13,1474,1517,0,83.0,1.930232558139535,5.313067303865814,13,281.0,0.20469667361884203,13,281.0
2190.0,42,3,20,1479,1521,0,169.0,4.023809523809524,3.2356883095774713,20,367.0,0.08845181959961393,20,367.0
2195.0,42,2,20,1483,1525,0,166.0,3.9523809523809526,2.4743407707266902,20,404.0,0.08204468595051762,20,404.0
2200.0,42,3,16,1486,1528,0,110.0,2.619047619047619,3.8298665230422637,16,369.0,0.15485158648547992,16,369.0
2205.0,41,5,15,1487,1528,0,89.0,2.1707317073170733,5.458219235934893,15,318.0,0.1759061469634249,15,318.0
2210.0,38,9,7,1490,1528,0,50.0,1.3157894736842106,6.779112207207034,7,252.0,0.2458238720458855,7,252.0
2215.0,33,11,1,1495,1528,0,1.0,0.030303030303030304,7.390853534902994,1,249.0,0.3636354665421336,1,249.0
2220.0,32,9,8,1501,1533,0,26.0,0.8125,5.971999921238452,8,271.0,0.28280085135415883,8,271.0
2225.0,32,7,13,1506,1538,0,81.0,2.53125,3.6137868201015655,13,326.0,0.21449681341053703,13,326.0
2230.0,39,5,14,1508,1547,0,84.0,2.1538461538461537,2.9026188448047967,14,341.0,0.1991197647083366,14,341.0
2235.0,41,6,12,1508,1549,0,53.0,1.2926829268292683,3.9934384292135032,12,270.0,0.17215833234747235,12,270.0
2240.0,43,7,13,1508,1551,0,58.0,1.3488372093023255,4.92893673364447,13,232.0,0.13344809948486383,13,232.0
2245.0,42,10,9,1512,1554,0,54.0,1.2857142857142858,6.805450796385766,9,201.0,0.3227384245759913,9,201.0
2250.0,37,15,5,1517,1554,0,64.0,1.7297297297297298,8.541472859166278,5,159.0,0.4946571073740835,5,159.0
2255.0,36,13,1,1522,1558,0,1.0,0.027777777777777776,7.386697502515257,1,130.0,0.4214567618337584,1,130.0
2260.0,35,13,6,1528,1563,0,19.0,0.5428571428571428,5.95814964086649,6,107.0,0.2966648335737379,6,107.0
2265.0,35,11,12,1531,1566,0,66.0,1.8857142857142857,4.743767709414914,12,155.0,0.18608904678509472,12,155.0
2270.0,37,6,11,1535,1572,0,61.0,1.6486486486486487,3.895358228689234,11,178.0,0.19058719332696933,11,178.0
2275.0,37,5,10,1539,1576,0,34.0,0.918918918918919,4.248717339318198,10,162.0,0.20321319086078693,10,162.0
2280.0,40,7,7,1539,1579,0,23.0,0.575,5.538817681745291,7,112.0,0.20976562150207873,7,112.0
2285.0,38,8,5,1542,1580,0,10.0,0.2631578947368421,5.185090234436713,5,124.0,0.22881169927433945,5,124.0
2290.0,35,10,8,1547,1582,0,34.0,0.9714285714285714,4.869873017163334,8,155.0,0.20921322158882064,8,155.0
2295.0,35,8,14,1551,1586,0,92.0,2.6285714285714286,3.2730344360178596,14,213.0,0.17018107254545,14,213.0
2300.0,37,5,14,1554,1591,0,87.0,2.3513513513513513,2.170330720155558,14,238.0,0.14149777010831466,14,238.0
2305.0,39,7,12,1554,1593,0,54.0,1.3846153846153846,3.3274171233336802,12,224.0,0.13273088008928982,12,224.0
2310.0,41,6,13,1554,1595,0,53.0,1.2926829268292683,4.866852732328486,13,189.0,0.1320563998188172,13,189.0
2315.0,38,9,8,1559,1597,0,48.0,1.263157894736842,6.636788864827946,8,179.0,0.3319874727944032,8,179.0
2320.0,36,12,3,1561,1597,0,43.0,1.1944444444444444,8.632755518507993,3,150.0,0.5196826021574821,3,150.0
2325.0,36,11,1,1566,1602,0,1.0,0.027777777777777776,8.264617284685368,1,116.0,0.5096866954180145,1,116.0
2330.0,36,7,7,1572,1608,0,27.0,0.75,6.86544376737948,7,126.0,0.36756724719728123,7,126.0
2335.0,37,3,13,1577,1614,0,85.0,2.2972972972972974,4.816032601881721,13,184.0,0.2725996676903453,13,184.0
2340.0,37,1,15,1581,1618,0,85.0,2.2972972972972974,2.784614972089999,15,214.0,0.18169619116608798,15,214.0
2345.0,39,0,12,1582,1621,0,46.0,1.1794871794871795,3.258649917043896,12,195.0,0.12875257919143643,12,195.0
2350.0,42,0,13,1582,1624,0,47.0,1.119047619047619,4.498557843793866,13,152.0,0.1248044063050146,13,152.0
2355.0,40,2,7,1586,1626,0,20.0,0.5,5.024362175406524,7,173.0,0.24959997077992818,7,173.0
2360.0,38,4,6,1589,1627,0,22.0,0.5789473684210527,5.32828854486672,6,187.0,0.27812043693172356,6,187.0
2365.0,37,2,14,1594,1631,0,76.0,2.054054054054054,3.7146608344353647,14,241.0,0.19164971488639856,14,241.0
2370.0,37,0,16,1597,1634,0,87.0,2.3513513513513513,2.1497238615266623,16,269.0,0.1043642078714743,16,269.0
2375.0,40,0,12,1598,1638,0,64.0,1.6,4.471330808298346,12,256.0,0.20854149199065986,12,256.0
2380.0,44,0,9,1599,1643,0,52.0,1.1818181818181819,6.422302374752601,9,214.0,0.3025250828355148,9,214.0
2385.0,44,1,5,1603,1647,0,12.0,0.2727272727272727,5.644751562650913,5,227.0,0.2942451550611955,5,227.0
2390.0,39,4,7,1608,1647,0,28.0,0.717948717948718,5.5468156654686975,7,249.0,0.27382832043913335,7,249.0
2395.0,42,2,15,1611,1653,0,89.0,2.119047619047619,5.049033996379892,15,310.0,0.21957709809198311,15,310.0
2400.0,44,0,17,1616,1660,0,97.0,2.2045454545454546,3.689714302177879,17,337.0,0.202310092888187,17,337.0
2405.0,43,2,14,1620,1663,0,68.0,1.5813953488372092,4.044161077636636,14,313.0,0.20810165010944912,14,313.0
2410.0,45,1,14,1620,1665,0,68.0,1.511111111111111,4.658641785604578,14,245.0,0.1616220550558567,14,245.0
2415.0,43,3,11,1623,1666,0,69.0,1.6046511627906976,6.287343753671418,11,235.0,0.29906091602595264,11,235.0
2420.0,39,6,2,1629,1668,0,6.0,0.15384615384615385,6.999506226611826,2,206.0,0.4128583736774685,2,206.0
2425.0,40,4,7,1634,1674,0,23.0,0.575,6.950925321612336,7,192.0,0.39315721969901263,7,192.0
2430.0,42,2,11,1638,1680,0,71.0,1.6904761904761905,5.854632893933048,11,235.0,0.26598455912606345,11,235.0
2435.0,44,0,13,1642,1686,0,70.0,1.5909090909090908,4.094016408740056,13,255.0,0.17786455825846495,13,255.0
2440.0,43,0,12,1646,1689,0,46.0,1.069767441860465,4.244919227074494,12,225.0,0.16522305021186182,12,225.0
2445.0,45,2,11,1649,1694,0,43.0,0.9555555555555556,5.186302674285,11,175.0,0.21511562686966443,11,175.0
2450.0,44,5,8,1652,1696,0,25.0,0.5681818181818182,5.576894878324318,8,207.0,0.2847993984957419,8,207.0
2455.0,39,7,8,1657,1696,0,31.0,0.7948717948717948,5.573632041482509,8,233.0,0.23577202082229737,8,233.0
2460.0,39,7,12,1660,1699,0,83.0,2.128205128205128,4.4788411672459745,12,285.0,0.11623525211575404,12,285.0
2465.0,38,6,20,1666,1704,0,169.0,4.447368421052632,2.624695965846753,20,371.0,0.10146251657205674,20,371.0
2470.0,38,5,19,1670,1708,0,167.0,4.394736842105263,1.5428015364981622,19,410.0,0.09548930272964667,19,410.0
2475.0,40,6,17,1670,1710,0,113.0,2.825,3.4055687387956697,17,377.0,0.13522056993183898,17,377.0
2480.0,41,10,14,1670,1711,0,91.0,2.2195121951219514,5.382868844020792,14,316.0,0.16964736949566028,14,316.0
2485.0,38,12,7,1674,1712,0,52.0,1.368421052631579,7.223315700671935,7,275.0,0.3294150894533416,7,275.0
2490.0,34,13,3,1680,1714,0,21.0,0.6176470588235294,8.763606241885963,3,202.0,0.5247650706908197,3,202.0
2495.0,36,11,1,1683,1719,0,1.0,0.027777777777777776,8.409519933990255,1,154.0,0.5381370368461075,1,154.0
2500.0,37,10,6,1687,1724,0,18.0,0.4864864864864865,7.267855470709302,6,167.0,0.3758613905774358,6,167.0
2505.0,35,8,10,1693,1728,0,63.0,1.8,5.353201871307693,10,212.0,0.2187363646972963,10,212.0
2510.0,37,6,13,1698,1735,0,65.0,1.7567567567567568,3.7904648028316186,13,224.0,0.21206854246903664,13,224.0
2515.0,38,4,9,1701,1739,0,38.0,1.0,3.9294207860672934,9,195.0,0.1890035875914541,9,195.0
2520.0,42,3,8,1701,1743,0,34.0,0.8095238095238095,5.795190774659952,8,129.0,0.2405241602096329,8,129.0
2525.0,40,5,6,1705,1745,0,13.0,0.325,5.624418406707983,6,152.0,0.28371703311620605,6,152.0
2530.0,37,7,8,1709,1746,0,32.0,0.8648648648648649,5.687178549529905,8,186.0,0.2746787624681591,8,186.0
2535.0,39,6,14,1713,1752,0,89.0,2.282051282051282,4.320247545239537,14,243.0,0.22582056930699446,14,243.0
2540.0,43,4,16,1716,1759,0,91.0,2.116279069767442,3.3963683216253746,16,261.0,0.1964926449050359,16,261.0
2545.0,44,5,11,1718,1762,0,56.0,1.2727272727272727,3.97141538684474,11,250.0,0.18392491354729712,11,250.0
2550.0,47,5,14,1719,1766,0,63.0,1.3404255319148937,5.054787730194705,14,234.0,0.20157489928833294,14,234.0
2555.0,46,8,11,1722,1768,0,65.0,1.4130434782608696,6.256063365903572,11,229.0,0.2791788919990951,11,229.0
2560.0,41,9,3,1727,1768,0,7.0,0.17073170731707318,5.741008037598162,3,231.0,0.303911272069657,3,231.0
2565.0,40,7,9,1733,1773,0,28.0,0.7,5.472831793765694,9,227.0,0.2753465479763403,9,227.0
2570.0,44,6,14,1734,1778,0,85.0,1.9318181818181819,5.461724750875913,14,279.0,0.19974384576780096,14,279.0
2575.0,46,4,14,1739,1785,0,86.0,1.8695652173913044,4.690391379514258,14,305.0,0.18900273799180337,14,305.0
2580.0,46,5,11,1744,1790,0,47.0,1.0217391304347827,4.733771296911618,11,267.0,0.21091241549492576,11,267.0
2585.0,45,6,13,1747,1792,0,49.0,1.0888888888888888,5.272863861771455,13,207.0,0.19684799316951757,13,207.0
2590.0,43,9,7,1751,1794,0,26.0,0.6046511627906976,5.384514974031759,7,245.0,0.26582180271024897,7,245.0
2595.0,40,11,7,1755,1795,0,29.0,0.725,5.712219178783476,7,269.0,0.26602867383327605,7,269.0
2600.0,40,12,13,1759,1799,0,85.0,2.125,4.905681562646512,13,325.0,0.20637140476999816,13,325.0
2605.0,41,11,14,1763,1804,0,82.0,2.0,3.4424388351399213,14,341.0,0.15266758550217258,14,341.0
2610.0,41,11,13,1766,1807,0,56.0,1.3658536585365855,3.688644939588282,13,281.0,0.12670143506368806,13,281.0
2615.0,45,11,13,1767,1812,0,63.0,1.4,5.337425285819011,13,237.0,0.21589961438133717,13,237.0
2620.0,43,13,9,1770,1813,0,63.0,1.4651162790697674,7.023694351201314,9,219.0,0.3364060344890607,9,219.0
2625.0,37,15,1,1776,1813,0,2.0,0.05405405405405406,6.598604192818932,1,191.0,0.3588220533608299,1,191.0
2630.0,36,14,7,1781,1817,0,23.0,0.6388888888888888,6.271032513749883,7,191.0,0.2990723940584044,7,191.0
2635.0,37,10,14,1785,1822,0,79.0,2.135135135135135,4.667338131930944,14,247.0,0.17029507025954105,14,247.0
2640.0,38,9,13,1789,1827,0,82.0,2.1578947368421053,3.774738190769928,13,269.0,0.1713422879047539,13,269.0
2645.0,39,8,11,1793,1832,0,46.0,1.1794871794871795,4.042479346579445,11,213.0,0.1719599086685832,11,213.0
2650.0,43,8,9,1793,1836,0,37.0,0.8604651162790697,6.125579574619887,9,173.0,0.25043959138199945,9,173.0
2655.0,41,11,8,1797,1838,0,30.0,0.7317073170731707,7.605730896702401,8,158.0,0.3967904397736694,8,158.0
2660.0,36,14,1,1803,1839,0,1.0,0.027777777777777776,7.1962831383305526,1,135.0,0.42543266787981804,1,135.0
2665.0,37,10,7,1806,1843,0,25.0,0.6756756756756757,6.502785944525653,7,156.0,0.31750181880486544,7,156.0
2670.0,37,8,12,1811,1848,0,75.0,2.027027027027027,4.494666851035547,12,206.0,0.18977157912919676,12,206.0
2675.0,38,7,13,1815,1853,0,77.0,2.026315789473684,3.3320202109569252,13,232.0,0.17187332029593466,13,232.0
2680.0,41,3,10,1818,1859,0,48.0,1.170731707317073,4.070457596508202,10,198.0,0.1759968465260251,10,198.0
2685.0,44,3,10,1819,1863,0,33.0,0.75,5.849709968130142,10,166.0,0.2703230785224078,10,166.0
2690.0,43,8,8,1821,1864,0,40.0,0.9302325581395349,7.120983387731855,8,131.0,0.3272890128844955,8,131.0
2695.0,38,11,1,1826,1864,0,2.0,0.05263157894736842,6.556990600458216,1,123.0,0.34327520849474696,1,123.0
2700.0,36,9,6,1832,1868,0,23.0,0.6388888888888888,6.131050196389783,6,134.0,0.27890390150852995,6,134.0
2705.0,36,7,12,1836,1872,0,73.0,2.0277777777777777,4.576010007949595,12,184.0,0.17902620155905075,12,184.0
2710.0,38,3,14,1840,1878,0,73.0,1.9210526315789473,3.295754837782405,14,206.0,0.15541044728457698,14,206.0
2715.0,37,4,10,1844,1881,0,42.0,1.135135135135135,3.638921331557043,10,192.0,0.14028327997686788,10,192.0
2720.0,39,6,7,1844,1883,0,23.0,0.5897435897435898,5.744613214078725,7,149.0,0.18858663225752526,7,149.0
2725.0,36,8,7,1848,1884,0,17.0,0.4722222222222222,5.239747016725897,7,183.0,0.2232541250573955,7,183.0
2730.0,32,11,8,1853,1885,0,30.0,0.9375,4.505132183971305,8,216.0,0.25421411267171784,8,216.0
2735.0,34,10,13,1856,1890,0,83.0,2.4411764705882355,3.0265451387856963,13,270.0,0.20983300116728976,13,270.0
2740.0,38,8,14,1857,1895,0,83.0,2.1842105263157894,2.15005943077973,14,294.0,0.15379414989755572,14,294.0
2745.0,42,9,14,1857,1899,0,61.0,1.4523809523809523,3.5918653784299925,14,271.0,0.16605314306706134,14,271.0
2750.0,45,10,15,1857,1902,0,76.0,1.6888888888888889,5.426000995938131,15,236.0,0.2180709722210191,15,236.0
2755.0,42,13,11,1861,1903,0,70.0,1.6666666666666667,6.447991708676387,11,227.0,0.29232712068103384,11,227.0
2760.0,39,15,6,1866,1905,0,73.0,1.8717948717948718,8.350685913006451,6,203.0,0.5132856671613222,6,203.0
2765.0,40,11,8,1871,1911,0,106.0,2.65,8.45591438903305,8,182.0,0.5233044451912973,8,182.0
2770.0,41,8,4,1875,1916,0,15.0,0.36585365853658536,7.47046087776436,4,152.0,0.4332904493720462,4,152.0
2775.0,42,6,7,1880,1922,0,24.0,0.5714285714285714,6.474461646971409,7,108.0,0.35921139557466175,7,108.0
2780.0,42,3,13,1885,1927,0,75.0,1.7857142857142858,5.129792642667811,13,143.0,0.21387146529135131,13,143.0
2785.0,44,2,13,1888,1932,0,75.0,1.7045454545454546,3.898442719829514,13,176.0,0.15153086328120055,13,176.0
2790.0,44,2,11,1892,1936,0,46.0,1.0454545454545454,4.3337870346545495,11,163.0,0.16512493254426977,11,163.0
2795.0,42,0,10,1897,1939,0,49.0,1.1666666666666667,5.299965823572446,10,134.0,0.20130425231486093,10,134.0
2800.0,43,0,7,1899,1942,0,40.0,0.9302325581395349,7.121101239090781,7,144.0,0.36914194752342944,7,144.0
2805.0,39,2,1,1905,1944,0,1.0,0.02564102564102564,7.196919280002239,1,114.0,0.4432269230093497,1,114.0
2810.0,40,2,6,1910,1950,0,22.0,0.55,7.169419895746247,6,128.0,0.4137035822468511,6,128.0
2815.0,41,0,12,1914,1955,0,71.0,1.7317073170731707,5.632340515062068,12,177.0,0.2994266221523182,12,177.0
2820.0,42,0,18,1918,1960,0,152.0,3.619047619047619,4.149021009793668,18,258.0,0.17672930482745214,18,258.0
2825.0,43,0,20,1922,1965,0,155.0,3.604651162790698,3.935371944118814,20,314.0,0.1978090738974364,20,314.0
2830.0,44,0,18,1925,1969,0,106.0,2.409090909090909,4.693906798586092,18,290.0,0.21284646195573848,18,290.0
2835.0,47,1,14,1927,1974,0,89.0,1.8936170212765957,5.56184742859691,14,285.0,0.26261948469231533,14,285.0
2840.0,43,6,10,1932,1975,0,58.0,1.3488372093023255,6.085504192408704,10,240.0,0.3071022072863557,10,240.0
2845.0,40,10,7,1935,1975,0,59.0,1.475,7.229863746812148,7,208.0,0.3879015526879597,7,208.0
2850.0,40,11,5,1940,1980,0,17.0,0.425,6.468535504750795,5,207.0,0.37698589484049055,5,207.0
2855.0,40,7,6,1945,1985,0,27.0,0.675,6.205789651516758,6,191.0,0.3294387221723589,6,191.0
2860.0,42,6,14,1949,1991,0,80.0,1.9047619047619047,5.7927165506040135,14,229.0,0.26736349378990776,14,229.0
2865.0,44,3,19,1952,1996,0,167.0,3.7954545454545454,3.8791340395699048,19,316.0,0.1317327237362774,19,316.0
2870.0,43,3,22,1956,1999,0,170.0,3.953488372093023,2.636001593969003,22,362.0,0.06798763925767255,22,362.0
2875.0,41,5,19,1961,2002,0,138.0,3.3658536585365852,3.125059736901222,19,353.0,0.10568740619204468,19,353.0
2880.0,41,7,15,1962,2003,0,109.0,2.658536585365854,4.831788352313511,15,293.0,0.1599750562361413,15,293.0
2885.0,38,10,8,1965,2003,0,75.0,1.9736842105263157,6.2309957597235375,8,265.0,0.28746557013775337,8,265.0
2890.0,36,14,2,1968,2004,0,4.0,0.1111111111111111,6.766277457195951,2,236.0,0.3619589603209999,2,236.0
2895.0,35,13,8,1974,2009,0,31.0,0.8857142857142857,5.718323245705635,8,262.0,0.2982068603804274,8,262.0
2900.0,35,12,14,1979,2014,0,91.0,2.6,3.669518311685237,14,322.0,0.18767795136430093,14,322.0
2905.0,39,9,21,1981,2020,0,181.0,4.641025641025641,2.8313240673044753,21,412.0,0.1755696835040351,21,412.0
2910.0,41,8,21,1983,2024,0,185.0,4.512195121951219,2.233481094619943,21,458.0,0.13246043563742835,21,458.0
2915.0,44,8,20,1983,2027,0,131.0,2.977272727272727,3.4485359412830787,20,442.0,0.13244424618264494,20,442.0
2920.0,43,10,16,1984,2027,0,110.0,2.558139534883721,5.0748414503949055,16,393.0,0.17557667653889558,16,393.0
2925.0,39,14,11,1988,2027,0,95.0,2.4358974358974357,6.13327155483436,11,330.0,0.254165224168211,11,330.0
2930.0,37,16,2,1992,2029,0,3.0,0.08108108108108109,7.033017755020168,2,304.0,0.40322229027310297,2,304.0
2935.0,38,14,8,1997,2035,0,31.0,0.8157894736842105,6.389069430084445,8,308.0,0.3493947851779863,8,308.0
2940.0,38,12,15,2001,2039,0,92.0,2.4210526315789473,4.534717460588397,15,369.0,0.2446719373306485,15,369.0
2945.0,40,11,14,2005,2045,0,91.0,2.275,3.292847748122788,14,372.0,0.17580352266338023,14,372.0
2950.0,42,11,15,2006,2048,0,63.0,1.5,3.7191547642698946,15,328.0,0.14034868003793544,15,328.0
2955.0,45,12,12,2007,2052,0,51.0,1.1333333333333333,5.250877567332346,12,254.0,0.1920443727099067,12,254.0
2960.0,42,13,10,2011,2053,0,60.0,1.4285714285714286,6.2197832156809705,10,230.0,0.3011093781925813,10,230.0
2965.0,38,18,1,2015,2053,0,3.0,0.07894736842105263,6.637048831681039,1,199.0,0.3696562019322985,1,199.0
2970.0,36,17,7,2020,2056,0,28.0,0.7777777777777778,6.325193173401663,7,211.0,0.29032801650005663,7,211.0
2975.0,35,16,13,2025,2060,0,80.0,2.2857142857142856,4.375004274642879,13,263.0,0.1502313171736633,13,263.0
2980.0,36,15,13,2029,2065,0,76.0,2.111111111111111,2.7889928342324075,13,269.0,0.11494862888473281,13,269.0
2985.0,37,14,9,2032,2069,0,37.0,1.0,4.0432668243879375,9,224.0,0.17743103923625353,9,224.0
2990.0,39,16,9,2032,2071,0,29.0,0.7435897435897436,5.598743650860617,9,168.0,0.1789943318015677,9,168.0
2995.0,37,16,8,2035,2072,0,23.0,0.6216216216216216,5.467375042537988,8,204.0,0.19562384811760358,8,204.0
3000.0,33,18,9,2040,2073,0,34.0,1.0303030303030303,4.860148147083312,9,242.0,0.20552026278731847,9,242.0
3005.0,34,17,14,2045,2079,0,91.0,2.676470588235294,3.3429341876234164,14,300.0,0.21922424553163095,14,300.0
3010.0,37,15,21,2046,2083,0,180.0,4.864864864864865,1.7859256056757353,21,389.0,0.10618916131650886,21,389.0
3015.0,40,16,22,2046,2086,0,183.0,4.575,1.567800700556736,22,431.0,0.07333300733527282,22,431.0
3020.0,43,16,22,2047,2090,0,152.0,3.5348837209302326,3.4687449871035616,22,388.0,0.13689735661191726,22,388.0
3025.0,44,17,16,2047,2091,0,129.0,2.9318181818181817,5.611526439171943,16,359.0,0.20940821754894748,16,359.0
3030.0,41,21,6,2051,2092,0,60.0,1.4634146341463414,5.6631243444552215,6,368.0,0.2582140144193357,6,368.0
3035.0,35,22,7,2057,2092,0,20.0,0.5714285714285714,5.628622083824134,7,392.0,0.25848654776027824,7,392.0
3040.0,36,19,14,2060,2096,0,73.0,2.0277777777777777,4.146029882293798,14,445.0,0.18819380251881818,14,445.0
3045.0,37,18,15,2064,2101,0,84.0,2.27027027027027,2.877920322342762,15,459.0,0.1207295393648736,15,459.0
3050.0,40,15,10,2066,2106,0,48.0,1.2,4.250688294468285,10,369.0,0.17220710693467275,10,369.0
3055.0,42,15,12,2067,2109,0,40.0,0.9523809523809523,5.884196977168178,12,294.0,0.24134554659028323,12,294.0
3060.0,38,18,6,2071,2109,0,30.0,0.7894736842105263,7.186946826029146,6,231.0,0.3242362525687215,6,231.0
3065.0,33,21,1,2076,2109,0,1.0,0.030303030303030304,6.7739792600674145,1,211.0,0.3476124120406991,1,211.0
3070.0,31,21,6,2081,2112,0,19.0,0.6129032258064516,5.908169545290452,6,228.0,0.25888237321851887,6,228.0
3075.0,34,20,11,2085,2119,0,67.0,1.9705882352941178,4.465807917839615,11,276.0,0.23238520179506422,11,276.0
3080.0,35,16,11,2089,2124,0,62.0,1.7714285714285714,2.37437865644916,11,275.0,0.16117531063798576,11,275.0
3085.0,39,15,10,2089,2128,0,32.0,0.8205128205128205,3.0740097954290824,10,211.0,0.12171352250808293,10,211.0
3090.0,42,16,10,2089,2131,0,39.0,0.9285714285714286,5.01636733355353,10,166.0,0.18834329886090745,10,166.0
3095.0,40,19,8,2092,2132,0,40.0,1.0,6.654739557183978,8,160.0,0.32714396142722285,8,160.0
3100.0,36,23,2,2096,2132,0,2.0,0.05555555555555555,7.0470012244400175,2,127.0,0.39848344900636884,2,127.0
3105.0,36,24,7,2101,2137,0,23.0,0.6388888888888888,6.656763085492092,7,147.0,0.31698781287012007,7,147.0
3110.0,34,24,13,2107,2141,0,74.0,2.176470588235294,4.410705467132761,13,198.0,0.21369430120139804,13,198.0
3115.0,35,23,12,2111,2146,0,73.0,2.085714285714286,3.138278823490008,12,216.0,0.19040478074142397,12,216.0
3120.0,40,20,12,2112,2152,0,37.0,0.925,3.8352459478279015,12,202.0,0.16955473194740583,12,202.0
3125.0,42,20,9,2112,2154,0,34.0,0.8095238095238095,5.630850042609,9,157.0,0.20103474239236357,9,157.0
3130.0,41,23,5,2116,2157,0,13.0,0.3170731707317073,5.627429295369483,5,176.0,0.2813354232591405,5,176.0
3135.0,37,25,9,2122,2159,0,33.0,0.8918918918918919,5.609365884778667,9,206.0,0.30073322207818176,9,206.0
3140.0,40,24,16,2123,2163,0,96.0,2.4,4.395592529197345,16,269.0,0.16958437514483382,16,269.0
3145.0,40,21,15,2128,2168,0,97.0,2.425,2.771597269641377,15,292.0,0.1324599956312736,15,292.0
3150.0,40,24,13,2130,2170,0,62.0,1.55,3.3850760679964393,13,264.0,0.11154882280693365,13,264.0
3155.0,42,23,12,2131,2173,0,60.0,1.4285714285714286,5.252256665868025,12,222.0,0.178034413702501,12,222.0
3160.0,41,25,6,2134,2175,0,26.0,0.6341463414634146,5.725019074900241,6,247.0,0.26927197170298484,6,247.0
3165.0,35,28,6,2140,2175,0,22.0,0.6285714285714286,5.322061018228882,6,270.0,0.22688332268861822,6,270.0
3170.0,37,26,13,2143,2180,0,73.0,1.972972972972973,4.02200121976633,13,321.0,0.19302060249460837,13,321.0
3175.0,39,27,14,2146,2185,0,72.0,1.8461538461538463,3.277568160785416,14,335.0,0.16308359376676235,14,335.0
3180.0,42,26,10,2148,2190,0,44.0,1.0476190476190477,4.284584702491936,10,295.0,0.20537132346657283,10,295.0
3185.0,44,28,10,2149,2193,0,39.0,0.8863636363636364,5.620073530434673,10,222.0,0.2436712734639114,10,222.0
3190.0,41,30,8,2153,2194,0,36.0,0.8780487804878049,6.994089719317453,8,191.0,0.3369343145976946,8,191.0
3195.0,39,31,2,2157,2196,0,2.0,0.05128205128205128,7.618748608873998,2,176.0,0.4268241316296905,2,176.0
3200.0,37,29,7,2163,2200,0,23.0,0.6216216216216216,7.07553931554928,7,191.0,0.3578985893405011,7,191.0
3205.0,38,27,12,2167,2205,0,72.0,1.894736842105263,4.891301615042518,12,240.0,0.1857193084892118,12,240.0
3210.0,38,26,17,2171,2209,0,150.0,3.9473684210526314,3.021570330261927,17,319.0,0.12418166999856703,17,319.0
3215.0,40,24,20,2175,2215,0,149.0,3.725,2.116621168113343,20,357.0,0.12451466845080575,20,357.0
3220.0,44,24,17,2176,2220,0,101.0,2.2954545454545454,3.987338314709041,17,329.0,0.1989959935207637,17,329.0
3225.0,46,26,14,2176,2222,0,84.0,1.826086956521739,6.127048313056956,14,274.0,0.300293164701311,14,274.0
3230.0,45,27,8,2178,2223,0,58.0,1.288888888888889,6.8872368433574644,8,242.0,0.3249806204982951,8,242.0
3235.0,40,31,6,2184,2224,0,41.0,1.025,7.939623781012176,6,202.0,0.4126572114088408,6,202.0
3240.0,39,32,3,2190,2229,0,12.0,0.3076923076923077,6.851492002713355,3,194.0,0.3853759595155393,3,194.0
3245.0,39,32,8,2195,2234,0,31.0,0.7948717948717948,6.2458515661906455,8,189.0,0.33070671759770676,8,189.0
3250.0,40,31,13,2199,2239,0,84.0,2.1,5.231303104762001,13,234.0,0.22219111241904282,13,234.0
3255.0,41,28,14,2203,2244,0,80.0,1.951219512195122,3.1020973442698416,14,258.0,0.09904320499580656,14,258.0
3260.0,40,27,13,2207,2247,0,54.0,1.35,3.5714760046036576,13,214.0,0.0952768993112997,13,214.0
3265.0,40,27,10,2209,2249,0,51.0,1.275,5.189554688350633,10,167.0,0.15464072206391566,10,167.0
3270.0,37,29,7,2212,2249,0,20.0,0.5405405405405406,4.89659498052901,7,181.0,0.1854255211633278,7,181.0
3275.0,33,32,7,2218,2251,0,27.0,0.8181818181818182,4.591288265071609,7,212.0,0.23380990870948642,7,212.0
3280.0,35,32,14,2221,2256,0,81.0,2.3142857142857145,3.606548956503377,14,266.0,0.22008347874974632,14,266.0
3285.0,39,29,13,2223,2262,0,75.0,1.9230769230769231,2.982131425468851,13,272.0,0.20831194129031538,13,272.0
3290.0,42,29,13,2223,2265,0,46.0,1.0952380952380953,3.517369998464895,13,247.0,0.15126663747261407,13,247.0
3295.0,44,28,14,2223,2267,0,56.0,1.2727272727272727,4.711504050322605,14,211.0,0.12285381129362334,14,211.0
3300.0,40,33,11,2227,2267,0,69.0,1.725,5.886936528969291,11,207.0,0.2285626186733331,11,207.0
3305.0,38,35,2,2231,2269,0,3.0,0.07894736842105263,7.025619903711224,2,195.0,0.3992647985759733,2,195.0
3310.0,37,34,7,2236,2273,0,25.0,0.6756756756756757,6.3814345757023085,7,175.0,0.2983005729515301,7,175.0
3315.0,35,34,12,2241,2276,0,75.0,2.142857142857143,4.685042770730619,12,226.0,0.19218149944230095,12,226.0
3320.0,36,33,12,2245,2281,0,73.0,2.0277777777777777,3.1692908572674416,12,246.0,0.14347420092760121,12,246.0
3325.0,39,32,10,2248,2287,0,40.0,1.0256410256410255,4.206286046550029,10,191.0,0.18688171423458935,10,191.0
3330.0,41,34,9,2248,2289,0,38.0,0.926829268292683,5.616628334515066,9,157.0,0.19320751003372916,9,157.0
3335.0,39,37,8,2252,2291,0,36.0,0.9230769230769231,6.741611470708073,8,147.0,0.30913697392775846,8,147.0
3340.0,36,39,0,2256,2292,0,0.0,0.0,7.3635355839248335,0,113.0,0.415055333453666,0,113.0
3345.0,34,37,6,2262,2296,0,21.0,0.6176470588235294,6.080865284997412,6,127.0,0.2873262318104266,6,127.0
3350.0,34,36,13,2266,2300,0,74.0,2.176470588235294,4.080178628873074,13,180.0,0.19927795074252574,13,180.0
3355.0,35,34,14,2269,2304,0,76.0,2.1714285714285713,2.8164543248419225,14,205.0,0.1430206577693904,14,205.0
3360.0,37,32,10,2271,2308,0,43.0,1.162162162162162,3.5075311747525246,10,194.0,0.13840353336667266,10,194.0
3365.0,41,31,11,2271,2312,0,43.0,1.048780487804878,5.324517700005409,11,157.0,0.1806905226983849,11,157.0
3370.0,39,34,6,2275,2314,0,43.0,1.1025641025641026,7.32879221581283,6,140.0,0.3728291371131124,6,140.0
3375.0,38,36,2,2280,2318,0,3.0,0.07894736842105263,8.141247543998492,2,108.0,0.5155199371447465,2,108.0
3380.0,38,33,8,2284,2322,0,29.0,0.7631578947368421,6.67501082969158,8,134.0,0.3379463907657256,8,134.0
3385.0,39,32,13,2289,2328,0,81.0,2.076923076923077,5.20737762147763,13,186.0,0.25434311036661533,13,186.0
3390.0,41,29,13,2293,2334,0,72.0,1.7560975609756098,3.66581657693274,13,205.0,0.14546620368721858,13,205.0
3395.0,43,31,9,2295,2338,0,34.0,0.7906976744186046,4.350823885650393,9,168.0,0.15101430035904784,9,168.0
3400.0,43,31,9,2298,2341,0,25.0,0.5813953488372093,5.716652183515252,9,137.0,0.23384226530970662,9,137.0
3405.0,39,36,7,2303,2342,0,34.0,0.8717948717948718,7.2162959723580276,7,114.0,0.33029197286420414,7,114.0
3410.0,35,38,1,2307,2342,0,1.0,0.02857142857142857,7.029798543765655,1,102.0,0.3838022402658154,1,102.0
3415.0,34,38,7,2312,2346,0,28.0,0.8235294117647058,6.132170789783974,7,128.0,0.25149369855151454,7,128.0
3420.0,35,37,13,2316,2351,0,81.0,2.3142857142857145,4.690880402533229,13,181.0,0.21728665015956475,13,181.0
3425.0,37,32,14,2320,2357,0,79.0,2.135135135135135,3.120922748578498,14,208.0,0.1816364836492531,14,208.0
3430.0,39,31,11,2322,2361,0,41.0,1.0512820512820513,3.6199478607221525,11,194.0,0.15818420475846315,11,194.0
3435.0,41,29,11,2322,2363,0,41.0,1.0,5.228865535728036,11,163.0,0.1652433208841216,11,163.0
3440.0,38,32,7,2325,2363,0,20.0,0.5263157894736842,4.937566283226512,7,192.0,0.2105139424735215,7,192.0
3445.0,36,36,8,2330,2366,0,28.0,0.7777777777777778,5.711089420534296,8,222.0,0.28397325436762405,8,222.0
3450.0,35,34,14,2335,2370,0,84.0,2.4,3.3595626924845,14,278.0,0.1904252535987474,14,278.0
3455.0,38,32,15,2337,2375,0,86.0,2.263157894736842,1.8429820815756457,15,302.0,0.11181162479479591,15,302.0
3460.0,41,34,14,2337,2378,0,65.0,1.5853658536585367,3.337427647858996,14,287.0,0.1381548493360174,14,287.0
3465.0,45,35,13,2337,2382,0,64.0,1.4222222222222223,5.217512766342457,13,240.0,0.1951829584413151,13,240.0
3470.0,43,39,9,2341,2384,0,72.0,1.6744186046511629,6.650088687224687,9,238.0,0.3341652443944496,9,238.0
3475.0,39,41,0,2345,2384,0,0.0,0.0,6.786247289593511,0,192.0,0.3569937043656793,0,192.0
3480.0,38,40,7,2350,2388,0,20.0,0.5263157894736842,6.689802909984947,7,178.0,0.31901223923242295,7,178.0
3485.0,38,38,12,2355,2393,0,67.0,1.763157894736842,5.04789495185048,12,225.0,0.1921620540248865,12,225.0
3490.0,39,34,13,2359,2398,0,68.0,1.7435897435897436,3.382045036182052,13,249.0,0.1367016313840832,13,249.0
3495.0,37,35,10,2364,2401,0,35.0,0.9459459459459459,3.2020115037649712,10,208.0,0.11590331359188488,10,208.0
3500.0,41,36,11,2364,2405,0,35.0,0.8536585365853658,5.654421173868195,11,160.0,0.20797725453620225,11,160.0
3505.0,38,39,7,2368,2406,0,17.0,0.4473684210526316,5.671955214888513,7,189.0,0.27918646609515796,7,189.0
3510.0,34,40,7,2374,2408,0,24.0,0.7058823529411765,5.17379788750971,7,214.0,0.2610196014648312,7,214.0
3515.0,36,40,12,2376,2412,0,71.0,1.9722222222222223,4.046220580954405,12,261.0,0.22221446576718004,12,261.0
3520.0,38,37,15,2379,2417,0,71.0,1.868421052631579,2.213077346054889,15,279.0,0.11569682720402107,15,279.0
3525.0,42,38,14,2379,2421,0,52.0,1.2380952380952381,3.8218942899984683,14,232.0,0.1489934794265996,14,232.0
3530.0,45,38,10,2380,2425,0,47.0,1.0444444444444445,5.735318680479183,10,211.0,0.24133819165404846,10,211.0
3535.0,42,40,7,2383,2425,0,50.0,1.1904761904761905,7.146344929544414,7,193.0,0.32969251493492024,7,193.0
3540.0,38,43,5,2388,2426,0,59.0,1.5526315789473684,7.92779111000291,5,156.0,0.39393363416577465,5,156.0
3545.0,36,41,3,2394,2430,0,7.0,0.19444444444444445,6.6241688561038945,3,141.0,0.3489951474535412,3,141.0
3550.0,37,40,8,2399,2436,0,34.0,0.918918918918919,6.2697142388174925,8,134.0,0.3218319639982038,8,134.0
3555.0,40,37,15,2402,2442,0,95.0,2.375,5.440416491570699,15,192.0,0.2550246915400857,15,192.0
3560.0,41,35,15,2407,2448,0,97.0,2.3658536585365852,2.947267681440175,15,225.0,0.14404870344946652,15,225.0
3565.0,41,34,14,2410,2451,0,67.0,1.6341463414634145,3.6601099893329403,14,197.0,0.15318939835872183,14,197.0
3570.0,45,36,14,2410,2455,0,58.0,1.288888888888889,5.231651164939186,14,188.0,0.21238231279911063,14,188.0
3575.0,44,40,7,2413,2457,0,30.0,0.6818181818181818,5.694082094141512,7,223.0,0.30316331222677523,7,223.0
3580.0,41,41,6,2418,2459,0,30.0,0.7317073170731707,6.261496411772978,6,242.0,0.3183542858685568,6,242.0
3585.0,41,38,13,2422,2463,0,81.0,1.975609756097561,4.880434479560198,13,293.0,0.18354024030550897,13,293.0
3590.0,42,35,19,2426,2468,0,163.0,3.880952380952381,3.257040299748203,19,375.0,0.11912206988881478,19,375.0
3595.0,42,36,20,2430,2472,0,159.0,3.7857142857142856,2.079178749375256,20,410.0,0.10538433673614717,20,410.0
3600.0,44,36,19,2431,2475,0,116.0,2.6363636363636362,3.6970671015987793,19,397.0,0.17419289512059508,19,397.0
3605.0,44,38,16,2432,2476,0,111.0,2.522727272727273,5.389004598795612,16,349.0,0.22237045975886463,16,349.0
3610.0,41,41,9,2435,2476,0,76.0,1.853658536585366,6.468983413620154,9,306.0,0.2742483909516191,9,306.0
3615.0,37,43,6,2440,2477,0,53.0,1.4324324324324325,7.246332153757163,6,246.0,0.3752539052962302,6,246.0
3620.0,37,43,3,2445,2482,0,2.0,0.05405405405405406,6.711473540897452,3,228.0,0.40213485980572233,3,228.0
3625.0,35,44,8,2450,2485,0,27.0,0.7714285714285715,6.315619398296268,8,221.0,0.3254568755440207,8,221.0
3630.0,39,42,14,2453,2492,0,82.0,2.1025641025641026,5.2167985688189065,14,276.0,0.25745612931800865,14,276.0
3635.0,40,41,13,2457,2497,0,82.0,2.05,3.9650650988933904,13,289.0,0.19865959956646403,13,289.0
3640.0,42,40,10,2460,2502,0,43.0,1.0238095238095237,3.929237350453898,10,245.0,0.15096843436197116,10,245.0
3645.0,42,38,11,2462,2504,0,44.0,1.0476190476190477,5.127488041581268,11,199.0,0.17043061227144285,11,199.0
3650.0,41,40,9,2465,2506,0,51.0,1.2439024390243902,6.43247045667355,9,150.0,0.2775258898209903,9,150.0
3655.0,36,40,5,2471,2507,0,61.0,1.6944444444444444,7.872372349290539,5,134.0,0.41944071296595725,5,134.0
3660.0,36,41,1,2475,2511,0,1.0,0.027777777777777776,7.3619942823515805,1,113.0,0.43325782277820496,1,113.0
3665.0,36,40,7,2480,2516,0,24.0,0.6666666666666666,6.632248996528828,7,97.0,0.3344604837711146,7,97.0
3670.0,39,37,13,2484,2523,0,76.0,1.9487179487179487,5.322405308984462,13,149.0,0.26088888014697686,13,149.0
3675.0,41,37,13,2488,2529,0,75.0,1.829268292682927,3.857878463119835,13,182.0,0.20820152739004777,13,182.0
3680.0,41,37,9,2491,2532,0,38.0,0.926829268292683,3.80175027139331,9,151.0,0.15781202850730455,9,151.0
3685.0,43,37,11,2492,2535,0,34.0,0.7906976744186046,5.101859698244721,11,133.0,0.20187223526179138,11,133.0
3690.0,42,40,8,2495,2537,0,36.0,0.8571428571428571,6.937490699702563,8,120.0,0.32902793578721024,8,120.0
3695.0,40,41,4,2499,2539,0,45.0,1.125,8.970248890930167,4,118.0,0.5404357653866761,4,118.0
3700.0,39,39,1,2505,2544,0,1.0,0.02564102564102564,8.048964259476945,1,89.0,0.4626854209019772,1,89.0
3705.0,40,37,6,2511,2551,0,23.0,0.575,6.755880567845807,6,85.0,0.35345853499526914,6,85.0
3710.0,40,36,12,2516,2556,0,72.0,1.8,4.745186026528208,12,134.0,0.20739438338200564,12,134.0
3715.0,44,34,12,2518,2562,0,69.0,1.5681818181818181,3.5619828604102324,12,167.0,0.15324965178410246,12,167.0
3720.0,44,33,13,2522,2566,0,47.0,1.0681818181818181,3.992372757855293,13,165.0,0.14936194618190482,13,165.0
3725.0,43,34,10,2526,2569,0,43.0,1.0,5.0809182362869985,10,133.0,0.18125480619479334,10,133.0
3730.0,40,36,7,2529,2569,0,41.0,1.025,6.734618932694872,7,136.0,0.3024212704503277,7,136.0
3735.0,36,40,2,2534,2570,0,2.0,0.05555555555555555,7.300266618687654,2,103.0,0.4081920343915479,2,103.0
3740.0,36,39,7,2539,2575,0,25.0,0.6944444444444444,6.655892407881539,7,116.0,0.30493866519437923,7,116.0
3745.0,34,38,12,2544,2578,0,73.0,2.1470588235294117,4.040931574301949,12,164.0,0.19214254319056864,12,164.0
3750.0,37,33,13,2547,2584,0,68.0,1.837837837837838,2.9711997631599703,13,194.0,0.14018124602750281,13,194.0
3755.0,39,35,10,2549,2588,0,39.0,1.0,4.182911500520543,10,180.0,0.17100141068922559,10,180.0
3760.0,41,34,9,2550,2591,0,30.0,0.7317073170731707,5.827582500644058,9,139.0,0.19758184115391264,9,139.0
3765.0,39,37,8,2553,2592,0,18.0,0.46153846153846156,5.418971875114209,8,161.0,0.22589061462073629,8,161.0
3770.0,34,41,8,2559,2593,0,33.0,0.9705882352941176,5.324588538208012,8,193.0,0.22970238352582484,8,193.0
3775.0,36,40,16,2563,2599,0,94.0,2.611111111111111,3.600686375375032,16,254.0,0.1988819690458507,16,254.0
3780.0,37,38,15,2566,2603,0,103.0,2.7837837837837838,2.172315251300814,15,290.0,0.14221038817248058,15,290.0
3785.0,39,40,12,2566,2605,0,68.0,1.7435897435897436,3.277940219858141,12,271.0,0.12001791878803164,12,271.0
3790.0,42,42,12,2566,2608,0,50.0,1.1904761904761905,5.291920740665288,12,226.0,0.16125964049774655,12,226.0
3795.0,40,44,8,2570,2610,0,48.0,1.2,7.105178152472656,8,206.0,0.32112643531196594,8,206.0
3800.0,34,45,4,2576,2610,0,46.0,1.3529411764705883,8.598687149524537,4,162.0,0.47937896058929114,4,162.0
3805.0,33,44,1,2580,2613,0,2.0,0.06060606060606061,7.69483831096237,1,127.0,0.4233951769483454,1,127.0
3810.0,34,41,7,2585,2619,0,24.0,0.7058823529411765,6.472705844393617,7,129.0,0.29261162180160166,7,129.0
3815.0,34,40,12,2589,2623,0,72.0,2.1176470588235294,4.638234831216243,12,177.0,0.20567451416983712,12,177.0
3820.0,35,38,13,2593,2628,0,68.0,1.9428571428571428,2.5907656405526938,13,197.0,0.1225010630625493,13,197.0
3825.0,39,35,10,2595,2634,0,40.0,1.0256410256410255,4.055371678033215,10,177.0,0.18719931528553616,10,177.0
3830.0,40,35,10,2595,2635,0,36.0,0.9,5.730934243312231,10,133.0,0.20854310096871695,10,133.0
3835.0,37,36,7,2599,2636,0,22.0,0.5945945945945946,5.333399251356613,7,162.0,0.21780701262987368,7,162.0
3840.0,33,38,7,2603,2636,0,28.0,0.8484848484848485,4.851998318102771,7,192.0,0.1976628932175197,7,192.0
3845.0,32,37,14,2608,2640,0,86.0,2.6875,2.544758536642798,14,250.0,0.1336835688425197,14,250.0
3850.0,34,34,15,2610,2644,0,90.0,2.6470588235294117,1.5061501014058905,15,274.0,0.08614562191582512,15,274.0
3855.0,36,37,11,2610,2646,0,56.0,1.5555555555555556,3.2351629987110337,11,261.0,0.10347957801217547,11,261.0
3860.0,39,38,10,2610,2649,0,38.0,0.9743589743589743,5.511147946559598,10,214.0,0.1678075147785146,10,214.0
3865.0,37,41,5,2614,2651,0,20.0,0.5405405405405406,7.430111235164782,5,178.0,0.3688155061372545,5,178.0
3870.0,34,45,0,2619,2653,0,0.0,0.0,9.973380392577118,0,120.0,0.6263493732459671,0,120.0
3875.0,36,42,1,2622,2658,0,1.0,0.027777777777777776,8.83647675090485,1,110.0,0.5293101756686137,1,110.0
3880.0,35,42,7,2628,2663,0,24.0,0.6857142857142857,6.922739654299278,7,133.0,0.3300085313319904,7,133.0
3885.0,34,41,14,2634,2668,0,79.0,2.323529411764706,4.371060586961755,14,188.0,0.21992968334656646,14,188.0
3890.0,36,37,21,2637,2673,0,169.0,4.694444444444445,2.082810194470785,21,278.0,0.11597611004229802,21,278.0
3895.0,38,37,20,2638,2676,0,173.0,4.552631578947368,1.4066706111028484,20,324.0,0.04130259832865003,20,324.0
3900.0,39,36,16,2639,2678,0,114.0,2.923076923076923,3.0717981852467457,16,314.0,0.07431256031892178,16,314.0
3905.0,38,39,13,2640,2678,0,80.0,2.1052631578947367,5.3655182100491485,13,283.0,0.16009936070773745,13,283.0
3910.0,35,42,6,2644,2679,0,51.0,1.457142857142857,7.382283285400843,6,221.0,0.312687469929805,6,221.0
3915.0,30,45,2,2650,2680,0,2.0,0.06666666666666667,6.83476391758442,2,229.0,0.39964076665138987,2,229.0
3920.0,32,42,6,2653,2685,0,24.0,0.75,5.456196222911041,6,251.0,0.3145277137515341,6,251.0
3925.0,33,40,13,2657,2690,0,77.0,2.3333333333333335,3.8613996236173036,13,304.0,0.26239278106301095,13,304.0
3930.0,38,40,13,2657,2695,0,76.0,2.0,3.207857176518035,13,324.0,0.17497415833947377,13,324.0
3935.0,41,40,11,2658,2699,0,46.0,1.1219512195121952,3.6904031452316883,11,289.0,0.14503451160751832,11,289.0
3940.0,44,41,14,2659,2703,0,53.0,1.2045454545454546,5.035163980093582,14,230.0,0.19040428811254817,14,230.0
3945.0,42,42,8,2663,2705,0,26.0,0.6190476190476191,5.526769883783468,8,262.0,0.2946765660472728,8,262.0
3950.0,38,44,7,2668,2706,0,27.0,0.7105263157894737,5.822694501909076,7,284.0,0.3039478369473094,7,284.0
3955.0,40,42,15,2671,2711,0,85.0,2.125,4.61348843683217,15,342.0,0.18067925453621636,15,342.0
3960.0,41,40,15,2676,2717,0,90.0,2.1951219512195124,2.910707896814308,15,356.0,0.15051547727658,15,356.0
3965.0,45,40,13,2676,2721,0,70.0,1.5555555555555556,4.4513887655358895,13,310.0,0.20889162151413043,13,310.0
3970.0,47,40,13,2679,2726,0,59.0,1.2553191489361701,5.488379208388969,13,246.0,0.25495722697563084,13,246.0
3975.0,47,45,8,2681,2728,0,48.0,1.0212765957446808,6.779807644482991,8,235.0,0.3495862261543333,8,235.0
3980.0,41,48,4,2687,2728,0,6.0,0.14634146341463414,6.4838810141677445,4,204.0,0.35597773256007137,4,204.0
3985.0,41,46,5,2692,2733,0,20.0,0.4878048780487805,6.490496126526338,5,206.0,0.3263474808294946,5,206.0
3990.0,39,46,12,2697,2736,0,69.0,1.7692307692307692,5.4374603013416305,12,249.0,0.17823228452639456,12,249.0
3995.0,41,44,12,2701,2742,0,70.0,1.7073170731707317,4.313331183617155,12,266.0,0.17457081769054675,12,266.0
4000.0,40,42,10,2707,2747,0,37.0,0.925,4.418939348561755,10,222.0,0.21117327246751932,10,222.0
4005.0,42,42,9,2708,2750,0,32.0,0.7619047619047619,5.636604990467074,9,165.0,0.23604370968941382,9,165.0
4010.0,41,41,6,2710,2751,0,21.0,0.5121951219512195,6.745993638099999,6,128.0,0.29586117529102157,6,128.0
4015.0,36,42,0,2715,2751,0,0.0,0.0,6.881700203213599,0,113.0,0.3597854473814467,0,113.0
4020.0,35,41,7,2721,2756,0,22.0,0.6285714285714286,6.100853750962118,7,128.0,0.2927025281991526,7,128.0
4025.0,35,41,14,2726,2761,0,76.0,2.1714285714285713,4.337158347533079,14,182.0,0.2270295826523385,14,182.0
4030.0,36,38,14,2730,2766,0,81.0,2.25,3.5150866042142876,14,207.0,0.23211494898705903,14,207.0
4035.0,41,35,11,2731,2772,0,47.0,1.146341463414634,3.7967630719890204,11,196.0,0.17955279009790623,11,196.0
4040.0,45,36,11,2731,2776,0,46.0,1.0222222222222221,5.778613511410705,11,165.0,0.24200093773240575,11,165.0
4045.0,46,37,8,2734,2780,0,23.0,0.5,5.881654573387908,8,196.0,0.31992591492378425,8,196.0
4050.0,40,39,8,2740,2780,0,32.0,0.8,5.9999107945409,8,225.0,0.2951491026153415,8,225.0
4055.0,42,36,14,2743,2785,0,86.0,2.0476190476190474,4.854132773123363,14,279.0,0.1676615957723922,14,279.0
4060.0,45,35,13,2746,2791,0,82.0,1.8222222222222222,4.017655271610467,13,298.0,0.16354872630013684,13,298.0
4065.0,41,37,9,2752,2793,0,41.0,1.0,4.255809037124974,9,235.0,0.14823848352745034,9,235.0
4070.0,42,38,9,2754,2796,0,35.0,0.8333333333333334,5.290761121658234,9,198.0,0.17759522286588858,9,198.0
4075.0,37,42,8,2759,2796,0,37.0,1.0,6.738106570924493,8,174.0,0.3128953585010928,8,174.0
4080.0,35,44,0,2762,2797,0,0.0,0.0,8.002166168787777,0,145.0,0.47236952102120716,0,145.0
4085.0,34,40,4,2767,2801,0,13.0,0.38235294117647056,6.904538326424071,4,151.0,0.33666366428869393,4,151.0
4090.0,33,37,11,2773,2806,0,55.0,1.6666666666666667,4.064611212323246,11,193.0,0.18071111814960397,11,193.0
4095.0,34,39,11,2776,2810,0,56.0,1.6470588235294117,2.844794492736583,11,207.0,0.1356657541005968,11,207.0
4100.0,38,37,9,2777,2815,0,30.0,0.7894736842105263,3.969406267434748,9,175.0,0.15365208499553373,9,175.0
4105.0,41,38,7,2778,2819,0,22.0,0.5365853658536586,5.226619278277434,7,129.0,0.1833643333653663,7,129.0
4110.0,39,40,6,2781,2820,0,17.0,0.4358974358974359,5.678399732264424,6,160.0,0.277022440984806,6,160.0
4115.0,34,41,7,2786,2820,0,23.0,0.6764705882352942,5.093097941867866,7,190.0,0.22015381490770003,7,190.0
4120.0,35,39,13,2790,2825,0,78.0,2.2285714285714286,3.7511216002187893,13,246.0,0.1806672746482815,13,246.0
4125.0,40,38,13,2792,2832,0,82.0,2.05,3.1492325959167466,13,273.0,0.18718840112433016,13,273.0
4130.0,40,39,12,2794,2834,0,58.0,1.45,3.427478505724354,12,251.0,0.1607451453340638,12,251.0
4135.0,43,37,13,2794,2837,0,50.0,1.1627906976744187,4.921860042012882,13,232.0,0.1778002606095429,13,232.0
4140.0,40,40,8,2797,2837,0,38.0,0.95,6.268518882121436,8,213.0,0.2642510315926023,8,213.0
4145.0,38,43,5,2801,2839,0,41.0,1.0789473684210527,8.223634722214985,5,165.0,0.44589742405420474,5,165.0
4150.0,35,43,2,2807,2842,0,2.0,0.05714285714285714,7.428375958049091,2,154.0,0.4629934947699567,2,154.0
4155.0,36,43,7,2812,2848,0,24.0,0.6666666666666666,6.432288475394312,7,148.0,0.2981849960858459,7,148.0
4160.0,36,40,14,2816,2852,0,82.0,2.2777777777777777,4.377781368029144,14,206.0,0.17666234610535506,14,206.0
4165.0,40,37,15,2818,2858,0,87.0,2.175,3.5123775746889194,15,235.0,0.13808445672206213,15,235.0
4170.0,38,37,10,2823,2861,0,47.0,1.236842105263158,3.690103719963914,10,210.0,0.13152625654603853,10,210.0
4175.0,41,39,10,2824,2865,0,37.0,0.9024390243902439,5.7635720705104125,10,159.0,0.23284990993504415,10,159.0
4180.0,37,41,8,2828,2865,0,25.0,0.6756756756756757,5.262166973886783,8,200.0,0.23267303848883847,8,200.0
4185.0,35,44,8,2830,2865,0,30.0,0.8571428571428571,4.943600061482849,8,232.0,0.19621087747351684,8,232.0
4190.0,33,44,13,2836,2869,0,88.0,2.6666666666666665,3.2371933641081774,13,290.0,0.16655644274371673,13,290.0
4195.0,37,39,13,2839,2876,0,86.0,2.324324324324324,2.4937913456810286,13,305.0,0.16435924533207918,13,305.0
4200.0,40,40,11,2839,2879,0,50.0,1.25,4.0462972316486585,11,269.0,0.19343539971649082,11,269.0
4205.0,43,40,13,2839,2882,0,41.0,0.9534883720930233,5.456804926131127,13,217.0,0.20404112373926198,13,217.0
4210.0,43,41,8,2842,2885,0,33.0,0.7674418604651163,7.374815551470422,8,188.0,0.38591713494995794,8,188.0
4215.0,42,43,4,2847,2889,0,36.0,0.8571428571428571,9.17345875952129,4,145.0,0.5799276102405354,4,145.0
4220.0,41,42,6,2853,2894,0,62.0,1.5121951219512195,8.726328817459645,6,113.0,0.5350117475967177,6,113.0
4225.0,42,43,8,2858,2900,0,22.0,0.5238095238095238,6.613802943709131,8,115.0,0.381396651808653,8,115.0
4230.0,44,40,7,2863,2907,0,36.0,0.8181818181818182,6.320654850556249,7,110.0,0.34586938825652913,7,110.0
4235.0,45,39,14,2867,2912,0,95.0,2.111111111111111,5.495129732320393,14,146.0,0.21448899988655878,14,146.0
4240.0,45,36,18,2871,2916,0,95.0,2.111111111111111,3.2973480630744656,18,186.0,0.08468799503078218,18,186.0
4245.0,43,36,16,2877,2920,0,82.0,1.9069767441860466,3.539236470741563,16,183.0,0.11577103355223185,16,183.0
4250.0,44,37,16,2879,2923,0,89.0,2.022727272727273,5.1693254598494525,16,189.0,0.18593536859982962,16,189.0
4255.0,40,39,8,2883,2923,0,80.0,2.0,6.448955072033064,8,202.0,0.3066475765244633,8,202.0
4260.0,36,42,2,2888,2924,0,3.0,0.08333333333333333,6.645168790487489,2,174.0,0.3863829904258197,2,174.0
4265.0,37,39,8,2892,2929,0,27.0,0.7297297297297297,6.468119307272335,8,163.0,0.31293513692655106,8,163.0
4270.0,37,38,13,2897,2934,0,80.0,2.1621621621621623,4.515206923106403,13,216.0,0.2095488912220375,13,216.0
4275.0,36,39,12,2901,2937,0,75.0,2.0833333333333335,2.6156394903309397,12,240.0,0.09962967223551757,12,240.0
4280.0,39,39,11,2903,2942,0,41.0,1.0512820512820513,3.6427632898288973,11,220.0,0.14496991871795786,11,220.0
4285.0,41,42,10,2904,2945,0,43.0,1.048780487804878,5.39020481820764,10,166.0,0.20475011750709465,10,166.0
4290.0,38,44,5,2908,2946,0,27.0,0.7105263157894737,7.131711359234385,5,138.0,0.36024364970499134,5,138.0
4295.0,36,44,1,2911,2947,0,1.0,0.027777777777777776,7.64419023148822,1,118.0,0.45796794000944624,1,118.0
4300.0,35,42,7,2917,2952,0,23.0,0.6571428571428571,6.5915563750307475,7,140.0,0.35134128740000686,7,140.0
4305.0,35,39,13,2922,2957,0,77.0,2.2,4.722806203958682,13,195.0,0.2184619840560865,13,195.0
4310.0,38,35,19,2925,2963,0,162.0,4.2631578947368425,2.422746557695536,19,281.0,0.09784361104679831,19,281.0
4315.0,39,37,19,2927,2966,0,164.0,4.205128205128205,1.6975546096748702,19,328.0,0.07547554230876119,19,328.0
4320.0,41,40,17,2928,2969,0,112.0,2.731707317073171,3.2009192889387927,17,332.0,0.13311387993524193,17,332.0
4325.0,43,43,16,2928,2971,0,102.0,2.372093023255814,5.629973476900285,16,289.0,0.22841009790653327,16,289.0
4330.0,40,46,8,2932,2972,0,47.0,1.175,5.346494931656286,8,325.0,0.24643289667063759,8,325.0
4335.0,38,48,7,2936,2974,0,29.0,0.7631578947368421,5.834031597803693,7,356.0,0.2892965721183316,7,356.0
4340.0,38,46,14,2940,2978,0,83.0,2.1842105263157894,4.327837051627145,14,410.0,0.2117164734117391,14,410.0
4345.0,40,46,15,2944,2984,0,86.0,2.15,2.8181698519218097,15,423.0,0.1568021769865746,15,423.0
4350.0,44,47,14,2945,2989,0,64.0,1.4545454545454546,4.465030328770814,14,349.0,0.2002456271666463,14,349.0
4355.0,45,47,12,2946,2991,0,58.0,1.288888888888889,5.1535301950504095,12,295.0,0.20475577717776752,12,295.0
4360.0,43,51,10,2949,2992,0,55.0,1.2790697674418605,5.710331008743389,10,252.0,0.245641951939155,10,252.0
4365.0,42,54,7,2952,2994,0,73.0,1.7380952380952381,7.467819691071417,7,203.0,0.4109548062347671,7,203.0
4370.0,43,53,3,2958,3001,0,15.0,0.3488372093023256,7.492838762917147,3,173.0,0.4761437401388975,3,173.0
4375.0,40,55,7,2964,3004,0,22.0,0.55,6.7167604226700615,7,149.0,0.3470970263208618,7,149.0
4380.0,43,51,13,2968,3011,0,73.0,1.697674418604651,6.4375984160679,13,187.0,0.2740983689287005,13,187.0
4385.0,41,49,13,2974,3015,0,70.0,1.7073170731707317,4.521174491333251,13,192.0,0.16895055788748245,13,192.0
4390.0,41,48,10,2979,3020,0,42.0,1.024390243902439,3.9275332708795263,10,171.0,0.1435942246382525,10,171.0
4395.0,41,47,11,2981,3022,0,46.0,1.1219512195121952,5.32316463187626,11,143.0,0.17200998556324137,11,143.0
4400.0,41,48,8,2985,3026,0,51.0,1.2439024390243902,6.63049767476448,8,150.0,0.343735073665685,8,150.0
4405.0,39,51,1,2988,3027,0,1.0,0.02564102564102564,7.543793941756339,1,122.0,0.4480673194682394,1,122.0
4410.0,41,50,6,2993,3034,0,19.0,0.4634146341463415,7.606565895219703,6,126.0,0.4113109690280266,6,126.0
4415.0,39,48,12,2999,3038,0,65.0,1.6666666666666667,5.477417404842316,12,172.0,0.24322208065372697,12,172.0
4420.0,40,46,14,3003,3043,0,68.0,1.7,2.7709457109481077,14,203.0,0.10854137232998133,14,203.0
4425.0,41,44,13,3007,3048,0,54.0,1.3170731707317074,3.538315055867534,13,203.0,0.14837341054765849,13,203.0
4430.0,44,44,10,3007,3051,0,57.0,1.2954545454545454,5.444357897887991,10,175.0,0.21374713492508832,10,175.0
4435.0,42,48,7,3010,3052,0,54.0,1.2857142857142858,6.179842044082567,7,172.0,0.29403165633067624,7,172.0
4440.0,39,49,6,3014,3053,0,74.0,1.8974358974358974,7.530186041793024,6,147.0,0.4069453367570591,6,147.0
4445.0,42,47,4,3020,3062,0,8.0,0.19047619047619047,7.3183968475846415,4,128.0,0.4622031046155409,4,128.0
4450.0,45,45,8,3023,3068,0,36.0,0.8,7.276832905022223,8,111.0,0.3968641008699554,8,111.0
4455.0,46,42,14,3029,3075,0,94.0,2.0434782608695654,6.307667356317218,14,167.0,0.2962740055533025,14,167.0
4460.0,46,39,15,3035,3081,0,93.0,2.0217391304347827,4.480696474082532,15,206.0,0.21923890034200452,15,206.0
4465.0,47,41,14,3038,3085,0,69.0,1.4680851063829787,4.162739870958945,14,207.0,0.1752636160474654,14,207.0
4470.0,49,41,14,3041,3090,0,72.0,1.469387755102041,5.222839464299306,14,191.0,0.2304040590037201,14,191.0
4475.0,50,40,9,3042,3092,0,28.0,0.56,5.187696392814444,9,226.0,0.24360210271070643,9,226.0
4480.0,45,41,7,3048,3093,0,27.0,0.6,5.7457837885982865,7,224.0,0.271864862833298,7,224.0
4485.0,44,39,14,3053,3097,0,84.0,1.9090909090909092,5.132138154116867,14,272.0,0.17401333666098812,14,272.0
4490.0,44,39,15,3057,3101,0,87.0,1.9772727272727273,3.573172608067375,15,297.0,0.09705927306743134,15,297.0
4495.0,44,38,12,3062,3106,0,60.0,1.3636363636363635,4.409865898337677,12,278.0,0.17964579067542713,12,278.0
4500.0,44,37,10,3065,3109,0,48.0,1.0909090909090908,5.769790254605241,10,223.0,0.24284028393360851,10,223.0
4505.0,40,41,6,3069,3109,0,44.0,1.1,6.470907143032015,6,192.0,0.3044876400479057,6,192.0
4510.0,38,43,5,3072,3110,0,49.0,1.2894736842105263,7.90774661701526,5,154.0,0.4169179577357566,5,154.0
4515.0,36,40,1,3078,3114,0,2.0,0.05555555555555555,7.507298569497318,1,117.0,0.43380446070821477,1,117.0
4520.0,36,39,7,3083,3119,0,25.0,0.6944444444444444,6.717105714062296,7,119.0,0.32178797597984243,7,119.0
4525.0,38,34,14,3088,3126,0,85.0,2.236842105263158,4.918046122610957,14,179.0,0.21987434575386777,14,179.0
4530.0,38,30,15,3093,3131,0,92.0,2.4210526315789473,3.2764578761689083,15,211.0,0.2000495591974888,15,211.0
4535.0,40,28,11,3095,3135,0,54.0,1.35,3.672794419868224,11,201.0,0.17129786258121443,11,201.0
4540.0,44,29,11,3095,3139,0,48.0,1.0909090909090908,5.388491100428941,11,161.0,0.22033856482868014,11,161.0
4545.0,45,31,8,3097,3142,0,48.0,1.0666666666666667,7.05166350656563,8,150.0,0.36170587898968093,8,150.0
4550.0,41,33,1,3102,3143,0,1.0,0.024390243902439025,6.9473965384689205,1,130.0,0.37871478039471806,1,130.0
4555.0,40,32,6,3107,3147,0,21.0,0.525,6.837601359989504,6,133.0,0.32967045741613216,6,133.0
4560.0,40,30,13,3113,3153,0,75.0,1.875,5.335486160451795,13,187.0,0.2526244981752887,13,187.0
4565.0,39,29,12,3117,3156,0,74.0,1.8974358974358974,3.9072405080631416,12,214.0,0.16492865881074203,12,214.0
4570.0,42,28,10,3121,3163,0,35.0,0.8333333333333334,4.332436281888365,10,192.0,0.1885417648938638,10,192.0
4575.0,42,31,11,3123,3165,0,32.0,0.7619047619047619,5.748089558585098,11,145.0,0.2344454022956853,11,145.0
4580.0,41,33,8,3127,3168,0,37.0,0.9024390243902439,7.319482190304707,8,127.0,0.3808829829531472,8,127.0
4585.0,37,35,1,3131,3168,0,2.0,0.05405405405405406,7.350177940946829,1,106.0,0.4188661075103006,1,106.0
4590.0,35,34,6,3137,3172,0,23.0,0.6571428571428571,6.089674560677117,6,127.0,0.2693921067907278,6,127.0
4595.0,33,33,13,3142,3175,0,79.0,2.393939393939394,3.5030345572452872,13,183.0,0.1325363266596053,13,183.0
4600.0,36,32,14,3144,3180,0,81.0,2.25,3.2645573057898307,14,212.0,0.1519111995714075,14,212.0
4605.0,37,31,8,3148,3185,0,37.0,1.0,3.558287184131701,8,195.0,0.1429946643422728,8,195.0
4610.0,38,32,8,3149,3187,0,24.0,0.631578947368421,5.275018312511276,8,149.0,0.17411056822682913,8,149.0
4615.0,39,34,7,3151,3190,0,23.0,0.5897435897435898,7.17579512879772,7,124.0,0.3515197856288599,7,124.0
4620.0,35,35,1,3156,3191,0,1.0,0.02857142857142857,7.784580632062921,1,114.0,0.4552160645858986,1,114.0
4625.0,35,33,6,3160,3195,0,23.0,0.6571428571428571,6.388611993941046,6,137.0,0.3197178959909085,6,137.0
4630.0,34,34,13,3167,3201,0,74.0,2.176470588235294,4.02493523445154,13,188.0,0.24686216751163173,13,188.0
4635.0,38,32,13,3168,3206,0,73.0,1.9210526315789473,2.928166543184604,13,209.0,0.16850645922299382,13,209.0
4640.0,40,31,10,3170,3210,0,46.0,1.15,3.5709476632739454,10,196.0,0.15162303885644512,10,196.0
4645.0,41,31,11,3170,3211,0,39.0,0.9512195121951219,5.366149983318032,11,161.0,0.16085231970723768,11,161.0
4650.0,40,32,7,3174,3214,0,20.0,0.5,5.567381331040224,7,195.0,0.25557878564550757,7,195.0
4655.0,36,35,7,3179,3215,0,27.0,0.75,5.2666926612668,7,219.0,0.28647154724898943,7,219.0
4660.0,37,33,13,3182,3219,0,82.0,2.2162162162162162,3.441594269360647,13,274.0,0.17296774687743355,13,274.0
4665.0,37,33,14,3184,3221,0,82.0,2.2162162162162162,3.035279544062083,14,297.0,0.12377092043146029,14,297.0
4670.0,38,31,11,3187,3225,0,47.0,1.236842105263158,3.479937617870875,11,244.0,0.10244032755644567,11,244.0
4675.0,40,32,11,3188,3228,0,39.0,0.975,5.308729693933289,11,212.0,0.1724643920466586,11,212.0
4680.0,36,34,6,3192,3228,0,31.0,0.8611111111111112,6.883724696596803,6,181.0,0.31052011267022833,6,181.0
4685.0,33,38,2,3195,3228,0,4.0,0.12121212121212122,7.096690408571317,2,178.0,0.3647975932876604,2,178.0
4690.0,32,36,8,3201,3233,0,33.0,1.03125,5.364869263517292,8,207.0,0.27648342333330256,8,207.0
4695.0,34,34,14,3205,3239,0,91.0,2.676470588235294,3.4967312843908185,14,265.0,0.2198334269240287,14,265.0
4700.0,36,32,14,3207,3243,0,90.0,2.5,2.4263455455084872,14,288.0,0.16867278561745835,14,288.0
4705.0,39,32,12,3207,3246,0,55.0,1.4102564102564104,3.1500429672190515,12,251.0,0.12048638343254718,12,251.0
4710.0,42,32,12,3207,3249,0,55.0,1.3095238095238095,5.0182444983428995,12,198.0,0.16580726695307255,12,198.0
4715.0,41,36,9,3211,3252,0,52.0,1.2682926829268293,6.816005145467467,9,178.0,0.3479485486535302,9,178.0
4720.0,38,40,3,3215,3253,0,5.0,0.13157894736842105,6.977194185137883,3,169.0,0.4252861561199082,3,169.0
4725.0,38,37,7,3219,3257,0,30.0,0.7894736842105263,6.3266421810580935,7,187.0,0.29336381190059996,7,187.0
4730.0,37,36,14,3224,3261,0,88.0,2.3783783783783785,4.687445752122787,14,245.0,0.17308230579768993,14,245.0
4735.0,38,33,14,3228,3266,0,87.0,2.289473684210526,3.4510044110979603,14,268.0,0.15168617541623705,14,268.0
4740.0,38,32,10,3232,3270,0,47.0,1.236842105263158,3.789073904462828,10,220.0,0.1553236584271966,10,220.0
4745.0,41,31,10,3232,3273,0,25.0,0.6097560975609756,5.049443796001944,10,176.0,0.16654550888210662,10,176.0
4750.0,38,32,6,3235,3273,0,18.0,0.47368421052631576,5.082231123011683,6,205.0,0.21810275403096643,6,205.0
4755.0,33,35,7,3240,3273,0,26.0,0.7878787878787878,4.637747974979618,7,232.0,0.22406810181185435,7,232.0
4760.0,33,34,14,3244,3277,0,82.0,2.484848484848485,2.641900671881635,14,288.0,0.11944630228059507,14,288.0
4765.0,36,33,14,3246,3282,0,84.0,2.3333333333333335,2.2370910270526183,14,306.0,0.1282222317588308,14,306.0
4770.0,37,35,11,3247,3284,0,49.0,1.3243243243243243,3.386127603967447,11,266.0,0.12439825468394645,11,266.0
4775.0,40,37,9,3247,3287,0,39.0,0.975,5.832399191902031,9,201.0,0.21484709530003585,9,201.0
4780.0,36,39,5,3251,3287,0,13.0,0.3611111111111111,7.257533952700538,5,166.0,0.3059582645744311,5,166.0
4785.0,31,42,1,3256,3287,0,1.0,0.03225806451612903,7.359816318302972,1,157.0,0.39398857223536005,1,157.0
4790.0,29,43,5,3261,3290,0,18.0,0.6206896551724138,5.327663701989354,5,174.0,0.2656280242546871,5,174.0
4795.0,29,41,12,3265,3294,0,65.0,2.2413793103448274,2.617217880298713,12,221.0,0.14178340747014784,12,221.0
4800.0,34,38,18,3267,3301,0,141.0,4.147058823529412,2.613458953480874,18,297.0,0.1809272876010427,18,297.0
4805.0,39,38,18,3267,3306,0,142.0,3.641025641025641,2.3526624317368485,18,338.0,0.14593868594072057,18,338.0
4810.0,42,37,16,3267,3309,0,96.0,2.2857142857142856,3.1319009016758166,16,313.0,0.12442632628488089,16,313.0
4815.0,44,39,17,3267,3311,0,87.0,1.9772727272727273,5.051446455764716,17,268.0,0.1697191218474371,17,268.0
4820.0,42,42,8,3271,3313,0,52.0,1.2380952380952381,5.163573694240168,8,312.0,0.2656548525120368,8,312.0
4825.0,40,45,9,3274,3314,0,32.0,0.8,5.867942268318121,9,338.0,0.27934232816417404,9,338.0
4830.0,40,43,13,3279,3319,0,90.0,2.25,4.7854808175990815,13,398.0,0.21358253732614174,13,398.0
4835.0,40,40,14,3284,3324,0,97.0,2.425,3.4602734960155472,14,417.0,0.17870423306856514,14,417.0
4840.0,42,40,11,3285,3327,0,57.0,1.3571428571428572,3.7979848140787777,11,343.0,0.129602019754711,11,343.0
4845.0,43,41,11,3287,3330,0,49.0,1.1395348837209303,5.627495030978655,11,305.0,0.2390859304557641,11,305.0
4850.0,39,41,7,3291,3330,0,37.0,0.9487179487179487,6.442547937517568,7,235.0,0.2550321096578832,7,235.0
4855.0,36,44,2,3296,3332,0,3.0,0.08333333333333333,6.8753992328844795,2,229.0,0.3759110061318537,2,229.0
4860.0,36,42,8,3300,3336,0,27.0,0.75,6.155173004194392,8,246.0,0.2899085107225598,8,246.0
4865.0,37,43,14,3304,3341,0,83.0,2.2432432432432434,4.4142165814305265,14,302.0,0.17860052948911612,14,302.0
4870.0,38,39,14,3308,3346,0,90.0,2.3684210526315788,3.330272679316282,14,314.0,0.1689790981704773,14,314.0
4875.0,40,37,11,3311,3351,0,54.0,1.35,3.928185240648965,11,261.0,0.18895751925051824,11,261.0
4880.0,44,38,12,3311,3355,0,44.0,1.0,5.670948806124822,12,187.0,0.23532661063249516,12,187.0
4885.0,43,39,9,3315,3358,0,41.0,0.9534883720930233,7.043680142571542,9,152.0,0.3751453723056944,9,152.0
4890.0,39,43,4,3319,3358,0,33.0,0.8461538461538461,8.157817077490185,4,133.0,0.4676728336539561,4,133.0
4895.0,37,40,1,3325,3362,0,1.0,0.02702702702702703,7.061333949296027,1,112.0,0.3883991810058782,1,112.0
4900.0,34,41,7,3331,3365,0,23.0,0.6764705882352942,5.881418968533217,7,115.0,0.2938455840460408,7,115.0
4905.0,38,39,13,3334,3372,0,73.0,1.9210526315789473,4.978990345461125,13,165.0,0.23404602876752645,13,165.0
4910.0,41,35,12,3337,3378,0,71.0,1.7317073170731707,4.086277182669868,12,193.0,0.22046505794033486,12,193.0
4915.0,42,33,10,3342,3384,0,36.0,0.8571428571428571,4.530161456015164,10,175.0,0.22784409033204062,10,175.0
4920.0,44,32,9,3343,3387,0,33.0,0.75,5.825284390842729,9,133.0,0.24244602421367925,9,133.0
4925.0,44,37,7,3346,3390,0,19.0,0.4318181818181818,5.801951990937242,7,160.0,0.29475201343908786,7,160.0
4930.0,38,40,7,3352,3390,0,32.0,0.8421052631578947,5.5491805113724,7,190.0,0.27797259467515567,7,190.0
4935.0,40,38,15,3355,3395,0,91.0,2.275,4.247078506184499,15,249.0,0.1451596572544817,15,249.0
4940.0,41,36,15,3358,3399,0,92.0,2.2439024390243905,3.237506418474233,15,274.0,0.10677066751583317,15,274.0
4945.0,41,35,13,3362,3403,0,57.0,1.3902439024390243,3.623338248791003,13,238.0,0.10486177717413164,13,238.0
4950.0,41,37,10,3364,3405,0,50.0,1.2195121951219512,5.4490945172924885,10,233.0,0.23343861759303383,10,233.0
4955.0,38,41,7,3368,3406,0,23.0,0.6052631578947368,5.399049097040377,7,252.0,0.27125824467627896,7,252.0
4960.0,34,41,9,3372,3406,0,34.0,1.0,4.89735267756981,9,287.0,0.2267454750860727,9,287.0
4965.0,36,39,14,3375,3411,0,91.0,2.5277777777777777,3.737374188385539,14,344.0,0.16867755327579148,14,344.0
4970.0,36,37,15,3379,3415,0,93.0,2.5833333333333335,1.9366364702875676,15,365.0,0.10123564530464418,15,365.0
4975.0,39,38,10,3380,3419,0,52.0,1.3333333333333333,3.3137699444520674,10,322.0,0.15216575436427268,10,322.0
4980.0,41,38,12,3380,3421,0,45.0,1.0975609756097562,5.039996298726194,12,257.0,0.21972313162139048,12,257.0
4985.0,41,40,5,3381,3422,0,19.0,0.4634146341463415,5.617162598265892,5,270.0,0.25183025548319565,5,270.0
4990.0,35,43,7,3387,3422,0,26.0,0.7428571428571429,4.973066900320016,7,298.0,0.21146308335882508,7,298.0
4995.0,34,42,13,3392,3426,0,81.0,2.3823529411764706,3.1389770954947993,13,353.0,0.16057974471969455,13,353.0
5000.0,35,42,14,3395,3430,0,83.0,2.3714285714285714,1.6458247404919473,14,365.0,0.07120147561981324,14,365.0
