step,system_total_running,system_total_backlogged,system_total_stopped,system_total_arrived,system_total_departed,system_total_teleported,system_total_waiting_time,system_mean_waiting_time,system_mean_speed,t_stopped,t_accumulated_waiting_time,t_average_speed,agents_total_stopped,agents_total_accumulated_waiting_time
0.0,0,0,0,0,0,0,0.0,0.0,0.0,0,0.0,1.0,0,0.0
5.0,3,0,0,0,3,0,0.0,0.0,13.229561438052555,0,0.0,0.9460667479509821,0,0.0
10.0,9,0,0,0,9,0,0.0,0.0,12.748709141346522,0,0.0,0.9276143792736763,0,0.0
15.0,15,0,0,0,15,0,0.0,0.0,10.438641269335383,0,0.0,0.7810506524588438,0,0.0
20.0,17,0,1,0,17,0,1.0,0.058823529411764705,6.6489940583777996,1,2.0,0.522939329325485,1,2.0
25.0,21,0,1,0,21,0,6.0,0.2857142857142857,8.675763872642658,1,6.0,0.5484941167545514,1,6.0
30.0,23,0,3,0,23,0,20.0,0.8695652173913043,10.35858496464935,3,20.0,0.5991438714679774,3,20.0
35.0,23,0,4,4,27,0,40.0,1.7391304347826086,9.521277825735915,4,40.0,0.5175625040271266,4,40.0
40.0,22,0,0,9,31,0,0.0,0.0,9.676687742836116,0,22.0,0.6858414725010789,0,22.0
45.0,20,0,3,12,32,0,7.0,0.35,8.505771373513522,3,7.0,0.47666864203618853,3,7.0
50.0,18,0,7,16,34,0,32.0,1.7777777777777777,5.947081996975358,7,32.0,0.2499530769009842,7,32.0
55.0,18,0,3,19,37,0,14.0,0.7777777777777778,6.554622919302456,3,43.0,0.4383684069238648,3,43.0
60.0,19,0,0,21,40,0,0.0,0.0,10.263525870082479,0,15.0,0.6848447992560511,0,15.0
65.0,19,0,0,22,41,0,0.0,0.0,11.687831724748259,0,0.0,0.846168662667907,0,0.0
70.0,20,0,1,26,46,0,1.0,0.05,11.310065278508514,1,1.0,0.8306529183609179,1,1.0
75.0,18,0,1,31,49,0,6.0,0.3333333333333333,11.553843248907485,1,6.0,0.8199930826883202,1,6.0
80.0,21,0,1,35,56,0,2.0,0.09523809523809523,10.581866707664325,1,2.0,0.7522834232963426,1,2.0
85.0,22,0,4,39,61,0,15.0,0.6818181818181818,8.840564311862751,4,15.0,0.5987557473043231,4,15.0
90.0,23,0,8,40,63,0,50.0,2.1739130434782608,7.511969519006152,8,50.0,0.3971374914127097,8,50.0
95.0,22,0,6,42,64,0,25.0,1.1363636363636365,4.861869579478319,6,62.0,0.17428311781872097,6,62.0
100.0,21,0,3,45,66,0,14.0,0.6666666666666666,7.249771697175923,3,39.0,0.32219619453783754,3,39.0
105.0,24,0,3,46,70,0,29.0,1.2083333333333333,10.24375846325343,3,32.0,0.5959832018703384,3,32.0
110.0,25,0,2,50,75,0,2.0,0.08,9.719337555323369,2,16.0,0.661845280488306,2,16.0
115.0,24,0,6,54,78,0,26.0,1.0833333333333333,8.397661518220742,6,29.0,0.43957569859904627,6,29.0
120.0,26,0,9,58,84,0,64.0,2.4615384615384617,7.738026706351908,9,67.0,0.43920800866637055,9,67.0
125.0,26,0,5,61,87,0,31.0,1.1923076923076923,6.454897242727493,5,79.0,0.39994593938994394,5,79.0
130.0,28,0,3,64,92,0,7.0,0.25,6.602549539068751,3,46.0,0.352730725030396,3,46.0
135.0,31,0,4,64,95,0,22.0,0.7096774193548387,8.642479659405476,4,27.0,0.4649898252832581,4,27.0
140.0,31,0,2,68,99,0,3.0,0.0967741935483871,8.108445149842659,2,20.0,0.4891190736069882,2,20.0
145.0,29,0,6,73,102,0,23.0,0.7931034482758621,7.260448724068315,6,28.0,0.3431689530468436,6,28.0
150.0,29,0,12,76,105,0,71.0,2.4482758620689653,6.655012785333804,12,76.0,0.2986677920640538,12,76.0
155.0,27,0,10,81,108,0,58.0,2.1481481481481484,4.604562249175214,10,106.0,0.2756475821566988,10,106.0
160.0,26,0,3,83,109,0,12.0,0.46153846153846156,5.884324413576968,3,87.0,0.28190945134129225,3,87.0
165.0,29,0,3,84,113,0,18.0,0.6206896551724138,8.35444140607796,3,46.0,0.43240927168013377,3,46.0
170.0,28,0,4,88,116,0,36.0,1.2857142857142858,8.904938939218846,4,44.0,0.5136162269016591,4,44.0
175.0,26,0,3,92,118,0,5.0,0.19230769230769232,7.914240082561804,3,29.0,0.43434027023326577,3,29.0
180.0,28,0,9,94,122,0,33.0,1.1785714285714286,6.936736289746463,9,41.0,0.2990764333075512,9,41.0
185.0,25,0,13,99,124,0,87.0,3.48,5.580492647138825,13,95.0,0.261384458859395,13,95.0
190.0,26,0,15,104,130,0,157.0,6.038461538461538,4.394538417258724,15,165.0,0.26902848471140467,15,165.0
195.0,30,0,13,105,135,0,126.0,4.2,4.238210974633663,13,197.0,0.26551218198376647,13,197.0
200.0,33,0,7,106,139,0,33.0,1.0,5.332078007088878,7,171.0,0.2888687075335157,7,171.0
205.0,41,0,5,106,147,0,17.0,0.4146341463414634,7.49317416627964,5,112.0,0.41427129404427865,5,112.0
210.0,41,0,2,109,150,0,5.0,0.12195121951219512,6.080613856492921,2,113.0,0.3375413658612229,2,113.0
215.0,40,0,7,114,154,0,31.0,0.775,6.194598878964997,7,135.0,0.30326240355585965,7,135.0
220.0,42,0,14,118,160,0,88.0,2.0952380952380953,5.38585178147526,14,192.0,0.22972856306999043,14,192.0
225.0,43,0,14,122,165,0,87.0,2.0232558139534884,4.152451537972032,14,216.0,0.18053956282609226,14,216.0
230.0,41,0,12,127,168,0,52.0,1.2682926829268293,4.208845106764556,12,192.0,0.1848183670597392,12,192.0
235.0,41,0,12,128,169,0,52.0,1.2682926829268293,5.504439108732623,12,160.0,0.20646205292866177,12,160.0
240.0,41,0,5,131,172,0,37.0,0.9024390243902439,6.878174495603569,5,159.0,0.3289668355620063,5,159.0
245.0,39,3,6,136,175,0,58.0,1.4871794871794872,8.045616092519518,6,137.0,0.447745620024063,6,137.0
250.0,38,0,2,142,180,0,2.0,0.05263157894736842,7.430407782280421,2,116.0,0.4712048455811995,2,116.0
255.0,36,0,7,145,181,0,26.0,0.7222222222222222,7.0835772237475,7,99.0,0.3529979534219501,7,99.0
260.0,34,0,13,151,185,0,81.0,2.3823529411764706,5.44679617336957,13,153.0,0.18961592801974023,13,153.0
265.0,32,0,14,155,187,0,85.0,2.65625,4.3586621700774995,14,189.0,0.17918885657124498,14,189.0
270.0,31,0,6,160,191,0,38.0,1.2258064516129032,5.688112674232554,6,165.0,0.309289354977884,6,165.0
275.0,33,0,4,161,194,0,7.0,0.21212121212121213,7.324895356317482,4,99.0,0.3375881487044993,4,99.0
280.0,32,0,2,164,196,0,13.0,0.40625,8.98889393415094,2,62.0,0.49393336613603567,2,62.0
285.0,29,0,0,169,198,0,0.0,0.0,8.126948876090836,0,45.0,0.5006275582015597,0,45.0
290.0,26,0,6,174,200,0,21.0,0.8076923076923077,5.921216537493128,6,63.0,0.23517564167742905,6,63.0
295.0,24,0,12,179,203,0,72.0,3.0,4.345068396557658,12,114.0,0.19840286551052616,12,114.0
300.0,24,0,17,182,206,0,147.0,6.125,3.992829211416647,17,189.0,0.2495038310576616,17,189.0
305.0,24,0,12,183,207,0,122.0,5.083333333333333,2.634812367667187,12,214.0,0.16214890058141337,12,214.0
310.0,27,0,7,183,210,0,34.0,1.2592592592592593,5.989198530766237,7,174.0,0.3157435273080652,7,174.0
315.0,33,0,5,183,216,0,37.0,1.121212121212121,8.452659784537307,5,106.0,0.4814599231731037,5,106.0
320.0,35,0,5,186,221,0,62.0,1.7714285714285714,9.415594404263345,5,79.0,0.5974481445260718,5,79.0
325.0,30,0,1,191,221,0,1.0,0.03333333333333333,7.004782058733353,1,49.0,0.3694148913850067,1,49.0
330.0,28,0,5,195,223,0,20.0,0.7142857142857143,6.874502527406274,5,26.0,0.2506350268276712,5,26.0
335.0,28,0,11,200,228,0,66.0,2.357142857142857,7.973613388115562,11,72.0,0.3552183321753079,11,72.0
340.0,27,0,6,206,233,0,43.0,1.5925925925925926,6.591963347033471,6,86.0,0.3739364199320989,6,86.0
345.0,25,0,0,210,235,0,0.0,0.0,6.949804801062344,0,56.0,0.3770983187289511,0,56.0
350.0,28,0,2,210,238,0,7.0,0.25,9.395144468418527,2,15.0,0.47839691370990994,2,15.0
355.0,31,0,2,214,245,0,3.0,0.0967741935483871,9.303904586128825,2,14.0,0.5590292077639161,2,14.0
360.0,29,0,8,218,247,0,31.0,1.0689655172413792,7.555081121618953,8,39.0,0.3438679745545532,8,39.0
365.0,28,0,13,222,250,0,86.0,3.0714285714285716,6.028709340660476,13,94.0,0.19509182464847838,13,94.0
370.0,28,0,10,226,254,0,74.0,2.642857142857143,5.401068402346629,10,127.0,0.2784824607359746,10,127.0
375.0,29,0,6,230,259,0,21.0,0.7241379310344828,5.797992631996863,6,108.0,0.30793248050696975,6,108.0
380.0,31,0,2,230,261,0,15.0,0.4838709677419355,7.781187374884269,2,71.0,0.3603247608102365,2,71.0
385.0,34,0,3,234,268,0,27.0,0.7941176470588235,9.099486015470324,3,41.0,0.529320606417489,3,41.0
390.0,31,0,3,239,270,0,5.0,0.16129032258064516,8.039720857186834,3,21.0,0.4730692252419689,3,21.0
395.0,29,0,7,245,274,0,30.0,1.0344827586206897,6.653893169667898,7,40.0,0.29429248519537365,7,40.0
400.0,29,0,13,247,276,0,82.0,2.8275862068965516,4.555383545335849,13,92.0,0.1446147331733994,13,92.0
405.0,28,0,14,251,279,0,78.0,2.7857142857142856,3.500161282010069,14,129.0,0.1749668880791344,14,129.0
410.0,27,0,8,253,280,0,38.0,1.4074074074074074,4.88921909927069,8,118.0,0.18474023812984092,8,118.0
415.0,31,0,2,253,284,0,17.0,0.5483870967741935,8.015228061856368,2,93.0,0.3837226463557617,2,93.0
420.0,28,0,1,257,285,0,16.0,0.5714285714285714,8.968203504632088,1,57.0,0.46538390775089206,1,57.0
425.0,31,0,2,261,292,0,2.0,0.06451612903225806,9.07138572984711,2,37.0,0.601845003657708,2,37.0
430.0,31,0,6,266,297,0,21.0,0.6774193548387096,7.480666411767743,6,56.0,0.4315556787471968,6,56.0
435.0,29,0,12,271,300,0,70.0,2.413793103448276,4.7817293281697735,12,105.0,0.2688511576265361,12,105.0
440.0,30,0,14,272,302,0,69.0,2.3,2.6058160599201114,14,136.0,0.11212044524696411,14,136.0
445.0,30,0,12,274,304,0,52.0,1.7333333333333334,4.095590357883411,12,140.0,0.1619692480340011,12,140.0
450.0,34,0,5,274,308,0,39.0,1.1470588235294117,7.385743907778896,5,126.0,0.36817559384010623,5,126.0
455.0,35,0,1,277,312,0,1.0,0.02857142857142857,6.865634834777406,1,103.0,0.38658728251905666,1,103.0
460.0,34,0,6,282,316,0,20.0,0.5882352941176471,6.611705446919581,6,101.0,0.33779607410955953,6,101.0
465.0,35,0,11,286,321,0,67.0,1.9142857142857144,5.162686619131167,11,148.0,0.262368791477667,11,148.0
470.0,35,0,18,289,324,0,145.0,4.142857142857143,3.8307547341005415,18,226.0,0.21612075210749046,18,226.0
475.0,34,0,19,292,326,0,147.0,4.323529411764706,2.543937797715729,19,278.0,0.09576525833561103,19,278.0
480.0,35,0,16,293,328,0,111.0,3.1714285714285713,4.18598708452296,16,270.0,0.1404264268917972,16,270.0
485.0,35,0,8,294,329,0,62.0,1.7714285714285714,6.727024927097079,8,207.0,0.2542662631512372,8,207.0
490.0,37,0,1,299,336,0,1.0,0.02702702702702703,6.539155750326367,1,195.0,0.37727032864518334,1,195.0
495.0,36,0,7,303,339,0,23.0,0.6388888888888888,5.933541451268842,7,207.0,0.29617088707805206,7,207.0
500.0,35,0,13,308,343,0,79.0,2.257142857142857,4.269546330213353,13,263.0,0.22486106476257975,13,263.0
505.0,34,0,19,311,345,0,164.0,4.823529411764706,2.5124099827211417,19,348.0,0.11026531039558689,19,348.0
510.0,37,0,20,312,349,0,166.0,4.486486486486487,2.9343174095622,20,388.0,0.15639312332766556,20,388.0
515.0,40,0,15,313,353,0,107.0,2.675,3.9671696296287244,15,360.0,0.18736998653408407,15,360.0
520.0,45,0,13,314,359,0,87.0,1.9333333333333333,5.9508644133854585,13,275.0,0.2840688686560954,13,275.0
525.0,44,1,7,317,361,0,44.0,1.0,7.096472193401997,7,225.0,0.3612258052739757,7,225.0
530.0,41,4,6,322,363,0,52.0,1.2682926829268293,7.484683137849479,6,185.0,0.4100826051020949,6,185.0
535.0,41,3,4,326,367,0,12.0,0.2926829268292683,6.896421054452862,4,167.0,0.3880032496772793,4,167.0
540.0,39,2,7,331,370,0,25.0,0.6410256410256411,6.382830598324246,7,158.0,0.27570354469995334,7,158.0
545.0,38,1,13,337,375,0,79.0,2.0789473684210527,5.141485739980019,13,201.0,0.17748038321949336,13,201.0
550.0,39,1,13,340,379,0,77.0,1.9743589743589745,4.2617495449240685,13,223.0,0.15638462043633777,13,223.0
555.0,38,0,9,346,384,0,40.0,1.0526315789473684,4.845734216700748,9,191.0,0.19637037285407158,9,191.0
560.0,40,0,7,348,388,0,25.0,0.625,5.6191418877937425,7,125.0,0.19564076748743928,7,125.0
565.0,38,4,6,352,390,0,20.0,0.5263157894736842,6.962861328322821,6,110.0,0.3462127698956703,6,110.0
570.0,35,8,2,355,390,0,2.0,0.05714285714285714,7.6437265243377555,2,98.0,0.41639753392007317,2,98.0
575.0,35,6,7,361,396,0,23.0,0.6571428571428571,6.749884681603628,7,119.0,0.35333403521531764,7,119.0
580.0,34,4,12,366,400,0,70.0,2.0588235294117645,4.381475082377988,12,166.0,0.228739311854126,12,166.0
585.0,38,2,13,369,407,0,71.0,1.868421052631579,3.4238103741741157,13,197.0,0.20565608627463852,13,197.0
590.0,41,0,12,370,411,0,47.0,1.146341463414634,4.350398634798699,12,189.0,0.21839202146253897,12,189.0
595.0,44,0,10,370,414,0,45.0,1.0227272727272727,5.22787375762665,10,162.0,0.19856605799508298,10,162.0
600.0,43,1,5,374,417,0,11.0,0.2558139534883721,5.196277000461566,5,182.0,0.269217916334311,5,182.0
605.0,40,1,8,377,417,0,32.0,0.8,6.080787447042525,8,204.0,0.24032727381086735,8,204.0
610.0,39,0,15,382,421,0,94.0,2.41025641025641,4.571879141346197,15,266.0,0.15678790458551412,15,266.0
615.0,36,0,17,388,424,0,99.0,2.75,2.221453467950324,17,298.0,0.09601853112448826,17,298.0
620.0,35,0,12,390,425,0,65.0,1.8571428571428572,3.7178604849638566,12,233.0,0.11234991371840815,12,233.0
625.0,38,1,10,390,428,0,52.0,1.368421052631579,5.668717338271048,10,216.0,0.19582641448695617,10,216.0
630.0,37,0,6,394,431,0,28.0,0.7567567567567568,6.7489405642601765,6,178.0,0.3035376714755003,6,178.0
635.0,35,2,2,398,433,0,3.0,0.08571428571428572,7.362834605303125,2,149.0,0.4425509813167648,2,149.0
640.0,35,1,6,403,438,0,23.0,0.6571428571428571,6.4364452773365635,6,169.0,0.355970091353835,6,169.0
645.0,37,0,13,407,444,0,74.0,2.0,4.859426211293976,13,220.0,0.2589395793576619,13,220.0
650.0,37,0,19,410,447,0,158.0,4.27027027027027,3.370545571520451,19,304.0,0.14533125541092223,19,304.0
655.0,36,0,19,412,448,0,160.0,4.444444444444445,1.8957969306314584,19,346.0,0.06960801554549526,19,346.0
660.0,38,0,17,414,452,0,118.0,3.1052631578947367,3.793344490811478,17,332.0,0.16727020024127695,17,332.0
665.0,41,0,14,414,455,0,98.0,2.3902439024390243,5.5813489438454225,14,276.0,0.2031458387664163,14,276.0
670.0,40,1,8,418,458,0,60.0,1.5,6.942603749579746,8,252.0,0.34352442304095143,8,252.0
675.0,37,3,4,422,459,0,51.0,1.3783783783783783,8.547233729190328,4,192.0,0.46507550051270646,4,192.0
680.0,35,1,0,428,463,0,0.0,0.0,7.427468243819153,0,149.0,0.409228062865848,0,149.0
685.0,36,0,6,432,468,0,20.0,0.5555555555555556,6.990577712195001,6,148.0,0.338071381130131,6,148.0
690.0,35,0,13,438,473,0,71.0,2.0285714285714285,5.06861626227862,13,199.0,0.2392390098616546,13,199.0
695.0,35,0,13,441,476,0,74.0,2.1142857142857143,3.6823556532910047,13,223.0,0.17169777456737584,13,223.0
700.0,33,0,10,445,478,0,42.0,1.2727272727272727,3.425160353533295,10,191.0,0.12582418446384055,10,191.0
705.0,37,0,8,445,482,0,37.0,1.0,6.598111179540901,8,134.0,0.2749132915273742,8,134.0
710.0,42,0,3,448,490,0,4.0,0.09523809523809523,6.706194615332513,3,139.0,0.37667132676070353,3,139.0
715.0,38,2,6,454,492,0,24.0,0.631578947368421,5.609959370374864,6,160.0,0.27857750223296646,6,160.0
720.0,40,1,14,457,497,0,82.0,2.05,4.539730497334991,14,218.0,0.22701981228766854,14,218.0
725.0,43,0,19,460,503,0,164.0,3.813953488372093,3.3018905070560924,19,300.0,0.14467709830822714,19,300.0
730.0,42,0,20,463,505,0,167.0,3.9761904761904763,2.6541044074099367,20,344.0,0.11725275106922896,20,344.0
735.0,44,1,18,465,509,0,109.0,2.477272727272727,3.700632613885879,18,336.0,0.16131378156259873,18,336.0
740.0,44,2,17,465,509,0,95.0,2.159090909090909,5.5504616385759755,17,290.0,0.19314951171779107,17,290.0
745.0,40,7,9,470,510,0,65.0,1.625,6.301911192551854,9,249.0,0.2575661890591881,9,249.0
750.0,35,9,1,475,510,0,2.0,0.05714285714285714,6.882113468961442,1,230.0,0.3736558592605053,1,230.0
755.0,36,8,7,479,515,0,24.0,0.6666666666666666,6.377832721777337,7,234.0,0.28734926030160696,7,234.0
760.0,36,6,12,484,520,0,76.0,2.111111111111111,4.71650873446706,12,286.0,0.22467152149828581,12,286.0
765.0,37,1,13,489,526,0,72.0,1.945945945945946,2.705196197337263,13,302.0,0.15958604808437937,13,302.0
770.0,40,2,11,490,530,0,45.0,1.125,3.5416691794769855,11,263.0,0.14420159621373005,11,263.0
775.0,43,2,14,490,533,0,49.0,1.1395348837209303,5.250745702662301,14,220.0,0.1907300646897268,14,220.0
780.0,40,5,8,494,534,0,44.0,1.1,6.688739214725354,8,166.0,0.2856103865814785,8,166.0
785.0,36,6,1,499,535,0,1.0,0.027777777777777776,7.138487086357385,1,142.0,0.39994723873490706,1,142.0
790.0,36,5,6,504,540,0,23.0,0.6388888888888888,7.359871742844932,6,151.0,0.3922715720433978,6,151.0
795.0,38,3,13,508,546,0,74.0,1.9473684210526316,5.401855923944976,13,202.0,0.22773641780702744,13,202.0
800.0,39,1,14,512,551,0,76.0,1.9487179487179487,3.7470083808184986,14,221.0,0.18248812783122584,14,221.0
805.0,43,0,11,514,557,0,47.0,1.0930232558139534,4.12314241220924,11,192.0,0.1743577135102117,11,192.0
810.0,43,1,11,516,559,0,42.0,0.9767441860465116,5.2121847528015826,11,175.0,0.1979064645619959,11,175.0
815.0,40,3,7,520,560,0,42.0,1.05,6.625125663279175,7,147.0,0.30022881700844345,7,147.0
820.0,36,5,2,524,560,0,4.0,0.1111111111111111,6.370769171239257,2,141.0,0.33851141620104214,2,141.0
825.0,36,5,9,528,564,0,34.0,0.9444444444444444,5.694103347111264,9,160.0,0.24766100677847036,9,160.0
830.0,35,3,15,533,568,0,93.0,2.657142857142857,3.7089953074824984,15,219.0,0.15361652800766884,15,219.0
835.0,37,0,16,536,573,0,98.0,2.6486486486486487,2.624131727834255,16,249.0,0.1245621447184644,16,249.0
840.0,35,0,12,539,574,0,64.0,1.8285714285714285,3.6672043258722056,12,236.0,0.14116554851505178,12,236.0
845.0,37,0,8,539,576,0,41.0,1.1081081081081081,5.8261727376344234,8,200.0,0.22457657806116182,8,200.0
850.0,37,1,4,543,580,0,7.0,0.1891891891891892,7.316782126154096,4,146.0,0.33582101937361947,4,146.0
855.0,34,6,2,547,581,0,3.0,0.08823529411764706,7.656964933785312,2,150.0,0.4255686603551483,2,150.0
860.0,33,5,8,552,585,0,26.0,0.7878787878787878,5.9768041566789005,8,173.0,0.29109495106630423,8,173.0
865.0,35,4,13,556,591,0,79.0,2.257142857142857,4.218296186153299,13,226.0,0.21340735820324191,13,226.0
870.0,37,0,13,559,596,0,81.0,2.189189189189189,2.6729494212251996,13,248.0,0.15950351931767998,13,248.0
875.0,41,0,11,559,600,0,46.0,1.1219512195121952,3.4392290864903705,11,223.0,0.13407468203408068,11,223.0
880.0,43,1,11,560,603,0,46.0,1.069767441860465,5.085282906526144,11,178.0,0.1899855368492845,11,178.0
885.0,41,4,7,562,603,0,20.0,0.4878048780487805,5.548164013770474,7,204.0,0.24759121368740475,7,204.0
890.0,35,7,8,568,603,0,29.0,0.8285714285714286,5.2363267523449,8,230.0,0.2000870266208299,8,230.0
895.0,36,5,15,572,608,0,87.0,2.4166666666666665,3.7208288789284985,15,288.0,0.1525277410854395,15,288.0
900.0,37,3,14,575,612,0,90.0,2.4324324324324325,2.2733215445371977,14,309.0,0.10312202492748793,14,309.0
905.0,37,4,12,577,614,0,64.0,1.7297297297297298,3.0321731258079194,12,273.0,0.09832013950156696,12,273.0
910.0,39,6,11,577,616,0,47.0,1.205128205128205,5.082708423905659,11,224.0,0.1393278942778534,11,224.0
915.0,36,7,7,580,616,0,34.0,0.9444444444444444,6.645355750928158,7,195.0,0.2660207270602163,7,195.0
920.0,33,9,1,585,618,0,14.0,0.42424242424242425,9.463492094168286,1,141.0,0.5347933520898402,1,141.0
925.0,32,7,1,591,623,0,19.0,0.59375,10.380245644971719,1,82.0,0.6496275058455079,1,82.0
930.0,33,5,0,595,628,0,0.0,0.0,9.03550872499458,0,57.0,0.5257030669095036,0,57.0
935.0,30,5,5,601,631,0,13.0,0.43333333333333335,6.910598697175356,5,70.0,0.3352505243317166,5,70.0
940.0,31,3,12,607,638,0,56.0,1.8064516129032258,4.954041779715676,12,113.0,0.30770729060109714,12,113.0
945.0,34,2,13,609,643,0,60.0,1.7647058823529411,3.2771087818871547,13,143.0,0.2105329005317894,13,143.0
950.0,39,0,10,609,648,0,41.0,1.0512820512820513,3.801438821202751,10,133.0,0.1537171321869795,10,133.0
955.0,38,0,9,610,648,0,34.0,0.8947368421052632,5.234441401838484,9,114.0,0.13969745090249602,9,114.0
960.0,39,0,5,613,652,0,40.0,1.0256410256410255,6.968955150878558,5,122.0,0.3087227352572911,5,122.0
965.0,33,4,3,619,652,0,47.0,1.4242424242424243,8.688613460705858,3,102.0,0.4741024782862045,3,102.0
970.0,32,3,2,624,656,0,4.0,0.125,8.028855746827194,2,68.0,0.4491846793609086,2,68.0
975.0,31,1,8,630,661,0,30.0,0.967741935483871,6.133458056105614,8,79.0,0.30459914271017735,8,79.0
980.0,34,0,15,633,667,0,90.0,2.6470588235294117,4.665354332557165,15,139.0,0.2646231935346383,15,139.0
985.0,35,0,21,635,670,0,181.0,5.171428571428572,3.0972317346461264,21,230.0,0.12415811399875071,21,230.0
990.0,37,0,21,637,674,0,181.0,4.891891891891892,2.525260689308583,21,290.0,0.09668641521220461,21,290.0
995.0,39,0,19,639,678,0,137.0,3.5128205128205128,3.6269707649181817,19,300.0,0.14031538374257546,19,300.0
1000.0,43,1,15,639,682,0,100.0,2.3255813953488373,5.749206704593859,15,267.0,0.21487093944690183,15,267.0
1005.0,39,3,8,643,682,0,65.0,1.6666666666666667,7.0937530011130026,8,263.0,0.35045813375551954,8,263.0
1010.0,34,5,1,648,682,0,2.0,0.058823529411764705,7.147178893367988,1,226.0,0.3919828589330291,1,226.0
1015.0,33,4,6,653,686,0,23.0,0.696969696969697,6.383165682868194,6,247.0,0.27301530011958197,6,247.0
1020.0,36,2,11,657,693,0,71.0,1.9722222222222223,4.863366462963814,11,295.0,0.2409793108140699,11,295.0
1025.0,36,0,11,661,697,0,64.0,1.7777777777777777,3.2205610829704785,11,306.0,0.20350015042609612,11,306.0
1030.0,38,0,9,662,700,0,31.0,0.8157894736842105,3.5387229833981877,9,261.0,0.1356588977354388,9,261.0
1035.0,39,0,9,662,701,0,26.0,0.6666666666666666,5.584958367748888,9,175.0,0.16351873319420077,9,175.0
1040.0,38,2,6,666,704,0,34.0,0.8947368421052632,6.859561080533307,6,114.0,0.2740533413217844,6,114.0
1045.0,33,4,3,671,704,0,42.0,1.2727272727272727,8.872924478634326,3,96.0,0.5100837716975899,3,96.0
1050.0,33,3,0,677,710,0,0.0,0.0,8.661248424089472,0,58.0,0.5367917892432815,0,58.0
1055.0,32,1,5,682,714,0,17.0,0.53125,6.91571298071233,5,60.0,0.3588813396942052,5,60.0
1060.0,34,0,11,686,720,0,63.0,1.8529411764705883,5.110841812149692,11,106.0,0.22762441629712857,11,106.0
1065.0,34,0,10,690,724,0,58.0,1.7058823529411764,3.7089912976008783,10,138.0,0.207306555023096,10,138.0
1070.0,36,0,8,692,728,0,26.0,0.7222222222222222,4.26221960342262,8,129.0,0.1957749194972128,8,129.0
1075.0,37,0,8,692,729,0,20.0,0.5405405405405406,5.8140319633381745,8,94.0,0.22155449222196422,8,94.0
1080.0,34,0,2,696,730,0,14.0,0.4117647058823529,7.414373290863975,2,87.0,0.36243890238045434,2,87.0
1085.0,31,0,2,701,732,0,2.0,0.06451612903225806,7.310756460340844,2,69.0,0.4156957937602014,2,69.0
1090.0,30,0,8,704,734,0,27.0,0.9,6.384449038379941,8,94.0,0.29008277904920365,8,94.0
1095.0,28,0,14,710,738,0,80.0,2.857142857142857,3.730272525695582,14,147.0,0.19267912804406795,14,147.0
1100.0,29,0,13,713,742,0,82.0,2.8275862068965516,3.575456729293038,13,186.0,0.24879112649675802,13,186.0
1105.0,32,0,7,713,745,0,38.0,1.1875,5.310899484628255,7,153.0,0.24918030828080479,7,153.0
1110.0,34,0,3,713,747,0,9.0,0.2647058823529412,7.321252396314698,3,112.0,0.3224281593581639,3,112.0
1115.0,34,0,2,717,751,0,3.0,0.08823529411764706,6.575940064529328,2,112.0,0.348919115593866,2,112.0
1120.0,33,0,7,721,754,0,26.0,0.7878787878787878,6.4879292544811396,7,134.0,0.341589857618273,7,134.0
1125.0,30,0,13,725,755,0,79.0,2.6333333333333333,3.951664543501416,13,188.0,0.16272244810035302,13,188.0
1130.0,30,0,16,728,758,0,84.0,2.8,3.1133208082330954,16,214.0,0.16300515267002785,16,214.0
1135.0,33,0,9,730,763,0,51.0,1.5454545454545454,4.989779344634376,9,190.0,0.24602100541743102,9,190.0
1140.0,35,0,5,730,765,0,34.0,0.9714285714285714,6.226656162235989,5,128.0,0.21247999890673216,5,128.0
1145.0,35,0,3,734,769,0,45.0,1.2857142857142858,8.525456531697653,3,92.0,0.43701010860963974,3,92.0
1150.0,35,0,1,738,773,0,2.0,0.05714285714285714,8.264669993401915,1,56.0,0.4648279328991464,1,56.0
1155.0,30,0,6,744,774,0,22.0,0.7333333333333333,6.566785043667295,6,61.0,0.2720700949499953,6,61.0
1160.0,31,0,12,748,779,0,69.0,2.225806451612903,4.765801683334472,12,108.0,0.24250400676085898,12,108.0
1165.0,31,0,12,752,783,0,64.0,2.064516129032258,3.7765838551051853,12,133.0,0.2180013603409542,12,133.0
1170.0,34,0,8,753,787,0,30.0,0.8823529411764706,5.253609213019569,8,119.0,0.2647164127239741,8,119.0
1175.0,35,0,3,754,789,0,11.0,0.3142857142857143,7.023998068547554,3,97.0,0.36401836449109554,3,97.0
1180.0,34,0,2,756,790,0,14.0,0.4117647058823529,8.505330564872132,2,71.0,0.45976429698652793,2,71.0
1185.0,34,0,1,761,795,0,1.0,0.029411764705882353,8.957848905307651,1,48.0,0.5617937547394193,1,48.0
1190.0,29,0,7,767,796,0,23.0,0.7931034482758621,7.3335004275472135,7,68.0,0.3098959894356187,7,68.0
1195.0,28,0,12,772,800,0,73.0,2.607142857142857,5.536857314174379,12,118.0,0.20212793355876119,12,118.0
1200.0,27,0,11,776,803,0,66.0,2.4444444444444446,4.879360438320817,11,144.0,0.255640636871546,11,144.0
1205.0,27,0,3,780,807,0,11.0,0.4074074074074074,6.784392433748673,3,93.0,0.4151821356273252,3,93.0
1210.0,31,0,0,780,811,0,0.0,0.0,8.644282460213454,0,42.0,0.5278224659137213,0,42.0
1215.0,32,0,2,782,814,0,7.0,0.21875,9.90060693162467,2,15.0,0.6484562183451429,2,15.0
1220.0,29,0,1,788,817,0,1.0,0.034482758620689655,8.487230692003225,1,6.0,0.5255754620911745,1,6.0
1225.0,27,0,6,793,820,0,21.0,0.7777777777777778,7.396104480816811,6,26.0,0.325899639285152,6,26.0
1230.0,26,0,12,798,824,0,71.0,2.730769230769231,6.387636483226595,12,76.0,0.3071833386707485,12,76.0
1235.0,24,0,9,802,826,0,62.0,2.5833333333333335,4.409584128633426,9,106.0,0.24518395284986405,9,106.0
1240.0,27,0,5,803,830,0,12.0,0.4444444444444444,6.54604305611612,5,83.0,0.3266955775161808,5,83.0
1245.0,28,0,2,804,832,0,14.0,0.5,8.30174334781785,2,47.0,0.4019900468212946,2,47.0
1250.0,31,0,3,807,838,0,8.0,0.25806451612903225,8.024592910908408,3,41.0,0.48330799787345785,3,41.0
1255.0,31,0,7,811,842,0,36.0,1.1612903225806452,6.655706292349501,7,69.0,0.35324468532241166,7,69.0
1260.0,28,0,14,816,844,0,93.0,3.3214285714285716,4.199574686728279,14,126.0,0.20361142437080773,14,126.0
1265.0,29,0,20,819,848,0,181.0,6.241379310344827,3.724843042301706,20,214.0,0.2037940766137799,20,214.0
1270.0,34,0,15,819,853,0,157.0,4.617647058823529,4.522407931673013,15,249.0,0.25445432710405425,15,249.0
1275.0,32,0,11,822,854,0,86.0,2.6875,3.8913792512470304,11,224.0,0.14043170394036705,11,224.0
1280.0,34,0,8,822,856,0,38.0,1.1176470588235294,6.872606171631906,8,182.0,0.24830095904050573,8,182.0
1285.0,34,0,3,826,860,0,30.0,0.8823529411764706,9.423121689659483,3,131.0,0.5153938783359683,3,131.0
1290.0,35,0,1,831,866,0,1.0,0.02857142857142857,8.497122322441921,1,99.0,0.5124175550838873,1,99.0
1295.0,34,0,7,836,870,0,25.0,0.7352941176470589,7.0133807662540235,7,111.0,0.3585734686984808,7,111.0
1300.0,35,0,13,840,875,0,79.0,2.257142857142857,5.032190758167894,13,165.0,0.22929982673172405,13,165.0
1305.0,39,0,16,843,882,0,83.0,2.128205128205128,4.802753923481308,16,190.0,0.25599018495668546,16,190.0
1310.0,38,0,13,847,885,0,55.0,1.4473684210526316,5.145024752478848,13,178.0,0.26461577293006333,13,178.0
1315.0,40,0,10,847,887,0,53.0,1.325,5.456729913997686,10,142.0,0.19069023384673536,10,142.0
1320.0,38,0,6,850,888,0,40.0,1.0526315789473684,6.654673528224717,6,132.0,0.26336965011041163,6,132.0
1325.0,36,0,6,855,891,0,70.0,1.9444444444444444,8.417011051659971,6,135.0,0.4484160068544613,6,135.0
1330.0,33,0,3,860,893,0,6.0,0.18181818181818182,6.930428186721079,3,121.0,0.3790732745217731,3,121.0
1335.0,31,0,8,866,897,0,29.0,0.9354838709677419,6.489377936505038,8,98.0,0.31788972765215545,8,98.0
1340.0,30,0,14,869,899,0,86.0,2.8666666666666667,5.001023777892979,14,151.0,0.15850027512163878,14,151.0
1345.0,32,0,13,873,905,0,86.0,2.6875,4.901680968054365,13,186.0,0.2548921501835632,13,186.0
1350.0,33,0,7,876,909,0,37.0,1.121212121212121,6.514765352349102,7,158.0,0.3585868676157914,7,158.0
1355.0,34,0,2,877,911,0,10.0,0.29411764705882354,6.634973813503098,2,94.0,0.2586447637225105,2,94.0
1360.0,34,0,4,880,914,0,27.0,0.7941176470588235,9.004801315968425,4,69.0,0.5077884597056339,4,69.0
1365.0,32,0,2,885,917,0,2.0,0.0625,8.127084941607471,2,54.0,0.46380417971140864,2,54.0
1370.0,30,0,7,890,920,0,24.0,0.8,6.866888589734937,7,59.0,0.29954339235789823,7,59.0
1375.0,27,0,13,895,922,0,74.0,2.740740740740741,6.251185584723031,13,109.0,0.24661638146065648,13,109.0
1380.0,28,0,14,898,926,0,143.0,5.107142857142857,5.295452600484137,14,178.0,0.2288889485075731,14,178.0
1385.0,25,0,10,903,928,0,109.0,4.36,4.50391380689672,10,194.0,0.26415433172722536,10,194.0
1390.0,27,0,3,904,931,0,9.0,0.3333333333333333,6.910636496969523,3,140.0,0.36861463047933063,3,140.0
1395.0,28,0,3,905,933,0,16.0,0.5714285714285714,8.90907897768316,3,66.0,0.4086452596011787,3,66.0
1400.0,28,0,4,909,937,0,34.0,1.2142857142857142,10.515383089128969,4,37.0,0.5998321944131295,4,37.0
1405.0,25,0,1,915,940,0,2.0,0.08,8.670468904096634,1,21.0,0.483652326800086,1,21.0
1410.0,25,0,7,920,945,0,27.0,1.08,8.226626273384952,7,27.0,0.44520925341682055,7,27.0
1415.0,27,0,9,923,950,0,70.0,2.5925925925925926,7.309381503814156,9,70.0,0.4071001617874391,9,70.0
1420.0,29,0,7,927,956,0,42.0,1.4482758620689655,6.665101609077902,7,90.0,0.4506926129128139,7,90.0
1425.0,33,0,2,929,962,0,5.0,0.15151515151515152,7.410631641043294,2,62.0,0.4559321967198062,2,62.0
1430.0,33,0,4,931,964,0,18.0,0.5454545454545454,7.904230571526,4,30.0,0.40891275520276243,4,30.0
1435.0,35,0,7,933,968,0,44.0,1.2571428571428571,8.695025781621137,7,44.0,0.4633786772026505,7,44.0
1440.0,32,0,3,939,971,0,12.0,0.375,7.561508680319344,3,46.0,0.39468345253057047,3,46.0
1445.0,30,0,6,945,975,0,22.0,0.7333333333333333,6.842561029728481,6,34.0,0.33744930684789176,6,34.0
1450.0,30,0,12,948,978,0,72.0,2.4,5.6928525988768115,12,72.0,0.2132444821864264,12,72.0
1455.0,31,0,12,952,983,0,69.0,2.225806451612903,5.062786929223552,12,114.0,0.2736843435925434,12,114.0
1460.0,33,0,5,956,989,0,22.0,0.6666666666666666,6.6267715671139165,5,108.0,0.38372643494231284,5,108.0
1465.0,36,0,3,957,993,0,15.0,0.4166666666666667,7.432109320459759,3,70.0,0.3666933480344414,3,70.0
1470.0,35,0,5,960,995,0,34.0,0.9714285714285714,8.174712682238477,5,52.0,0.440508519643766,5,52.0
1475.0,35,0,5,965,1000,0,59.0,1.6857142857142857,9.118729895558072,5,59.0,0.5632058115390717,5,59.0
1480.0,33,0,0,970,1003,0,0.0,0.0,8.510012340742598,0,38.0,0.48786751685167384,0,38.0
1485.0,34,0,5,976,1010,0,17.0,0.5,7.8456768221191115,5,17.0,0.42811793789169206,5,17.0
1490.0,34,0,13,980,1014,0,66.0,1.9411764705882353,6.1021318557069755,13,66.0,0.2955074612008367,13,66.0
1495.0,32,0,13,985,1017,0,70.0,2.1875,3.92689540456975,13,112.0,0.19945225068795655,13,112.0
1500.0,34,0,9,988,1022,0,37.0,1.088235294117647,5.056511223837067,9,122.0,0.26761538695656895,9,122.0
1505.0,36,0,6,988,1024,0,31.0,0.8611111111111112,6.0893289542472235,6,114.0,0.24742596004679063,6,114.0
1510.0,38,0,5,991,1029,0,54.0,1.4210526315789473,8.125876932949346,5,102.0,0.4438148629454301,5,102.0
1515.0,35,0,2,997,1032,0,2.0,0.05714285714285714,7.441490338837672,2,76.0,0.43645082152946024,2,76.0
1520.0,37,0,5,1000,1037,0,17.0,0.4594594594594595,7.371111546657738,5,51.0,0.41351432896718615,5,51.0
1525.0,38,0,12,1005,1043,0,66.0,1.736842105263158,6.379474310642636,12,99.0,0.2914516007093156,12,99.0
1530.0,35,0,18,1010,1045,0,145.0,4.142857142857143,3.597273889870757,18,178.0,0.10709986137976098,18,178.0
1535.0,34,0,18,1014,1048,0,146.0,4.294117647058823,2.8153700379561544,18,228.0,0.11882425280377759,18,228.0
1540.0,32,0,14,1016,1048,0,95.0,2.96875,4.27832100037479,14,220.0,0.11689250755161644,14,220.0
1545.0,34,0,7,1017,1051,0,55.0,1.6176470588235294,6.9524542795340345,7,207.0,0.28600042973014633,7,207.0
1550.0,35,0,1,1021,1056,0,1.0,0.02857142857142857,6.432752845730477,1,185.0,0.32523383993867405,1,185.0
1555.0,32,0,7,1027,1059,0,24.0,0.75,5.0374523211843565,7,208.0,0.2863397759592795,7,208.0
1560.0,37,0,12,1029,1066,0,79.0,2.135135135135135,4.457246617969584,12,263.0,0.26895331579750836,12,263.0
1565.0,40,0,13,1031,1071,0,76.0,1.9,3.4784130015320613,13,279.0,0.22620295439891278,13,279.0
1570.0,43,0,12,1031,1074,0,43.0,1.0,3.7245983356750996,12,225.0,0.14334759071296793,12,225.0
1575.0,45,1,13,1032,1077,0,60.0,1.3333333333333333,4.568383625390705,13,208.0,0.15708568327395855,13,208.0
1580.0,42,3,12,1035,1077,0,76.0,1.8095238095238095,5.824088169551432,12,172.0,0.2098929818653902,12,172.0
1585.0,38,6,3,1040,1078,0,11.0,0.2894736842105263,6.315911460580274,3,175.0,0.3279108739080154,3,175.0
1590.0,37,5,7,1045,1082,0,26.0,0.7027027027027027,6.599064394017352,7,144.0,0.31720724249659954,7,144.0
1595.0,38,4,14,1049,1087,0,78.0,2.0526315789473686,4.8346591883680805,14,196.0,0.19594928451031646,14,196.0
1600.0,39,4,15,1054,1093,0,78.0,2.0,3.480150847114128,15,221.0,0.17970246928453285,15,221.0
1605.0,41,2,14,1057,1098,0,62.0,1.5121951219512195,3.8331437117388987,14,218.0,0.17904167931067436,14,218.0
1610.0,43,2,11,1057,1100,0,46.0,1.069767441860465,5.551654801203558,11,187.0,0.20962074099806124,11,187.0
1615.0,40,4,10,1061,1101,0,53.0,1.325,6.496954762363059,10,161.0,0.25392138235575124,10,161.0
1620.0,37,8,1,1066,1103,0,1.0,0.02702702702702703,7.032312064945557,1,151.0,0.38610969614701757,1,151.0
1625.0,37,6,7,1071,1108,0,23.0,0.6216216216216216,6.741774815546532,7,154.0,0.3493833295405625,7,154.0
1630.0,38,8,13,1075,1113,0,75.0,1.9736842105263157,5.251049964102815,13,208.0,0.2566028416306512,13,208.0
1635.0,41,5,13,1078,1119,0,76.0,1.853658536585366,4.308492095658136,13,232.0,0.21897240299985968,13,232.0
1640.0,44,1,13,1081,1125,0,48.0,1.0909090909090908,4.303595779061479,13,218.0,0.1972032183234378,13,218.0
1645.0,45,2,12,1083,1128,0,52.0,1.1555555555555554,5.499069815246105,12,183.0,0.22239632009165397,12,183.0
1650.0,45,5,10,1086,1131,0,66.0,1.4666666666666666,7.110152813700555,10,174.0,0.36207451996226664,10,174.0
1655.0,40,8,1,1092,1132,0,2.0,0.05,6.798483354716305,1,149.0,0.39090165218948475,1,149.0
1660.0,39,5,8,1097,1136,0,27.0,0.6923076923076923,6.54409143386488,8,147.0,0.3457745104343352,8,147.0
1665.0,41,3,13,1101,1142,0,79.0,1.9268292682926829,5.450758007902213,13,199.0,0.21754503011872,13,199.0
1670.0,42,2,13,1105,1147,0,76.0,1.8095238095238095,4.179135351341382,13,222.0,0.18023620380200217,13,222.0
1675.0,41,1,9,1110,1151,0,41.0,1.0,4.19223763283333,9,211.0,0.1668303802789318,9,211.0
1680.0,42,2,12,1112,1154,0,44.0,1.0476190476190477,4.920857724215092,12,191.0,0.1594691012823445,12,191.0
1685.0,40,5,9,1114,1154,0,44.0,1.1,6.753249142156011,9,178.0,0.28823032524678516,9,178.0
1690.0,34,6,1,1120,1154,0,1.0,0.029411764705882353,6.650934009110945,1,160.0,0.32590097400227475,1,160.0
1695.0,32,5,6,1126,1158,0,21.0,0.65625,5.99759039894493,6,172.0,0.2975546566796899,6,172.0
1700.0,34,2,12,1129,1163,0,69.0,2.0294117647058822,4.131590811597404,12,220.0,0.21086008721289848,12,220.0
1705.0,34,2,13,1133,1167,0,70.0,2.0588235294117645,2.1470248370889458,13,238.0,0.10838080470435542,13,238.0
1710.0,39,3,11,1133,1172,0,45.0,1.1538461538461537,3.8782084637101812,11,221.0,0.1543156794404118,11,221.0
1715.0,40,3,10,1134,1174,0,39.0,0.975,5.273181562500842,10,177.0,0.18270960760434757,10,177.0
1720.0,39,6,6,1136,1175,0,25.0,0.6410256410256411,7.150576930975023,6,142.0,0.30960539728814296,6,142.0
1725.0,34,7,2,1142,1176,0,2.0,0.058823529411764705,7.503720341856104,2,123.0,0.4196049778621976,2,123.0
1730.0,35,4,6,1147,1182,0,23.0,0.6571428571428571,6.316086199635006,6,144.0,0.35001899209507187,6,144.0
1735.0,36,3,15,1152,1188,0,79.0,2.1944444444444446,4.19914697156223,15,200.0,0.23546676582678483,15,200.0
1740.0,38,2,14,1154,1192,0,85.0,2.236842105263158,3.6735977976188305,14,228.0,0.23287911687904111,14,228.0
1745.0,42,0,14,1155,1197,0,54.0,1.2857142857142858,3.8779316532699704,14,214.0,0.16881854267621263,14,214.0
1750.0,43,0,10,1156,1199,0,46.0,1.069767441860465,5.149182922709895,10,177.0,0.1517663483886584,10,177.0
1755.0,42,3,8,1159,1201,0,22.0,0.5238095238095238,5.222091837775179,8,205.0,0.23460873666274304,8,205.0
1760.0,36,5,7,1165,1201,0,35.0,0.9722222222222222,5.154957231692475,7,220.0,0.21278822979791817,7,220.0
1765.0,37,4,14,1168,1205,0,92.0,2.4864864864864864,3.8339990688831533,14,277.0,0.12314796420410995,14,277.0
1770.0,39,3,14,1172,1211,0,86.0,2.2051282051282053,3.431808397254632,14,297.0,0.1684150535325572,14,297.0
1775.0,40,1,10,1175,1215,0,46.0,1.15,4.606483221143274,10,250.0,0.2193336912221178,10,250.0
1780.0,43,1,11,1175,1218,0,32.0,0.7441860465116279,5.94267248324111,11,194.0,0.23046850622951895,11,194.0
1785.0,42,5,7,1179,1221,0,25.0,0.5952380952380952,7.4183623069555855,7,154.0,0.3661533010429946,7,154.0
1790.0,40,7,1,1184,1224,0,1.0,0.025,7.8367954120692405,1,154.0,0.4728840790833605,1,154.0
1795.0,40,7,7,1189,1229,0,24.0,0.6,7.008102331242138,7,171.0,0.3858044814983386,7,171.0
1800.0,42,4,14,1193,1235,0,82.0,1.9523809523809523,5.7156865500745955,14,229.0,0.24691819130555248,14,229.0
1805.0,42,2,13,1198,1240,0,83.0,1.9761904761904763,4.098493965084715,13,252.0,0.18028739811494918,13,252.0
1810.0,43,2,12,1201,1244,0,45.0,1.0465116279069768,4.116220038041304,12,203.0,0.1263531219843369,12,203.0
1815.0,43,2,11,1204,1247,0,41.0,0.9534883720930233,5.4128616974321835,11,177.0,0.17965011176550175,11,177.0
1820.0,41,4,9,1208,1249,0,49.0,1.1951219512195121,6.908904222519031,9,158.0,0.3300965871772979,9,158.0
1825.0,36,6,0,1213,1249,0,0.0,0.0,7.367934899457351,0,135.0,0.416228187058751,0,135.0
1830.0,35,5,6,1218,1253,0,19.0,0.5428571428571428,6.386841287241022,6,141.0,0.3244269021161514,6,141.0
1835.0,36,4,12,1222,1258,0,68.0,1.8888888888888888,4.691344149914756,12,190.0,0.2090757190482486,12,190.0
1840.0,35,4,13,1226,1261,0,74.0,2.1142857142857143,3.0063899584218183,13,216.0,0.13835618848254236,13,216.0
1845.0,38,3,9,1228,1266,0,42.0,1.105263157894737,3.5650834680512635,9,186.0,0.10755801355104545,9,186.0
1850.0,40,6,11,1229,1269,0,38.0,0.95,5.501109620323574,11,167.0,0.19633909701791577,11,167.0
1855.0,36,8,5,1233,1269,0,23.0,0.6388888888888888,7.287002194365481,5,142.0,0.3480665312311963,5,142.0
1860.0,32,10,2,1238,1270,0,2.0,0.0625,7.780556428910274,2,124.0,0.4160194854925007,2,124.0
1865.0,31,9,8,1243,1274,0,30.0,0.967741935483871,5.512478400148747,8,152.0,0.28426008583699675,8,152.0
1870.0,31,4,14,1248,1279,0,86.0,2.774193548387097,2.688463148454973,14,208.0,0.1480285293108918,14,208.0
1875.0,36,3,15,1249,1285,0,89.0,2.4722222222222223,2.3750092173412307,15,238.0,0.1427648925940156,15,238.0
1880.0,41,6,11,1249,1290,0,54.0,1.3170731707317074,4.249045250080546,11,209.0,0.19363573210681262,11,209.0
1885.0,42,8,8,1250,1292,0,34.0,0.8095238095238095,5.523476534387332,8,176.0,0.24023443323455657,8,176.0
1890.0,39,9,6,1253,1292,0,17.0,0.4358974358974359,5.361344035889548,6,212.0,0.24902014464536304,6,212.0
1895.0,36,11,6,1258,1294,0,27.0,0.75,5.184946543072042,6,238.0,0.23623370799339813,6,238.0
1900.0,35,9,13,1262,1297,0,79.0,2.257142857142857,3.7318915116158475,13,290.0,0.17923154900416594,13,290.0
1905.0,37,5,15,1265,1302,0,79.0,2.135135135135135,1.6210519141308004,15,311.0,0.07919187028140832,15,311.0
1910.0,39,6,13,1266,1305,0,65.0,1.6666666666666667,3.1371263857296476,13,275.0,0.1183601079889833,13,275.0
1915.0,42,6,10,1266,1308,0,54.0,1.2857142857142858,5.274087450494204,10,221.0,0.18914129777793312,10,221.0
1920.0,41,10,5,1268,1309,0,12.0,0.2926829268292683,5.5552847623660515,5,232.0,0.24079558157763697,5,232.0
1925.0,36,14,6,1273,1309,0,24.0,0.6666666666666666,5.660936215649553,6,258.0,0.22485931943850604,6,258.0
1930.0,35,15,13,1278,1313,0,78.0,2.2285714285714286,4.210314103231929,13,313.0,0.17060880628668113,13,313.0
1935.0,38,12,14,1282,1320,0,81.0,2.1315789473684212,3.030325663149561,14,331.0,0.1881102785940916,14,331.0
1940.0,39,12,10,1283,1322,0,47.0,1.205128205128205,3.8425370191757224,10,286.0,0.17407564024018043,10,286.0
1945.0,41,14,11,1283,1324,0,43.0,1.048780487804878,5.249870983416067,11,210.0,0.17635284344890315,11,210.0
1950.0,39,17,8,1286,1325,0,28.0,0.717948717948718,6.730618986031372,8,188.0,0.3139404045799126,8,188.0
1955.0,34,18,3,1291,1325,0,25.0,0.7352941176470589,8.6201976905803,3,136.0,0.49831912920653176,3,136.0
1960.0,33,15,2,1297,1330,0,3.0,0.09090909090909091,7.369171187180804,2,123.0,0.46053765443127437,2,123.0
1965.0,35,13,8,1301,1336,0,27.0,0.7714285714285715,6.4633793217091595,8,138.0,0.3252448228891821,8,138.0
1970.0,37,9,14,1305,1342,0,82.0,2.2162162162162162,4.038843608106464,14,195.0,0.17754891999512318,14,195.0
1975.0,37,10,14,1309,1346,0,85.0,2.2972972972972974,2.221514988146313,14,223.0,0.11420436661804521,14,223.0
1980.0,38,12,11,1310,1348,0,51.0,1.3421052631578947,3.1090004787719896,11,188.0,0.09040466888323168,11,188.0
1985.0,42,13,12,1310,1352,0,52.0,1.2380952380952381,5.394689594948209,12,167.0,0.20043657637359497,12,167.0
1990.0,38,14,7,1314,1352,0,45.0,1.1842105263157894,7.001101137956513,7,153.0,0.3416080103146524,7,153.0
1995.0,35,17,3,1318,1353,0,5.0,0.14285714285714285,7.319651755273253,3,134.0,0.4195863159266471,3,134.0
2000.0,35,15,8,1323,1358,0,33.0,0.9428571428571428,6.555269143526223,8,162.0,0.3203519845227471,8,162.0
2005.0,35,13,13,1328,1363,0,91.0,2.6,4.482359625369379,13,220.0,0.2278756174679436,13,220.0
2010.0,34,13,15,1332,1366,0,90.0,2.6470588235294117,2.2582499158623657,15,254.0,0.1398410219506357,15,254.0
2015.0,41,12,11,1332,1373,0,58.0,1.4146341463414633,3.8596177033099135,11,245.0,0.17629841225988807,11,245.0
2020.0,43,12,12,1332,1375,0,54.0,1.255813953488372,5.392459355146399,12,196.0,0.19781127327440626,12,196.0
2025.0,42,15,7,1336,1378,0,50.0,1.1904761904761905,7.218142583174865,7,166.0,0.3588737885241674,7,166.0
2030.0,38,18,1,1341,1379,0,2.0,0.05263157894736842,7.553291725970047,1,136.0,0.44908996892313735,1,136.0
2035.0,38,16,6,1345,1383,0,26.0,0.6842105263157895,6.399909794616443,6,144.0,0.30034836446026414,6,144.0
2040.0,39,13,13,1350,1389,0,78.0,2.0,4.862680475314417,13,196.0,0.2086793484508585,13,196.0
2045.0,38,12,13,1354,1392,0,77.0,2.026315789473684,3.6986907876736357,13,217.0,0.17362282487891684,13,217.0
2050.0,40,10,12,1358,1398,0,48.0,1.2,3.9928395464559285,12,201.0,0.17399060443366282,12,201.0
2055.0,44,8,12,1358,1402,0,39.0,0.8863636363636364,5.549975370278696,12,165.0,0.20798276458090592,12,165.0
2060.0,40,11,9,1362,1402,0,46.0,1.15,6.507577980847998,9,141.0,0.2498562652738453,9,141.0
2065.0,35,14,1,1367,1402,0,1.0,0.02857142857142857,6.901842935611634,1,133.0,0.3422610317959476,1,133.0
2070.0,36,12,7,1372,1408,0,22.0,0.6111111111111112,6.482409396344018,7,137.0,0.33390382940498,7,137.0
2075.0,36,12,14,1376,1412,0,76.0,2.111111111111111,4.547170936126427,14,191.0,0.2134979255384934,14,191.0
2080.0,36,12,15,1380,1416,0,81.0,2.25,2.4140915159327374,15,217.0,0.11329791022665509,15,217.0
2085.0,38,10,12,1382,1420,0,59.0,1.5526315789473684,3.0318520578361907,12,219.0,0.10155096592042637,12,219.0
2090.0,42,10,11,1382,1424,0,47.0,1.119047619047619,5.465257753002738,11,183.0,0.19903329344726464,11,183.0
2095.0,41,11,7,1385,1426,0,46.0,1.1219512195121952,7.741334199811228,7,158.0,0.38199704450509553,7,158.0
2100.0,37,13,2,1391,1428,0,2.0,0.05405405405405406,7.690037980118552,2,125.0,0.4516208042883971,2,125.0
2105.0,36,13,8,1396,1432,0,27.0,0.75,7.00311160553343,8,151.0,0.36345694075476814,8,151.0
2110.0,39,9,13,1400,1439,0,80.0,2.051282051282051,5.315632009296413,13,205.0,0.23831229231323256,13,205.0
2115.0,41,8,13,1404,1445,0,77.0,1.8780487804878048,4.58240129448834,13,225.0,0.2392102223522793,13,225.0
2120.0,42,6,10,1408,1450,0,38.0,0.9047619047619048,4.156552453309472,10,204.0,0.19329339414110402,10,204.0
2125.0,47,8,13,1408,1455,0,49.0,1.0425531914893618,5.73503323628878,13,172.0,0.22708259199042258,13,172.0
2130.0,43,10,7,1412,1455,0,23.0,0.5348837209302325,5.187974035594719,7,209.0,0.24365176344097422,7,209.0
2135.0,40,11,7,1417,1457,0,27.0,0.675,5.635353287448325,7,223.0,0.26636679991467344,7,223.0
2140.0,43,8,13,1420,1463,0,80.0,1.8604651162790697,5.607025815057063,13,276.0,0.23659397378215677,13,276.0
2145.0,43,7,16,1425,1468,0,82.0,1.9069767441860466,3.6358692966852644,16,301.0,0.1683243696166295,16,301.0
2150.0,43,8,13,1429,1472,0,61.0,1.4186046511627908,3.539530867525472,13,278.0,0.15547757904591686,13,278.0
2155.0,46,10,13,1429,1475,0,59.0,1.2826086956521738,5.254562554918614,13,230.0,0.20736309574535558,13,230.0
2160.0,44,12,8,1433,1477,0,19.0,0.4318181818181818,5.186564353915514,8,257.0,0.2678146277472597,8,257.0
2165.0,41,13,7,1437,1478,0,28.0,0.6829268292682927,5.883760580656477,7,268.0,0.28877409429254974,7,268.0
2170.0,41,10,13,1441,1482,0,83.0,2.024390243902439,4.941775475907831,13,323.0,0.16435996628838354,13,323.0
2175.0,41,7,14,1445,1486,0,80.0,1.951219512195122,3.117680417222768,14,340.0,0.09281959822347907,14,340.0
2180.0,41,6,12,1448,1489,0,49.0,1.1951219512195121,3.7605300703265194,12,300.0,0.12256758850901311,12,300.0
2185.0,41,7,12,1451,1492,0,46.0,1.1219512195121952,5.370809314926035,12,219.0,0.1918765191662974,12,219.0
2190.0,39,9,8,1455,1494,0,28.0,0.717948717948718,5.651008357023189,8,252.0,0.265732460989439,8,252.0
2195.0,35,12,8,1459,1494,0,29.0,0.8285714285714286,5.129886543899541,8,285.0,0.24079720532336157,8,285.0
2200.0,35,12,13,1464,1499,0,83.0,2.3714285714285714,3.4142504362189463,13,339.0,0.15722873856328934,13,339.0
2205.0,39,10,14,1465,1504,0,81.0,2.076923076923077,3.339005863915755,14,347.0,0.16308401127810335,14,347.0
2210.0,42,11,12,1467,1509,0,58.0,1.380952380952381,4.769387890978844,12,308.0,0.22543106388515496,12,308.0
2215.0,44,10,10,1468,1512,0,38.0,0.8636363636363636,5.6838636018276185,10,229.0,0.2177045773489107,10,229.0
2220.0,43,13,10,1472,1515,0,47.0,1.0930232558139534,7.454044018377555,10,195.0,0.3801355951656898,10,195.0
2225.0,39,14,2,1477,1516,0,3.0,0.07692307692307693,7.267875801177145,2,197.0,0.4146218587943863,2,197.0
2230.0,39,14,7,1482,1521,0,27.0,0.6923076923076923,6.579007452541559,7,210.0,0.32329260260082654,7,210.0
2235.0,41,11,13,1486,1527,0,80.0,1.951219512195122,5.397812185642889,13,263.0,0.22142744941297318,13,263.0
2240.0,43,10,13,1490,1533,0,79.0,1.8372093023255813,4.233833593854472,13,281.0,0.20305168831686576,13,281.0
2245.0,43,11,11,1494,1537,0,46.0,1.069767441860465,4.004814522555544,11,241.0,0.16106488267145794,11,241.0
2250.0,45,11,12,1496,1541,0,46.0,1.0222222222222221,5.365283239298878,12,198.0,0.22446216367322094,12,198.0
2255.0,44,13,9,1499,1543,0,48.0,1.0909090909090908,6.536328910869551,9,161.0,0.29169319699309043,9,161.0
2260.0,40,17,2,1503,1543,0,3.0,0.075,6.346175626432457,2,158.0,0.31699472723139976,2,158.0
2265.0,39,16,7,1509,1548,0,23.0,0.5897435897435898,6.26272932730591,7,158.0,0.28320436885217287,7,158.0
2270.0,39,15,12,1513,1552,0,73.0,1.8717948717948718,4.891101279793018,12,209.0,0.166890584327295,12,209.0
2275.0,40,12,12,1517,1557,0,71.0,1.775,3.6216398981224573,12,226.0,0.14729809344853143,12,226.0
2280.0,40,12,11,1522,1562,0,39.0,0.975,4.024636235406976,11,205.0,0.17976834413287926,11,205.0
2285.0,43,11,9,1522,1565,0,37.0,0.8604651162790697,5.74894349414073,9,162.0,0.22021936621754973,9,162.0
2290.0,41,16,6,1526,1567,0,28.0,0.6829268292682927,7.380034356070194,6,138.0,0.35869370455137023,6,138.0
2295.0,36,17,1,1531,1567,0,1.0,0.027777777777777776,7.435453753842108,1,116.0,0.43353645866830104,1,116.0
2300.0,36,17,5,1537,1573,0,18.0,0.5,6.376767501354565,5,129.0,0.335372155473686,5,129.0
2305.0,38,13,13,1539,1577,0,65.0,1.7105263157894737,4.893081111803274,13,176.0,0.20340161335597115,13,176.0
2310.0,38,9,14,1544,1582,0,72.0,1.894736842105263,2.814867028166241,14,202.0,0.10806780615287247,14,202.0
2315.0,39,10,11,1546,1585,0,51.0,1.3076923076923077,3.4684672925532047,11,198.0,0.09661567843850326,11,198.0
2320.0,41,12,10,1548,1589,0,44.0,1.0731707317073171,5.412811832672179,10,178.0,0.2082047876422849,10,178.0
2325.0,39,16,7,1551,1590,0,25.0,0.6410256410256411,5.744397931532378,7,192.0,0.28039154455304105,7,192.0
2330.0,36,20,7,1556,1592,0,22.0,0.6111111111111112,5.667091612977424,7,219.0,0.2988568846019132,7,219.0
2335.0,37,20,13,1560,1597,0,74.0,2.0,4.063197819466805,13,271.0,0.2121928297517442,13,271.0
2340.0,39,18,13,1562,1601,0,76.0,1.9487179487179487,2.6670921128914,13,291.0,0.13432452254690763,13,291.0
2345.0,40,20,12,1564,1604,0,46.0,1.15,3.328698613465646,12,264.0,0.13456468139614342,12,264.0
2350.0,43,23,11,1564,1607,0,49.0,1.1395348837209303,5.234059662701434,11,216.0,0.18833840640687524,11,216.0
2355.0,40,26,9,1568,1608,0,49.0,1.225,6.701854743060528,9,195.0,0.3130065956539057,9,195.0
2360.0,36,27,2,1572,1608,0,2.0,0.05555555555555555,7.05374249967696,2,171.0,0.38776713444025557,2,171.0
2365.0,36,26,8,1577,1613,0,26.0,0.7222222222222222,6.361105481170336,8,181.0,0.3127392771233826,8,181.0
2370.0,37,23,12,1582,1619,0,78.0,2.108108108108108,4.291053592082949,12,233.0,0.1959088098149958,12,233.0
2375.0,37,21,13,1586,1623,0,72.0,1.945945945945946,2.69591756402099,13,249.0,0.14075373522194304,13,249.0
2380.0,40,21,13,1587,1627,0,46.0,1.15,3.4905066840099606,13,213.0,0.1203545346910433,13,213.0
2385.0,42,21,10,1588,1630,0,44.0,1.0476190476190477,5.434568715070566,10,164.0,0.1762095340584473,10,164.0
2390.0,37,23,5,1593,1630,0,15.0,0.40540540540540543,5.119610531386773,5,185.0,0.2446804232164565,5,185.0
2395.0,35,24,6,1597,1632,0,19.0,0.5428571428571428,5.130527921478996,6,208.0,0.2506284821001257,6,208.0
2400.0,37,23,14,1600,1637,0,73.0,1.972972972972973,4.118636909437613,14,262.0,0.23315007897966958,14,262.0
2405.0,40,21,14,1604,1644,0,78.0,1.95,3.3733994932848446,14,284.0,0.23913779551705228,14,284.0
2410.0,44,22,12,1604,1648,0,49.0,1.1136363636363635,3.912147529587651,12,258.0,0.1914942832029046,12,258.0
2415.0,47,23,14,1604,1651,0,61.0,1.297872340425532,5.144247724264957,14,226.0,0.18886957844791052,14,226.0
2420.0,44,24,8,1608,1652,0,29.0,0.6590909090909091,4.646270791655162,8,270.0,0.2154548613499015,8,270.0
2425.0,41,27,8,1611,1652,0,29.0,0.7073170731707317,5.502273983283791,8,280.0,0.2625968893860308,8,280.0
2430.0,43,25,14,1616,1659,0,85.0,1.9767441860465116,4.7240379897837546,14,336.0,0.22623102744800136,14,336.0
2435.0,44,26,14,1619,1663,0,84.0,1.9090909090909092,4.069262882399005,14,353.0,0.18160139121833802,14,353.0
2440.0,43,27,11,1624,1667,0,43.0,1.0,4.253728363227992,11,308.0,0.18227636006715783,11,308.0
2445.0,44,27,14,1626,1670,0,52.0,1.1818181818181819,5.257070320899278,14,237.0,0.19292849423497166,14,237.0
2450.0,41,30,11,1630,1671,0,57.0,1.3902439024390243,6.457547028949059,11,231.0,0.3130913364794823,11,231.0
2455.0,38,32,2,1634,1672,0,2.0,0.05263157894736842,6.8181256489449495,2,205.0,0.37716174547611087,2,205.0
2460.0,37,30,7,1639,1676,0,23.0,0.6216216216216216,6.448012384449407,7,205.0,0.3247480410781918,7,205.0
2465.0,37,29,12,1644,1681,0,72.0,1.945945945945946,4.739923954030761,12,255.0,0.19457001433207854,12,255.0
2470.0,41,24,13,1647,1688,0,72.0,1.7560975609756098,3.494385032471639,13,270.0,0.15595071757618112,13,270.0
2475.0,41,24,11,1652,1693,0,42.0,1.024390243902439,4.100478758902754,11,232.0,0.20250508909163883,11,232.0
2480.0,44,24,11,1652,1696,0,38.0,0.8636363636363636,5.99419264340061,11,176.0,0.2696608731480329,11,176.0
2485.0,44,26,6,1655,1699,0,24.0,0.5454545454545454,6.9931827249158935,6,143.0,0.35074710418091076,6,143.0
2490.0,41,28,6,1660,1701,0,40.0,0.975609756097561,8.370253871949076,6,117.0,0.4885006401407974,6,117.0
2495.0,39,28,4,1666,1705,0,10.0,0.2564102564102564,7.0094059162765365,4,107.0,0.4066972076255153,4,107.0
2500.0,38,26,7,1672,1710,0,28.0,0.7368421052631579,6.174106084180426,7,105.0,0.32527981461240596,7,105.0
2505.0,40,24,13,1675,1715,0,81.0,2.025,5.01737846434968,13,150.0,0.1730884889078892,13,150.0
2510.0,39,25,18,1680,1719,0,162.0,4.153846153846154,3.5141139773810504,18,231.0,0.1483498795783628,18,231.0
2515.0,41,23,20,1684,1725,0,160.0,3.902439024390244,2.278198495637716,20,286.0,0.12060792625360785,20,286.0
2520.0,44,22,17,1686,1730,0,111.0,2.522727272727273,3.6823752955430233,17,291.0,0.18483286047223027,17,291.0
2525.0,45,24,16,1686,1731,0,103.0,2.2888888888888888,4.979182078081071,16,261.0,0.19874100890974383,16,261.0
2530.0,43,26,10,1688,1731,0,74.0,1.7209302325581395,6.215848397640634,10,248.0,0.26370627611070546,10,248.0
2535.0,39,29,6,1694,1733,0,62.0,1.5897435897435896,7.979756010322785,6,223.0,0.4598140451593653,6,223.0
2540.0,38,28,1,1699,1737,0,2.0,0.05263157894736842,7.560903353339451,1,193.0,0.458905193671685,1,193.0
2545.0,39,25,6,1704,1743,0,21.0,0.5384615384615384,6.868536847459599,6,174.0,0.3594806901992583,6,174.0
2550.0,38,24,12,1709,1747,0,71.0,1.868421052631579,5.385515404366049,12,222.0,0.20474949717114035,12,222.0
2555.0,37,22,11,1713,1750,0,69.0,1.864864864864865,3.8359218759899587,11,242.0,0.14976419608635927,11,242.0
2560.0,38,20,9,1717,1755,0,35.0,0.9210526315789473,3.710563943408511,9,207.0,0.12029487667737868,9,207.0
2565.0,38,19,8,1719,1757,0,26.0,0.6842105263157895,4.905779328895331,8,132.0,0.13525753053776726,8,132.0
2570.0,40,19,6,1721,1761,0,14.0,0.35,5.856399520305738,6,157.0,0.2903891132377107,6,157.0
2575.0,35,22,8,1726,1761,0,28.0,0.8,5.154438528257032,8,190.0,0.281271179509111,8,190.0
2580.0,36,21,13,1731,1767,0,82.0,2.2777777777777777,3.8599056478821487,13,244.0,0.2237824028604362,13,244.0
2585.0,41,19,20,1732,1773,0,167.0,4.073170731707317,2.908023810345009,20,329.0,0.14874760656285246,20,329.0
2590.0,42,21,19,1734,1776,0,166.0,3.9523809523809526,2.287728546159845,19,364.0,0.11454297788705783,19,364.0
2595.0,43,21,19,1735,1778,0,114.0,2.6511627906976742,3.0375479574169253,19,353.0,0.10075839823967976,19,353.0
2600.0,42,24,17,1736,1778,0,110.0,2.619047619047619,4.893599530351068,17,320.0,0.1581052005348231,17,320.0
2605.0,38,28,9,1740,1778,0,85.0,2.236842105263158,5.962206188757527,9,308.0,0.262744206624307,9,308.0
2610.0,34,30,4,1744,1778,0,54.0,1.588235294117647,7.842979849712258,4,236.0,0.42536164660317877,4,236.0
2615.0,35,29,3,1748,1783,0,6.0,0.17142857142857143,7.186140836895431,3,214.0,0.43099655964135186,3,214.0
2620.0,34,27,6,1754,1788,0,30.0,0.8823529411764706,5.947385956401924,6,212.0,0.3149095673054445,6,212.0
2625.0,36,25,14,1758,1794,0,88.0,2.4444444444444446,4.294685224281832,14,270.0,0.24239993259946177,14,270.0
2630.0,38,21,15,1761,1799,0,87.0,2.289473684210526,2.9576628995061314,15,286.0,0.190005924190826,15,286.0
2635.0,41,19,13,1762,1803,0,56.0,1.3658536585365855,3.184335904344874,13,253.0,0.13221252825634505,13,253.0
2640.0,45,21,15,1762,1807,0,62.0,1.3777777777777778,5.2281957143112505,15,199.0,0.1910587225297436,15,199.0
2645.0,43,25,9,1765,1808,0,62.0,1.441860465116279,6.836104898899231,9,172.0,0.318856174593595,9,172.0
2650.0,40,28,1,1770,1810,0,1.0,0.025,6.878465739811665,1,153.0,0.39768427334457396,1,153.0
2655.0,38,25,7,1776,1814,0,23.0,0.6052631578947368,6.378028823848491,7,140.0,0.34580880808700654,7,140.0
2660.0,39,24,12,1779,1818,0,72.0,1.8461538461538463,4.513302971010118,12,189.0,0.15882294345506615,12,189.0
2665.0,39,23,13,1783,1822,0,73.0,1.8717948717948718,3.4182634011640554,13,220.0,0.1062966866230286,13,220.0
2670.0,40,20,10,1787,1827,0,41.0,1.025,4.3906741557185835,10,200.0,0.16452161950881267,10,200.0
2675.0,40,18,8,1790,1830,0,23.0,0.575,5.8632955048316635,8,149.0,0.20337448693556828,8,149.0
2680.0,37,20,5,1794,1831,0,17.0,0.4594594594594595,7.8941307867432515,5,117.0,0.38652643706667833,5,117.0
2685.0,33,23,1,1799,1832,0,2.0,0.06060606060606061,9.576411537993513,1,77.0,0.5822321627940241,1,77.0
2690.0,33,22,2,1804,1837,0,4.0,0.12121212121212122,8.10894004689216,2,73.0,0.4782631096994507,2,73.0
2695.0,33,19,8,1809,1842,0,28.0,0.8484848484848485,6.234315854926175,8,97.0,0.30435213361457264,8,97.0
2700.0,36,16,14,1813,1849,0,85.0,2.361111111111111,4.63255329457377,14,154.0,0.23983894160939562,14,154.0
2705.0,37,13,15,1817,1854,0,88.0,2.3783783783783785,2.9560363149360485,15,190.0,0.1789184514435902,15,190.0
2710.0,41,11,11,1817,1858,0,55.0,1.3414634146341464,4.163294194574454,11,193.0,0.1988344545677699,11,193.0
2715.0,43,12,12,1818,1861,0,50.0,1.1627906976744187,5.264417391921322,12,162.0,0.20266992290193167,12,162.0
2720.0,43,12,6,1821,1864,0,19.0,0.4418604651162791,5.677040285165756,6,188.0,0.2705028987609783,6,188.0
2725.0,40,15,8,1826,1866,0,28.0,0.7,6.108189374002487,8,212.0,0.28618243712891595,8,212.0
2730.0,42,15,12,1830,1872,0,83.0,1.9761904761904763,4.964704128515142,12,267.0,0.21042484719533208,12,267.0
2735.0,45,13,13,1832,1877,0,84.0,1.8666666666666667,4.170610266324579,13,291.0,0.17007305986699656,13,291.0
2740.0,43,13,12,1837,1880,0,52.0,1.2093023255813953,4.329744850177422,12,268.0,0.1707840992451826,12,268.0
2745.0,44,13,15,1839,1883,0,58.0,1.3181818181818181,5.13456468420589,15,227.0,0.18530454361678914,15,227.0
2750.0,40,14,9,1843,1883,0,62.0,1.55,6.64874906977487,9,216.0,0.2959579378060305,9,216.0
2755.0,36,19,2,1847,1883,0,2.0,0.05555555555555555,7.347040346578044,2,196.0,0.38026246168020367,2,196.0
2760.0,36,18,8,1853,1889,0,29.0,0.8055555555555556,6.633302122577889,8,203.0,0.3100814683540359,8,203.0
2765.0,35,16,14,1858,1893,0,87.0,2.4857142857142858,4.041016951042224,14,261.0,0.19191068672450667,14,261.0
2770.0,37,15,14,1861,1898,0,90.0,2.4324324324324325,2.8819182098153138,14,288.0,0.16379448084699777,14,288.0
2775.0,40,13,12,1863,1903,0,56.0,1.4,3.5833462787105406,12,259.0,0.15018174329534215,12,259.0
2780.0,43,11,13,1863,1906,0,57.0,1.3255813953488371,5.146274029681368,13,212.0,0.1641889864362348,13,212.0
2785.0,41,11,8,1866,1907,0,31.0,0.7560975609756098,5.4742525149475325,8,245.0,0.25202875468052727,8,245.0
2790.0,36,12,6,1872,1908,0,22.0,0.6111111111111112,5.6638339719654445,6,267.0,0.2910988373278895,6,267.0
2795.0,37,11,13,1875,1912,0,72.0,1.945945945945946,4.227917471137081,13,317.0,0.17361501546379224,13,317.0
2800.0,40,6,13,1879,1919,0,76.0,1.9,3.1071362094397212,13,332.0,0.17770529916431133,13,332.0
2805.0,42,8,11,1881,1923,0,49.0,1.1666666666666667,3.9378682955970086,11,289.0,0.1933612317917116,11,289.0
2810.0,44,6,12,1881,1925,0,47.0,1.0681818181818181,5.086316063530389,12,233.0,0.17423099505785886,12,233.0
2815.0,41,7,10,1884,1925,0,55.0,1.3414634146341464,6.062281694796352,10,226.0,0.23708867761881738,10,226.0
2820.0,39,10,1,1889,1928,0,3.0,0.07692307692307693,6.757784559437932,1,207.0,0.38715404873067655,1,207.0
2825.0,40,6,7,1894,1934,0,29.0,0.725,6.291065965427257,7,208.0,0.3603592191481088,7,208.0
2830.0,39,6,14,1898,1937,0,82.0,2.1025641025641026,4.760159201433136,14,261.0,0.23522269539414054,14,261.0
2835.0,42,2,15,1902,1944,0,86.0,2.0476190476190474,3.305388876700289,15,282.0,0.16524269241692027,15,282.0
2840.0,44,2,13,1904,1948,0,67.0,1.5227272727272727,3.9637920107879467,13,256.0,0.1604781407178109,13,256.0
2845.0,46,2,12,1906,1952,0,64.0,1.391304347826087,5.459836925776741,12,210.0,0.21425694384095237,12,210.0
2850.0,42,5,7,1910,1952,0,21.0,0.5,4.981344451964107,7,239.0,0.22463993869744156,7,239.0
2855.0,36,8,7,1916,1952,0,23.0,0.6388888888888888,5.093885053583873,7,248.0,0.2251230612314857,7,248.0
2860.0,40,6,13,1918,1958,0,77.0,1.925,4.503227275129703,13,302.0,0.19033104031950715,13,302.0
2865.0,40,7,13,1922,1962,0,77.0,1.925,3.339750952703793,13,318.0,0.16661115845197913,13,318.0
2870.0,41,8,12,1926,1967,0,56.0,1.3658536585365855,3.8728779018715316,12,282.0,0.20897348367906743,12,282.0
2875.0,45,8,11,1926,1971,0,40.0,0.8888888888888888,5.48882232470802,11,216.0,0.23885319967149382,11,216.0
2880.0,45,10,9,1929,1974,0,34.0,0.7555555555555555,6.647319956123666,9,204.0,0.37131248633986613,9,204.0
2885.0,44,11,6,1933,1977,0,41.0,0.9318181818181818,7.958946831927165,6,165.0,0.49475943878544115,6,165.0
2890.0,43,9,8,1939,1982,0,77.0,1.7906976744186047,7.61232389345693,8,141.0,0.47949880735410305,8,141.0
2895.0,46,7,7,1943,1989,0,28.0,0.6086956521739131,6.199292275147167,7,130.0,0.3690956105683575,7,130.0
2900.0,47,6,6,1948,1995,0,24.0,0.5106382978723404,6.086103680914482,6,110.0,0.3323606373424373,6,110.0
2905.0,48,3,12,1952,2000,0,74.0,1.5416666666666667,5.770653557420779,12,131.0,0.2625708102580447,12,131.0
2910.0,46,2,14,1958,2004,0,73.0,1.5869565217391304,3.5583771886881657,14,162.0,0.13791235545636696,14,162.0
2915.0,48,0,14,1962,2010,0,55.0,1.1458333333333333,4.064340591729852,14,150.0,0.15452975366135596,14,150.0
2920.0,49,1,15,1965,2014,0,82.0,1.6734693877551021,5.035372506432929,15,165.0,0.21533088009304524,15,165.0
2925.0,47,2,6,1969,2016,0,26.0,0.5531914893617021,4.748425021280986,6,188.0,0.2329165890374766,6,188.0
2930.0,48,6,6,1971,2019,0,21.0,0.4375,5.829903457292455,6,167.0,0.30042052195083974,6,167.0
2935.0,46,5,12,1977,2023,0,72.0,1.565217391304348,5.731668914927995,12,195.0,0.24436398116562263,12,195.0
2940.0,48,3,14,1981,2029,0,76.0,1.5833333333333333,3.9548487469980427,14,228.0,0.1508368828590945,14,228.0
2945.0,44,3,14,1987,2031,0,60.0,1.3636363636363635,3.3960874124390474,14,228.0,0.11501890152877253,14,228.0
2950.0,46,2,14,1989,2035,0,74.0,1.608695652173913,4.949580531988485,14,212.0,0.19762397289938166,14,212.0
2955.0,45,4,11,1993,2038,0,84.0,1.8666666666666667,6.544709148931894,11,214.0,0.35108924880893055,11,214.0
2960.0,42,8,2,1997,2039,0,3.0,0.07142857142857142,7.0512463745115905,2,197.0,0.4246693080465388,2,197.0
2965.0,42,8,8,2002,2044,0,31.0,0.7380952380952381,6.665928912260621,8,173.0,0.34088961658434863,8,173.0
2970.0,42,8,15,2007,2049,0,91.0,2.1666666666666665,5.259892479593465,15,233.0,0.1927672142887033,15,233.0
2975.0,44,4,13,2011,2055,0,88.0,2.0,4.1813688135628935,13,257.0,0.1762098783241879,13,257.0
2980.0,44,2,12,2015,2059,0,57.0,1.2954545454545454,4.148634836201819,12,235.0,0.14322302550132135,12,235.0
2985.0,42,2,12,2019,2061,0,50.0,1.1904761904761905,5.18877158684904,12,206.0,0.18018060560422658,12,206.0
2990.0,39,4,6,2023,2062,0,24.0,0.6153846153846154,5.454354316982528,6,216.0,0.24270236714858398,6,216.0
2995.0,35,4,6,2027,2062,0,20.0,0.5714285714285714,5.213401814137372,6,240.0,0.22366690421053856,6,240.0
3000.0,37,3,13,2031,2068,0,69.0,1.864864864864865,3.958097548508434,13,289.0,0.20124847152640463,13,289.0
3005.0,37,1,14,2035,2072,0,73.0,1.972972972972973,2.5015426953918056,14,306.0,0.16471800747188498,14,306.0
3010.0,42,2,10,2035,2077,0,46.0,1.0952380952380953,4.0724978167331205,10,269.0,0.19185942915476242,10,269.0
3015.0,44,3,11,2035,2079,0,39.0,0.8863636363636364,5.125455910027639,11,214.0,0.17510871313416568,11,214.0
3020.0,41,4,10,2039,2080,0,54.0,1.3170731707317074,6.079558885561813,10,206.0,0.26678129306513404,10,206.0
3025.0,36,7,6,2044,2080,0,70.0,1.9444444444444444,7.612757000160591,6,164.0,0.38826288357652833,6,164.0
3030.0,35,5,1,2048,2083,0,1.0,0.02857142857142857,7.321155178817857,1,132.0,0.42153473451058115,1,132.0
3035.0,36,4,6,2053,2089,0,20.0,0.5555555555555556,6.430585441046663,6,101.0,0.3014506364509473,6,101.0
3040.0,35,4,12,2057,2092,0,68.0,1.9428571428571428,5.235092965094641,12,149.0,0.20494898380470447,12,149.0
3045.0,37,0,12,2063,2100,0,65.0,1.7567567567567568,3.39387550257477,12,168.0,0.18941803001861549,12,168.0
3050.0,38,0,10,2065,2103,0,34.0,0.8947368421052632,4.158056905922726,10,149.0,0.2011575035499688,10,149.0
3055.0,41,1,8,2065,2106,0,29.0,0.7073170731707317,5.977811731707096,8,112.0,0.232807812856692,8,112.0
3060.0,40,2,6,2069,2109,0,30.0,0.75,7.186938412376824,6,109.0,0.34439421993765446,6,109.0
3065.0,36,5,2,2074,2110,0,2.0,0.05555555555555555,7.2337657174277625,2,95.0,0.41153382151729595,2,95.0
3070.0,36,2,8,2079,2115,0,27.0,0.75,6.487227833138348,8,109.0,0.33896872277420864,8,109.0
3075.0,38,0,14,2083,2121,0,83.0,2.1842105263157894,4.9037002784840595,14,165.0,0.2168415961332617,14,165.0
3080.0,36,0,15,2087,2123,0,88.0,2.4444444444444446,3.517968709053325,15,204.0,0.17267960149081238,15,204.0
3085.0,35,0,12,2090,2125,0,54.0,1.542857142857143,3.361634551516219,12,200.0,0.1240150464426548,12,200.0
3090.0,38,0,10,2090,2128,0,53.0,1.394736842105263,5.716925002969762,10,173.0,0.18999644086940698,10,173.0
3095.0,38,0,1,2094,2132,0,4.0,0.10526315789473684,6.097836165254141,1,178.0,0.28818551743175386,1,178.0
3100.0,35,1,7,2099,2134,0,21.0,0.6,5.30365948239736,7,194.0,0.27855150908245,7,194.0
3105.0,37,0,14,2102,2139,0,78.0,2.108108108108108,4.369355826074834,14,251.0,0.24758060442190177,14,251.0
3110.0,38,0,15,2105,2143,0,87.0,2.289473684210526,3.2556055457836184,15,279.0,0.18630155683770558,15,279.0
3115.0,40,0,12,2106,2146,0,51.0,1.275,3.6203629928527854,12,250.0,0.13332048443718275,12,250.0
3120.0,43,1,12,2107,2150,0,48.0,1.1162790697674418,5.038642337395202,12,199.0,0.16865731984290064,12,199.0
3125.0,40,4,10,2111,2151,0,58.0,1.45,6.39671875591309,10,193.0,0.31427027280386344,10,193.0
3130.0,38,6,5,2115,2153,0,56.0,1.4736842105263157,8.103176930818504,5,150.0,0.44619590730559516,5,150.0
3135.0,38,4,4,2120,2158,0,6.0,0.15789473684210525,7.265652581486734,4,136.0,0.42553993081640185,4,136.0
3140.0,37,5,8,2125,2162,0,35.0,0.9459459459459459,6.062612834763693,8,129.0,0.3010290797310969,8,129.0
3145.0,37,4,13,2129,2166,0,92.0,2.4864864864864864,4.558106090257687,13,186.0,0.1594827104589031,13,186.0
3150.0,37,0,12,2133,2170,0,81.0,2.189189189189189,3.340470806585597,12,212.0,0.11372444031835773,12,212.0
3155.0,36,0,10,2138,2174,0,37.0,1.0277777777777777,3.9908747382632868,10,170.0,0.15828563742405313,10,170.0
3160.0,38,0,7,2138,2176,0,23.0,0.6052631578947368,5.765756670512717,7,129.0,0.20828051635074088,7,129.0
3165.0,36,3,4,2141,2177,0,9.0,0.25,6.953493014948311,4,95.0,0.3206710097238817,4,95.0
3170.0,33,3,1,2146,2179,0,1.0,0.030303030303030304,7.1404166159586175,1,91.0,0.3884139243365176,1,91.0
3175.0,32,2,7,2151,2183,0,25.0,0.78125,5.566607834409366,7,116.0,0.3116229282036228,7,116.0
3180.0,35,1,14,2155,2190,0,81.0,2.3142857142857145,4.032210388374678,14,172.0,0.23549526325453907,14,172.0
3185.0,37,0,13,2157,2194,0,82.0,2.2162162162162162,3.5198821712387867,13,209.0,0.1885285162544494,13,209.0
3190.0,41,0,11,2157,2198,0,46.0,1.1219512195121952,4.258973724223893,11,198.0,0.16306621904785512,11,198.0
3195.0,41,0,12,2159,2200,0,42.0,1.024390243902439,5.118428687835966,12,165.0,0.14839875434929956,12,165.0
3200.0,38,3,10,2163,2201,0,45.0,1.1842105263157894,6.246658691442793,10,165.0,0.24849037091328233,10,165.0
3205.0,34,6,1,2167,2201,0,1.0,0.029411764705882353,7.378475206333206,1,136.0,0.35937738654217655,1,136.0
3210.0,32,3,5,2173,2205,0,17.0,0.53125,6.029511411916866,5,139.0,0.25907799661378755,5,139.0
3215.0,33,1,10,2177,2210,0,59.0,1.7878787878787878,3.767006396654411,10,181.0,0.16824104538288695,10,181.0
3220.0,32,0,12,2181,2213,0,59.0,1.84375,2.265485396150897,12,203.0,0.1463059792090401,12,203.0
3225.0,36,0,9,2181,2217,0,32.0,0.8888888888888888,3.7473976561758087,9,185.0,0.1474376618995613,9,185.0
3230.0,39,0,8,2181,2220,0,27.0,0.6923076923076923,6.2773597391155525,8,142.0,0.23612176629317883,8,142.0
3235.0,37,1,5,2185,2222,0,23.0,0.6216216216216216,7.271852531509273,5,104.0,0.27559203405779903,5,104.0
3240.0,33,4,1,2190,2223,0,1.0,0.030303030303030304,7.2543398299359385,1,100.0,0.3805121750095473,1,100.0
3245.0,33,1,6,2195,2228,0,21.0,0.6363636363636364,5.97793806508852,6,120.0,0.3336691668877982,6,120.0
3250.0,36,0,13,2199,2235,0,72.0,2.0,4.280751707997014,13,171.0,0.2707569017644125,13,171.0
3255.0,37,0,13,2202,2239,0,74.0,2.0,3.6842702861203804,13,197.0,0.2559515002052106,13,197.0
3260.0,39,0,10,2202,2241,0,44.0,1.1282051282051282,4.516887587866905,10,187.0,0.21596517374120983,10,187.0
3265.0,40,0,12,2203,2243,0,42.0,1.05,5.422028452024082,12,157.0,0.16361592050416118,12,157.0
3270.0,40,0,9,2207,2247,0,44.0,1.1,7.008528444040496,9,157.0,0.33640888726725837,9,157.0
3275.0,38,1,1,2211,2249,0,1.0,0.02631578947368421,7.0660964094593055,1,134.0,0.4038394663864849,1,134.0
3280.0,36,0,6,2216,2252,0,22.0,0.6111111111111112,6.461378192525361,6,132.0,0.34874646602773984,6,132.0
3285.0,37,0,13,2221,2258,0,72.0,1.945945945945946,4.938199233347425,13,182.0,0.2534066681995329,13,182.0
3290.0,39,0,13,2222,2261,0,73.0,1.8717948717948718,3.825482210428679,13,209.0,0.15892213904422944,13,209.0
3295.0,37,0,10,2227,2264,0,42.0,1.135135135135135,5.020186917987365,10,177.0,0.1982169397474948,10,177.0
3300.0,40,0,10,2229,2269,0,38.0,0.95,6.226377582775297,10,154.0,0.24902735661705047,10,154.0
3305.0,39,0,6,2233,2272,0,34.0,0.8717948717948718,6.703980074856318,6,124.0,0.29860004835706516,6,124.0
3310.0,35,2,2,2238,2273,0,4.0,0.11428571428571428,6.454981346530282,2,111.0,0.3404825569530567,2,111.0
3315.0,35,0,7,2241,2276,0,29.0,0.8285714285714286,6.094134592759185,7,126.0,0.28064386394363555,7,126.0
3320.0,36,0,14,2246,2282,0,86.0,2.388888888888889,4.383943466216491,14,183.0,0.22252787173654207,14,183.0
3325.0,33,0,15,2250,2283,0,89.0,2.696969696969697,2.7718468787667043,15,214.0,0.13376188927359683,15,214.0
3330.0,35,0,12,2251,2286,0,52.0,1.4857142857142858,4.623049259724737,12,202.0,0.21918916627562252,12,202.0
3335.0,38,0,9,2252,2290,0,39.0,1.0263157894736843,6.441064926952838,9,159.0,0.28423082051877024,9,159.0
3340.0,39,0,3,2255,2294,0,18.0,0.46153846153846156,7.67475727770309,3,115.0,0.37733284560201735,3,115.0
3345.0,35,0,2,2260,2295,0,3.0,0.08571428571428572,7.682464464582758,2,103.0,0.4537912583516866,2,103.0
3350.0,32,0,6,2266,2298,0,25.0,0.78125,6.910125586813598,6,123.0,0.3327600092517048,6,123.0
3355.0,31,0,13,2270,2301,0,76.0,2.4516129032258065,4.814868647226018,13,174.0,0.18746254696443013,13,174.0
3360.0,33,0,20,2273,2306,0,161.0,4.878787878787879,4.608704122979865,20,259.0,0.2555006469176637,20,259.0
3365.0,32,0,16,2277,2309,0,150.0,4.6875,3.055981552464138,16,294.0,0.16819730003355857,16,294.0
3370.0,36,0,13,2277,2313,0,83.0,2.3055555555555554,5.200054802941015,13,270.0,0.23522757113044995,13,270.0
3375.0,38,0,8,2278,2316,0,40.0,1.0526315789473684,6.694496647890941,8,196.0,0.27732598014497467,8,196.0
3380.0,35,0,6,2282,2317,0,48.0,1.3714285714285714,7.9051528235264135,6,165.0,0.37039676431888263,6,165.0
3385.0,35,0,2,2287,2322,0,2.0,0.05714285714285714,7.663673413096488,2,131.0,0.4286941754963749,2,131.0
3390.0,31,0,6,2292,2323,0,23.0,0.7419354838709677,6.676953112664818,6,116.0,0.2859472480678578,6,116.0
3395.0,30,0,13,2296,2326,0,73.0,2.433333333333333,4.947629120687421,13,166.0,0.17457024751714803,13,166.0
3400.0,30,0,13,2300,2330,0,72.0,2.4,4.1254772200792535,13,186.0,0.20613889817936482,13,186.0
3405.0,29,0,7,2303,2332,0,37.0,1.2758620689655173,5.8492434679086935,7,136.0,0.28488389015166593,7,136.0
3410.0,31,0,2,2303,2334,0,17.0,0.5483870967741935,8.83669588418414,2,89.0,0.43583588733016343,2,89.0
3415.0,32,0,3,2307,2339,0,4.0,0.125,8.615367344901653,3,70.0,0.5010461090320764,3,70.0
3420.0,30,0,6,2313,2343,0,25.0,0.8333333333333334,7.177742230477831,6,90.0,0.3611181162691643,6,90.0
3425.0,30,0,14,2316,2346,0,78.0,2.6,5.223887906352555,14,143.0,0.23671198057352386,14,143.0
3430.0,30,0,12,2320,2350,0,74.0,2.466666666666667,5.0412511570302785,12,168.0,0.26727822035142557,12,168.0
3435.0,32,0,7,2323,2355,0,29.0,0.90625,5.531932505965291,7,138.0,0.2656968535756668,7,138.0
3440.0,34,0,4,2324,2358,0,15.0,0.4411764705882353,7.5794724089787096,4,90.0,0.3347231843473674,4,90.0
3445.0,31,0,2,2328,2359,0,2.0,0.06451612903225806,7.05919787501392,2,85.0,0.36673536937399615,2,85.0
3450.0,30,0,7,2333,2363,0,26.0,0.8666666666666667,6.450592760764847,7,109.0,0.3197172274912866,7,109.0
3455.0,32,0,14,2336,2368,0,79.0,2.46875,4.571114000802368,14,162.0,0.2174801842430371,14,162.0
3460.0,34,0,14,2340,2374,0,81.0,2.3823529411764706,3.4731730999297845,14,194.0,0.21935858924197654,14,194.0
3465.0,39,0,12,2341,2380,0,57.0,1.4615384615384615,4.590918802776172,12,163.0,0.22065350960961191,12,163.0
3470.0,43,0,12,2341,2384,0,44.0,1.0232558139534884,5.858197180951023,12,147.0,0.22385869682980283,12,147.0
3475.0,40,0,9,2345,2385,0,30.0,0.75,5.125226468168245,9,181.0,0.21517509224228495,9,181.0
3480.0,37,3,7,2350,2387,0,33.0,0.8918918918918919,5.659244920371186,7,215.0,0.24468590527886702,7,215.0
3485.0,38,1,14,2353,2391,0,88.0,2.3157894736842106,4.2490116588449816,14,270.0,0.1888261920754262,14,270.0
3490.0,36,1,14,2358,2394,0,83.0,2.3055555555555554,1.8790213516497916,14,291.0,0.09557318168577371,14,291.0
3495.0,39,2,12,2359,2398,0,51.0,1.3076923076923077,3.059642526533021,12,269.0,0.11301536662493912,12,269.0
3500.0,43,3,11,2359,2402,0,53.0,1.2325581395348837,5.565251924993358,11,222.0,0.21271855439595594,11,222.0
3505.0,40,7,7,2362,2402,0,47.0,1.175,7.233063309721288,7,213.0,0.36239357171343267,7,213.0
3510.0,36,8,3,2367,2403,0,40.0,1.1111111111111112,8.407277372702058,3,151.0,0.45007156453240466,3,151.0
3515.0,34,8,1,2373,2407,0,2.0,0.058823529411764705,7.892696054161323,1,112.0,0.45364412921155167,1,112.0
3520.0,35,6,7,2378,2413,0,24.0,0.6857142857142857,6.8594518246921075,7,124.0,0.3499597633480685,7,124.0
3525.0,38,0,12,2382,2420,0,71.0,1.868421052631579,5.218108753863043,12,171.0,0.26862136794722896,12,171.0
3530.0,40,0,13,2385,2425,0,66.0,1.65,3.212783468243539,13,189.0,0.15941492261328805,13,189.0
3535.0,40,0,14,2388,2428,0,51.0,1.275,3.720687978473893,14,182.0,0.13339899736056496,14,182.0
3540.0,41,2,9,2389,2430,0,48.0,1.170731707317073,5.143007915208282,9,156.0,0.1521304279286454,9,156.0
3545.0,40,3,10,2392,2432,0,60.0,1.5,6.758985962132023,10,151.0,0.27645998098719543,10,151.0
3550.0,35,5,1,2398,2433,0,1.0,0.02857142857142857,7.100636810124442,1,129.0,0.41313249695994586,1,129.0
3555.0,34,5,7,2403,2437,0,24.0,0.7058823529411765,6.522563291244734,7,133.0,0.32434448392027787,7,133.0
3560.0,36,4,13,2407,2443,0,75.0,2.0833333333333335,5.0564860952080055,13,184.0,0.27769322927331114,13,184.0
3565.0,39,2,13,2411,2450,0,74.0,1.8974358974358974,3.9350004859571928,13,217.0,0.25543601763718576,13,217.0
3570.0,43,0,12,2412,2455,0,49.0,1.1395348837209303,4.177380267264005,12,209.0,0.19851275068430252,12,209.0
3575.0,45,2,14,2413,2458,0,58.0,1.288888888888889,4.768428213879972,14,181.0,0.1449827965091619,14,181.0
3580.0,41,5,12,2417,2458,0,71.0,1.7317073170731707,5.877957316581989,12,192.0,0.23758159910166557,12,192.0
3585.0,38,6,4,2421,2459,0,11.0,0.2894736842105263,6.671129714141881,4,171.0,0.35972884192591625,4,171.0
3590.0,37,3,7,2426,2463,0,29.0,0.7837837837837838,6.430489485401066,7,156.0,0.3103020888124044,7,156.0
3595.0,37,2,13,2431,2468,0,81.0,2.189189189189189,4.986791350701137,13,201.0,0.2142753526239991,13,201.0
3600.0,38,1,13,2435,2473,0,78.0,2.0526315789473686,3.138660184271999,13,226.0,0.128501760491252,13,226.0
3605.0,38,2,11,2438,2476,0,54.0,1.4210526315789473,3.8607900465942144,11,208.0,0.1431080472832923,11,208.0
3610.0,39,5,8,2439,2478,0,23.0,0.5897435897435898,5.212413215701889,8,175.0,0.16516885026346098,8,175.0
3615.0,36,8,5,2443,2479,0,16.0,0.4444444444444444,6.904384306329477,5,138.0,0.3304050771662046,5,138.0
3620.0,31,10,1,2448,2479,0,11.0,0.3548387096774194,8.748979339375278,1,83.0,0.5123754864770711,1,83.0
3625.0,34,9,2,2451,2485,0,4.0,0.11764705882352941,8.005776997916286,2,77.0,0.4725238558316702,2,77.0
3630.0,34,9,7,2456,2490,0,32.0,0.9411764705882353,6.060042784751563,7,105.0,0.3233730422044844,7,105.0
3635.0,36,7,12,2461,2497,0,83.0,2.3055555555555554,3.866648327595618,12,157.0,0.19601889372674794,12,157.0
3640.0,38,7,19,2463,2501,0,165.0,4.342105263157895,2.3915635650452756,19,240.0,0.12976146029179592,19,240.0
3645.0,41,7,20,2464,2505,0,159.0,3.8780487804878048,2.234707000216701,20,291.0,0.12562040813418862,20,291.0
3650.0,42,8,19,2465,2507,0,113.0,2.6904761904761907,3.0630603006669,19,295.0,0.11233275564387792,19,295.0
3655.0,43,11,18,2465,2508,0,112.0,2.604651162790698,5.125798512389796,18,275.0,0.158767586818711,18,275.0
3660.0,40,13,9,2469,2509,0,81.0,2.025,6.630594954646692,9,271.0,0.32467252717055384,9,271.0
3665.0,36,15,1,2473,2509,0,1.0,0.027777777777777776,7.40900481547534,1,231.0,0.3917445669573622,1,231.0
3670.0,35,12,7,2479,2514,0,26.0,0.7428571428571429,6.542514598341251,7,234.0,0.29399530886195396,7,234.0
3675.0,34,10,12,2483,2517,0,77.0,2.264705882352941,4.145438997746375,12,285.0,0.1659201308293658,12,285.0
3680.0,35,10,13,2488,2523,0,75.0,2.142857142857143,3.0881987690783563,13,307.0,0.1865914436482895,13,307.0
3685.0,39,7,10,2489,2528,0,42.0,1.0769230769230769,4.153702727617433,10,271.0,0.19978262587179146,10,271.0
3690.0,45,5,12,2489,2534,0,40.0,0.8888888888888888,5.4910173059212415,12,205.0,0.2240462983848368,12,205.0
3695.0,43,8,9,2491,2534,0,45.0,1.0465116279069768,6.97518688890369,9,184.0,0.32917162051495036,9,184.0
3700.0,39,10,0,2497,2536,0,0.0,0.0,7.005743746319365,0,147.0,0.3888295358479464,0,147.0
3705.0,39,8,6,2502,2541,0,19.0,0.48717948717948717,7.182243018736788,6,152.0,0.3568867829430488,6,152.0
3710.0,38,6,12,2507,2545,0,70.0,1.8421052631578947,4.846835325021473,12,204.0,0.17291454681799176,12,204.0
3715.0,40,4,15,2511,2551,0,75.0,1.875,3.753895575293689,15,221.0,0.16254690552742346,15,221.0
3720.0,41,2,11,2515,2556,0,49.0,1.1951219512195121,4.493402872749092,11,212.0,0.21078942539349194,11,212.0
3725.0,43,1,11,2516,2559,0,45.0,1.0465116279069768,5.880435409072005,11,170.0,0.23321136078357976,11,170.0
3730.0,41,2,7,2520,2561,0,20.0,0.4878048780487805,5.328566944169056,7,193.0,0.24610169302450963,7,193.0
3735.0,36,3,7,2525,2561,0,29.0,0.8055555555555556,5.321168612060287,7,221.0,0.22210087003071302,7,221.0
3740.0,36,0,13,2528,2564,0,83.0,2.3055555555555554,4.259072227574132,13,275.0,0.17323663349180712,13,275.0
3745.0,34,0,13,2533,2567,0,79.0,2.323529411764706,2.185528758414842,13,293.0,0.0971833294873183,13,293.0
3750.0,37,0,10,2534,2571,0,45.0,1.2162162162162162,4.104475957985326,10,258.0,0.1592501998063617,10,258.0
3755.0,38,0,7,2535,2573,0,26.0,0.6842105263157895,5.382588478848296,7,186.0,0.16438289515271087,7,186.0
3760.0,36,3,7,2539,2575,0,22.0,0.6111111111111112,7.402584777635092,7,162.0,0.3447065491666071,7,162.0
3765.0,33,5,1,2543,2576,0,10.0,0.30303030303030304,9.297658470456748,1,101.0,0.5273730689086242,1,101.0
3770.0,32,3,2,2549,2581,0,4.0,0.125,7.729135586926257,2,95.0,0.4567814809504249,2,95.0
3775.0,31,1,8,2553,2584,0,32.0,1.032258064516129,5.229258439026589,8,123.0,0.2651095643240766,8,123.0
3780.0,30,0,13,2557,2587,0,88.0,2.933333333333333,3.631859008119604,13,179.0,0.17684074732975402,13,179.0
3785.0,33,0,14,2559,2592,0,82.0,2.484848484848485,3.295926503346543,14,200.0,0.17777131288960768,14,200.0
3790.0,33,0,10,2561,2594,0,44.0,1.3333333333333333,4.575322288763443,10,162.0,0.19819362809367339,10,162.0
3795.0,35,0,7,2561,2596,0,29.0,0.8285714285714286,6.79095756460782,7,132.0,0.2793544742047954,7,132.0
3800.0,35,0,2,2565,2600,0,4.0,0.11428571428571428,6.028212445461227,2,147.0,0.28223180441944895,2,147.0
3805.0,33,0,9,2570,2603,0,31.0,0.9393939393939394,5.280662289611457,9,174.0,0.2760954160969664,9,174.0
3810.0,33,0,16,2573,2606,0,96.0,2.909090909090909,3.6387393704381834,16,239.0,0.15399900233267963,16,239.0
3815.0,35,0,15,2575,2610,0,104.0,2.9714285714285715,3.0977360587398,15,272.0,0.1656904134919661,15,272.0
3820.0,36,0,13,2577,2613,0,65.0,1.8055555555555556,3.9672366644911765,13,238.0,0.15662325637700397,13,238.0
3825.0,40,0,9,2577,2617,0,46.0,1.15,5.571259632252887,9,201.0,0.2091558451999396,9,201.0
3830.0,38,0,7,2581,2619,0,21.0,0.5526315789473685,5.231402661685397,7,226.0,0.24836397602229857,7,226.0
3835.0,35,2,7,2585,2620,0,27.0,0.7714285714285715,5.279034455357448,7,256.0,0.27369059219963454,7,256.0
3840.0,35,0,13,2589,2624,0,80.0,2.2857142857142856,3.4179342348620567,13,309.0,0.15458221104028286,13,309.0
3845.0,37,0,20,2591,2628,0,163.0,4.405405405405405,2.2910837120997867,20,392.0,0.10278639259383923,20,392.0
3850.0,38,0,20,2592,2630,0,161.0,4.2368421052631575,2.185758890633806,20,427.0,0.1025526920294457,20,427.0
3855.0,39,0,17,2594,2633,0,111.0,2.8461538461538463,3.0969393061765222,17,390.0,0.11629509238387789,17,390.0
3860.0,40,2,15,2594,2634,0,98.0,2.45,5.160483938859168,15,329.0,0.17149826046461134,15,329.0
3865.0,40,4,6,2596,2636,0,34.0,0.85,5.779121608241965,6,366.0,0.2604993799236839,6,366.0
3870.0,35,7,7,2602,2637,0,28.0,0.8,5.366780045521641,7,395.0,0.27746830626365215,7,395.0
3875.0,37,5,13,2606,2643,0,84.0,2.27027027027027,3.8045712887593512,13,451.0,0.22054150076661008,13,451.0
3880.0,40,4,14,2608,2648,0,85.0,2.125,2.7724593490260814,14,460.0,0.15073638082518287,14,460.0
3885.0,41,5,12,2609,2650,0,52.0,1.2682926829268293,3.822531814403378,12,399.0,0.16474271155527853,12,399.0
3890.0,43,5,12,2610,2653,0,48.0,1.1162790697674418,5.177931311717069,12,289.0,0.1795600151825599,12,289.0
3895.0,41,6,10,2614,2655,0,50.0,1.2195121951219512,6.913504136416447,10,236.0,0.3534798379325152,10,236.0
3900.0,38,7,4,2618,2656,0,47.0,1.236842105263158,8.694632290735964,4,173.0,0.5089686282762412,4,173.0
3905.0,38,6,6,2623,2661,0,69.0,1.8157894736842106,8.625622159068834,6,121.0,0.48081640344077614,6,121.0
3910.0,38,6,4,2629,2667,0,7.0,0.18421052631578946,7.115259687855662,4,102.0,0.4298986623989695,4,102.0
3915.0,39,2,8,2633,2672,0,28.0,0.717948717948718,6.6520363148207435,8,85.0,0.3725035593597523,8,85.0
3920.0,40,0,14,2638,2678,0,85.0,2.125,5.971721234545508,14,137.0,0.2766522322966168,14,137.0
3925.0,40,0,14,2641,2681,0,85.0,2.125,4.5213872368254995,14,173.0,0.1834579862274989,14,173.0
3930.0,39,0,11,2647,2686,0,43.0,1.1025641025641026,5.471780431783431,11,160.0,0.2802237111777905,11,160.0
3935.0,40,0,6,2649,2689,0,32.0,0.8,6.643679478824841,6,121.0,0.34551890438990196,6,121.0
3940.0,41,0,5,2652,2693,0,43.0,1.048780487804878,7.255776353977786,5,105.0,0.37885381295416565,5,105.0
3945.0,39,0,4,2657,2696,0,9.0,0.23076923076923078,6.634368535983197,4,92.0,0.3607125323679206,4,92.0
3950.0,36,0,8,2662,2698,0,26.0,0.7222222222222222,6.4970574551025555,8,89.0,0.31083910977365947,8,89.0
3955.0,32,0,14,2667,2699,0,83.0,2.59375,5.415530348888973,14,138.0,0.09673422933845524,14,138.0
3960.0,32,0,13,2671,2703,0,84.0,2.625,5.482052053711697,13,173.0,0.2288854449855644,13,173.0
3965.0,33,0,5,2675,2708,0,26.0,0.7878787878787878,7.647767517648311,5,143.0,0.44312432656607054,5,143.0
3970.0,34,0,0,2679,2713,0,0.0,0.0,9.18307579283348,0,67.0,0.5351438344472986,0,67.0
3975.0,35,0,1,2683,2718,0,1.0,0.02857142857142857,8.073794611641665,1,59.0,0.4978103826593476,1,59.0
3980.0,32,0,6,2688,2720,0,20.0,0.625,6.913615428448445,6,77.0,0.3136371031537297,6,77.0
3985.0,31,0,12,2692,2723,0,68.0,2.193548387096774,5.397257428969427,12,125.0,0.22586672703223523,12,125.0
3990.0,32,0,19,2696,2728,0,150.0,4.6875,4.180811236937806,19,207.0,0.2109165999289289,19,207.0
3995.0,33,0,16,2699,2732,0,144.0,4.363636363636363,3.6735493927493694,16,247.0,0.2206294416270253,16,247.0
4000.0,37,0,12,2700,2737,0,77.0,2.081081081081081,4.2328432069627535,12,201.0,0.16253836864368915,12,201.0
4005.0,39,1,9,2701,2740,0,37.0,0.9487179487179487,5.311342359344867,9,180.0,0.1487593165725072,9,180.0
4010.0,37,1,6,2705,2742,0,31.0,0.8378378378378378,6.950561393354507,6,156.0,0.3058840340517584,6,156.0
4015.0,33,5,2,2709,2742,0,29.0,0.8787878787878788,9.019705661897268,2,114.0,0.5100263757042839,2,114.0
4020.0,32,4,1,2714,2746,0,1.0,0.03125,7.937645869717089,1,76.0,0.4472221301043585,1,76.0
4025.0,30,3,7,2720,2750,0,27.0,0.9,5.9967540529444765,7,102.0,0.28042415324335174,7,102.0
4030.0,32,1,14,2724,2756,0,82.0,2.5625,3.815316807000534,14,157.0,0.21569622165445235,14,157.0
4035.0,33,0,13,2727,2760,0,78.0,2.3636363636363638,2.8644512363164534,13,186.0,0.19279514701133338,13,186.0
4040.0,37,0,10,2727,2764,0,43.0,1.162162162162162,4.308360273402342,10,171.0,0.20730382498684888,10,171.0
4045.0,41,0,9,2727,2768,0,37.0,0.9024390243902439,6.402790946561931,9,133.0,0.2883308698883269,9,133.0
4050.0,39,0,2,2731,2770,0,5.0,0.1282051282051282,5.772010261380199,2,141.0,0.2854566821432519,2,141.0
4055.0,39,0,7,2735,2774,0,26.0,0.6666666666666666,6.017095671453101,7,167.0,0.2688128890413838,7,167.0
4060.0,36,0,14,2739,2775,0,80.0,2.2222222222222223,4.257907211736168,14,222.0,0.15068969969541457,14,222.0
4065.0,34,0,14,2744,2778,0,81.0,2.3823529411764706,3.0459766471187435,14,245.0,0.15390093100512015,14,245.0
4070.0,34,0,15,2746,2780,0,69.0,2.0294117647058822,4.148055995816467,15,241.0,0.18562210517189337,15,241.0
4075.0,37,0,8,2746,2783,0,49.0,1.3243243243243243,6.03673554774134,8,211.0,0.22603113042581552,8,211.0
4080.0,37,0,3,2750,2787,0,31.0,0.8378378378378378,7.541346630816303,3,168.0,0.3809240116707201,3,168.0
4085.0,35,0,3,2755,2790,0,5.0,0.14285714285714285,6.867434146671862,3,139.0,0.3779387977873547,3,139.0
4090.0,37,0,8,2758,2795,0,32.0,0.8648648648648649,6.260079189161724,8,158.0,0.3231440438729034,8,158.0
4095.0,35,0,15,2763,2798,0,92.0,2.6285714285714286,4.249847886670149,15,218.0,0.18476104329620038,15,218.0
4100.0,33,0,17,2767,2800,0,100.0,3.0303030303030303,2.6148515600587188,17,252.0,0.12388356192746235,17,252.0
4105.0,38,0,12,2768,2806,0,61.0,1.605263157894737,4.511765451313903,12,226.0,0.2101671581297963,12,226.0
4110.0,40,0,9,2769,2809,0,46.0,1.15,5.8543157572143,9,167.0,0.20885612790736605,9,167.0
4115.0,38,0,8,2774,2812,0,23.0,0.6052631578947368,5.600658861420331,8,196.0,0.2814740398241548,8,196.0
4120.0,33,2,8,2779,2812,0,31.0,0.9393939393939394,4.703298517315133,8,231.0,0.24503965244746131,8,231.0
4125.0,36,0,14,2781,2817,0,89.0,2.4722222222222223,3.6960715148271084,14,289.0,0.18204597396576325,14,289.0
4130.0,38,0,16,2783,2821,0,96.0,2.526315789473684,3.1855800109449195,16,321.0,0.15005350557211608,16,321.0
4135.0,38,0,12,2785,2823,0,63.0,1.6578947368421053,3.758929881460046,12,298.0,0.14710454484052585,12,298.0
4140.0,39,0,12,2786,2825,0,48.0,1.2307692307692308,5.155946610797703,12,238.0,0.15396408407210746,12,238.0
4145.0,38,2,6,2789,2827,0,31.0,0.8157894736842105,7.097600806388894,6,199.0,0.3077061927506672,6,199.0
4150.0,34,5,2,2794,2828,0,24.0,0.7058823529411765,9.012927083574297,2,142.0,0.5344885036995286,2,142.0
4155.0,33,3,1,2800,2833,0,2.0,0.06060606060606061,8.004597334375497,1,108.0,0.4822373454506671,1,108.0
4160.0,35,3,6,2803,2838,0,23.0,0.6571428571428571,6.645242328732529,6,129.0,0.30707186814500365,6,129.0
4165.0,34,1,13,2809,2843,0,71.0,2.088235294117647,4.600032202978419,13,179.0,0.2182328056450336,13,179.0
4170.0,34,0,12,2813,2847,0,73.0,2.1470588235294117,3.2539270393678827,12,200.0,0.1906217727809629,12,200.0
4175.0,37,0,12,2814,2851,0,55.0,1.4864864864864864,4.213433967810322,12,168.0,0.16889768746393224,12,168.0
4180.0,40,0,11,2814,2854,0,38.0,0.95,5.678603862273526,11,144.0,0.19847193108754024,11,144.0
4185.0,39,3,7,2819,2858,0,36.0,0.9230769230769231,6.891832666439416,7,131.0,0.3316040949266217,7,131.0
4190.0,36,6,2,2822,2858,0,2.0,0.05555555555555555,7.5938338685174465,2,110.0,0.437982910759996,2,110.0
4195.0,34,5,8,2828,2862,0,28.0,0.8235294117647058,6.177044930284201,8,127.0,0.28317777154720297,8,127.0
4200.0,35,1,12,2832,2867,0,80.0,2.2857142857142856,3.950205347236266,12,179.0,0.14803821090333621,12,179.0
4205.0,33,0,14,2837,2870,0,79.0,2.393939393939394,2.6871860736524527,14,210.0,0.16317523375291149,14,210.0
4210.0,37,0,11,2838,2875,0,53.0,1.4324324324324325,4.960903911013976,11,193.0,0.24718213832424787,11,193.0
4215.0,40,0,9,2839,2879,0,36.0,0.9,6.892520748620785,9,155.0,0.353330432761986,9,155.0
4220.0,39,0,8,2842,2881,0,20.0,0.5128205128205128,6.621991802214664,8,128.0,0.2847180942373831,8,128.0
4225.0,39,2,2,2845,2884,0,2.0,0.05128205128205128,6.999485514476523,2,122.0,0.3772544024868984,2,122.0
4230.0,37,2,7,2851,2888,0,25.0,0.6756756756756757,7.019758934814109,7,137.0,0.3502772964571697,7,137.0
4235.0,37,0,12,2856,2893,0,79.0,2.135135135135135,4.883593977018805,12,191.0,0.1905802121205429,12,191.0
4240.0,38,0,14,2860,2898,0,78.0,2.0526315789473686,3.6543545955771037,14,215.0,0.169267700500212,14,215.0
4245.0,38,0,10,2863,2901,0,47.0,1.236842105263158,4.971814185480868,10,203.0,0.2432369205414721,10,203.0
4250.0,41,0,10,2864,2905,0,41.0,1.0,6.114808237163638,10,156.0,0.2516769119938376,10,156.0
4255.0,40,0,2,2868,2908,0,3.0,0.075,5.704239534439742,2,167.0,0.2807008570804746,2,167.0
4260.0,38,0,7,2872,2910,0,23.0,0.6052631578947368,5.878219311289918,7,185.0,0.2924885297977734,7,185.0
4265.0,38,0,12,2876,2914,0,73.0,1.9210526315789473,4.686397210507325,12,235.0,0.205216039231097,12,235.0
4270.0,39,0,13,2880,2919,0,72.0,1.8461538461538463,3.6410870462561307,13,251.0,0.17163607432863082,13,251.0
4275.0,38,0,10,2883,2921,0,40.0,1.0526315789473684,4.277284521615367,10,225.0,0.18075800143752288,10,225.0
4280.0,40,0,10,2884,2924,0,38.0,0.95,5.444185821273797,10,173.0,0.18645777238804406,10,173.0
4285.0,40,1,6,2887,2927,0,40.0,1.0,6.352242210478307,6,161.0,0.29584781888734446,6,161.0
4290.0,36,3,1,2892,2928,0,1.0,0.027777777777777776,7.3661426539468,1,123.0,0.4266018797073095,1,123.0
4295.0,35,1,5,2898,2933,0,17.0,0.4857142857142857,6.781989004673496,5,124.0,0.37561640715744143,5,124.0
4300.0,35,1,12,2902,2937,0,63.0,1.8,4.536558949539601,12,170.0,0.2082460516845549,12,170.0
4305.0,36,0,12,2906,2942,0,62.0,1.7222222222222223,3.2270204326258076,12,189.0,0.1850528986482887,12,189.0
4310.0,40,0,9,2908,2948,0,33.0,0.825,3.833920479539536,9,170.0,0.1814679380469839,9,170.0
4315.0,44,0,9,2908,2952,0,29.0,0.6590909090909091,5.289123414481725,9,128.0,0.23695575899077886,9,128.0
4320.0,43,3,9,2911,2954,0,34.0,0.7906976744186046,6.393672262946753,9,121.0,0.3501939313274502,9,121.0
4325.0,41,5,4,2914,2955,0,38.0,0.926829268292683,8.02347221785561,4,103.0,0.4814539926397071,4,103.0
4330.0,40,4,3,2920,2960,0,6.0,0.15,6.790016350861778,3,92.0,0.39608325266514316,3,92.0
4335.0,40,2,8,2925,2965,0,33.0,0.825,6.571128847240708,8,99.0,0.3347357284153816,8,99.0
4340.0,42,0,14,2930,2972,0,91.0,2.1666666666666665,5.391163726382638,14,156.0,0.23002545797679783,14,156.0
4345.0,42,0,15,2934,2976,0,90.0,2.142857142857143,4.291470006110193,15,196.0,0.21532656608066084,15,196.0
4350.0,42,0,13,2938,2980,0,58.0,1.380952380952381,4.609953811247486,13,195.0,0.2176747224605938,13,195.0
4355.0,43,0,12,2940,2983,0,57.0,1.3255813953488371,5.324563668913382,12,176.0,0.17716346935168967,12,176.0
4360.0,44,1,7,2944,2988,0,27.0,0.6136363636363636,5.40779663941253,7,214.0,0.2878553967241043,7,214.0
4365.0,41,2,6,2948,2989,0,27.0,0.6585365853658537,5.980462322479726,6,234.0,0.3077681359683271,6,234.0
4370.0,42,3,13,2952,2994,0,79.0,1.880952380952381,5.024085637460463,13,286.0,0.21554389285299705,13,286.0
4375.0,44,1,14,2957,3001,0,76.0,1.7272727272727273,3.4044010554242536,14,306.0,0.1697001825271584,14,306.0
4380.0,44,1,14,2959,3003,0,58.0,1.3181818181818181,4.0663278920027,14,288.0,0.1667778255564691,14,288.0
4385.0,45,1,11,2961,3006,0,57.0,1.2666666666666666,4.89909830891582,11,242.0,0.15551803749428691,11,242.0
4390.0,41,3,11,2966,3007,0,69.0,1.6829268292682926,6.188600230532738,11,237.0,0.29811757401690236,11,237.0
4395.0,39,6,6,2969,3008,0,84.0,2.1538461538461537,7.8271147149925735,6,185.0,0.4167282841266704,6,185.0
4400.0,39,5,3,2974,3013,0,8.0,0.20512820512820512,7.5282223945413556,3,156.0,0.45906161910894844,3,156.0
4405.0,42,3,8,2979,3021,0,28.0,0.6666666666666666,7.181111955399759,8,125.0,0.40284647212234154,8,125.0
4410.0,45,1,13,2984,3029,0,84.0,1.8666666666666667,5.876723932402997,13,174.0,0.30751056523595155,13,174.0
4415.0,46,0,19,2987,3033,0,169.0,3.6739130434782608,4.60229794853721,19,259.0,0.2125830458429137,19,259.0
4420.0,46,0,20,2993,3039,0,169.0,3.6739130434782608,2.540597408451231,20,304.0,0.09739317260748401,20,304.0
4425.0,45,1,22,2996,3041,0,141.0,3.1333333333333333,3.2665606120524484,22,316.0,0.1336772013176684,22,316.0
4430.0,48,2,18,2997,3045,0,129.0,2.6875,5.00347985555855,18,311.0,0.21333470805275606,18,311.0
4435.0,45,5,12,3000,3045,0,118.0,2.6222222222222222,6.142074903119512,12,300.0,0.2757718989878085,12,300.0
4440.0,41,8,6,3005,3046,0,15.0,0.36585365853658536,5.764552538670693,6,292.0,0.2982862731524587,6,292.0
4445.0,41,5,9,3010,3051,0,38.0,0.926829268292683,6.210319864995842,9,271.0,0.3141881361795145,9,271.0
4450.0,42,4,14,3014,3056,0,101.0,2.4047619047619047,5.250130324797692,14,329.0,0.20273142967695018,14,329.0
4455.0,41,2,15,3018,3059,0,97.0,2.3658536585365852,3.851269283920443,15,351.0,0.1471604461843638,15,351.0
4460.0,41,1,14,3023,3064,0,64.0,1.5609756097560976,3.6702152720681838,14,318.0,0.11716048184314817,14,318.0
4465.0,43,2,12,3025,3068,0,53.0,1.2325581395348837,5.547697730728257,12,264.0,0.21624718661667203,12,264.0
4470.0,41,4,6,3029,3070,0,40.0,0.975609756097561,6.946710308896332,6,206.0,0.3545152192089675,6,206.0
4475.0,37,7,2,3033,3070,0,5.0,0.13513513513513514,6.339412299542424,2,195.0,0.3445598485312131,2,195.0
4480.0,38,7,8,3037,3075,0,35.0,0.9210526315789473,6.153768886577845,8,223.0,0.30705579094283747,8,223.0
4485.0,39,6,15,3040,3079,0,94.0,2.41025641025641,4.464777924971524,15,283.0,0.17449299219570494,15,283.0
4490.0,38,4,15,3045,3083,0,94.0,2.473684210526316,2.9027713885921926,15,298.0,0.13863548743925694,15,298.0
4495.0,39,6,14,3048,3087,0,66.0,1.6923076923076923,3.2515569630851626,14,260.0,0.12991203818297078,14,260.0
4500.0,42,6,12,3048,3090,0,59.0,1.4047619047619047,5.426058990461173,12,219.0,0.20045924287948955,12,219.0
4505.0,39,9,7,3052,3091,0,53.0,1.358974358974359,7.101414024167277,7,192.0,0.3542428085675281,7,192.0
4510.0,37,11,1,3056,3093,0,2.0,0.05405405405405406,7.372092666970483,1,160.0,0.42042967201868725,1,160.0
4515.0,34,9,8,3062,3096,0,30.0,0.8823529411764706,6.40860159233312,8,187.0,0.3015272027259927,8,187.0
4520.0,37,5,13,3066,3103,0,84.0,2.27027027027027,4.524042628123548,13,241.0,0.20482720614832883,13,241.0
4525.0,37,3,13,3070,3107,0,80.0,2.1621621621621623,2.926776962855219,13,261.0,0.14818003161954307,13,261.0
4530.0,39,3,11,3072,3111,0,47.0,1.205128205128205,3.595354472329053,11,212.0,0.15020835446982622,11,212.0
4535.0,41,2,10,3072,3113,0,37.0,0.9024390243902439,5.412688672268367,10,175.0,0.17828709549824615,10,175.0
4540.0,38,5,7,3076,3114,0,35.0,0.9210526315789473,7.273129430685366,7,147.0,0.3450428271716936,7,147.0
4545.0,34,9,3,3081,3115,0,33.0,0.9705882352941176,8.648133959796052,3,105.0,0.48492921069833583,3,105.0
4550.0,35,7,3,3085,3120,0,5.0,0.14285714285714285,7.855270768123319,3,83.0,0.4831908474501633,3,83.0
4555.0,36,8,7,3090,3126,0,30.0,0.8333333333333334,6.822842831928057,7,102.0,0.3443545154155542,7,102.0
4560.0,37,2,14,3095,3132,0,84.0,2.27027027027027,4.505665543398688,14,156.0,0.21273733454079097,14,156.0
4565.0,37,0,15,3099,3136,0,86.0,2.324324324324324,2.6711107723284853,15,195.0,0.11256842888813222,15,195.0
4570.0,38,0,10,3101,3139,0,50.0,1.3157894736842106,3.8399482617747194,10,183.0,0.12757584135705344,10,183.0
4575.0,41,1,9,3102,3143,0,38.0,0.926829268292683,6.165353725798549,9,148.0,0.23186759748014996,9,148.0
4580.0,40,2,8,3106,3146,0,23.0,0.575,6.123629223767288,8,179.0,0.2971587692294196,8,179.0
4585.0,36,4,7,3111,3147,0,28.0,0.7777777777777778,5.5132823886703965,7,210.0,0.27472534841803214,7,210.0
4590.0,38,5,13,3115,3153,0,81.0,2.1315789473684212,3.9266803460925255,13,263.0,0.21924414522100494,13,263.0
4595.0,42,3,15,3117,3159,0,84.0,2.0,3.411297899121436,15,290.0,0.18958650376560213,15,290.0
4600.0,42,3,14,3120,3162,0,60.0,1.4285714285714286,4.168598970739298,14,255.0,0.2118562773571951,14,255.0
4605.0,45,3,15,3120,3165,0,75.0,1.6666666666666667,5.432772929920821,15,238.0,0.21624621890794632,15,238.0
4610.0,41,6,10,3124,3165,0,60.0,1.4634146341463414,6.565347434789179,10,230.0,0.28448970284038644,10,230.0
4615.0,36,8,2,3130,3166,0,3.0,0.08333333333333333,6.695461251921371,2,219.0,0.37903491450489024,2,219.0
4620.0,37,8,6,3134,3171,0,24.0,0.6486486486486487,6.641951777963504,6,218.0,0.35934381026389395,6,218.0
4625.0,38,3,11,3138,3176,0,69.0,1.8157894736842106,4.931281653939775,11,263.0,0.25839901062314563,11,263.0
4630.0,40,0,14,3141,3181,0,68.0,1.7,3.3660838189906706,14,279.0,0.14041880571665782,14,279.0
4635.0,42,1,12,3145,3187,0,47.0,1.119047619047619,4.265791237523674,12,225.0,0.18104109632428653,12,225.0
4640.0,43,1,11,3146,3189,0,45.0,1.0465116279069768,5.748005950908783,11,193.0,0.233474213028754,11,193.0
4645.0,40,3,7,3151,3191,0,20.0,0.5,5.401647144975117,7,210.0,0.2888088937104478,7,210.0
4650.0,38,6,7,3154,3192,0,22.0,0.5789473684210527,5.7051477188805455,7,234.0,0.26062090515146835,7,234.0
4655.0,38,5,14,3158,3196,0,78.0,2.0526315789473686,4.093913811666398,14,290.0,0.14551368451340294,14,290.0
4660.0,39,4,14,3163,3202,0,85.0,2.1794871794871793,2.967356175362118,14,309.0,0.1626429228790367,14,309.0
4665.0,40,4,11,3164,3204,0,54.0,1.35,3.858460027535861,11,271.0,0.15642827584595642,11,271.0
4670.0,42,5,13,3165,3207,0,48.0,1.1428571428571428,5.06369115494154,13,213.0,0.18127991625490436,13,213.0
4675.0,40,8,7,3168,3208,0,38.0,0.95,7.034494239695969,7,178.0,0.3163653615267776,7,178.0
4680.0,35,10,2,3173,3208,0,2.0,0.05714285714285714,7.029998880750858,2,169.0,0.403261336564697,2,169.0
4685.0,36,9,6,3178,3214,0,23.0,0.6388888888888888,6.179832427416778,6,184.0,0.3448600002125867,6,184.0
4690.0,35,8,14,3183,3218,0,78.0,2.2285714285714286,3.7731059551937163,14,239.0,0.18573626964450765,14,239.0
4695.0,38,7,13,3186,3224,0,76.0,2.0,3.032418225460347,13,260.0,0.18191158903762417,13,260.0
4700.0,41,4,11,3187,3228,0,45.0,1.0975609756097562,3.9807729924483866,11,229.0,0.17289523696408,11,229.0
4705.0,44,4,14,3188,3232,0,46.0,1.0454545454545454,5.637464349929924,14,180.0,0.21087599044512706,14,180.0
4710.0,41,6,9,3192,3233,0,47.0,1.146341463414634,6.933189130636885,9,176.0,0.3420762077309432,9,176.0
4715.0,36,9,4,3197,3233,0,51.0,1.4166666666666667,8.559160866232185,4,133.0,0.4872368497477106,4,133.0
4720.0,37,9,1,3202,3239,0,2.0,0.05405405405405406,7.86090710552037,1,106.0,0.4941449831956289,1,106.0
4725.0,37,9,7,3207,3244,0,27.0,0.7297297297297297,6.651619918006835,7,102.0,0.35814937851540957,7,102.0
4730.0,39,7,13,3211,3250,0,82.0,2.1025641025641026,4.654610228961463,13,157.0,0.20359083017802965,13,157.0
4735.0,40,7,13,3214,3254,0,84.0,2.1,3.4567858730255567,13,193.0,0.14642885672319622,13,193.0
4740.0,41,3,11,3218,3259,0,50.0,1.2195121951219512,3.8548176292664653,11,186.0,0.13986358602800053,11,186.0
4745.0,42,3,12,3220,3262,0,53.0,1.2619047619047619,5.396967929844537,12,157.0,0.1823053747162309,12,157.0
4750.0,40,4,8,3224,3264,0,51.0,1.275,7.0428797227345,8,148.0,0.3314415813642085,8,148.0
4755.0,36,7,4,3229,3265,0,44.0,1.2222222222222223,8.593449227605525,4,137.0,0.5067379814782775,4,137.0
4760.0,37,5,2,3232,3269,0,4.0,0.10810810810810811,7.342113399227281,2,104.0,0.41556084921856745,2,104.0
4765.0,34,6,7,3238,3272,0,27.0,0.7941176470588235,6.175976423937087,7,112.0,0.23940856539258382,7,112.0
4770.0,34,4,14,3243,3277,0,84.0,2.4705882352941178,5.010730488567341,14,169.0,0.21493600033230445,14,169.0
4775.0,37,2,14,3247,3284,0,83.0,2.2432432432432434,4.308934907992338,14,203.0,0.2397958394176723,14,203.0
4780.0,38,2,9,3250,3288,0,40.0,1.0526315789473684,3.7064180169831307,9,185.0,0.15259506283488009,9,185.0
4785.0,43,0,10,3250,3293,0,33.0,0.7674418604651163,5.1975185997716435,10,136.0,0.2031667541208776,10,136.0
4790.0,39,3,6,3254,3293,0,10.0,0.2564102564102564,4.993473691136337,6,154.0,0.24173869090897748,6,154.0
4795.0,36,6,8,3257,3293,0,26.0,0.7222222222222222,4.994089968100848,8,178.0,0.21363484046051176,8,178.0
4800.0,39,4,13,3261,3300,0,79.0,2.0256410256410255,4.71066505002331,13,231.0,0.21838646814929455,13,231.0
4805.0,39,4,14,3265,3304,0,83.0,2.128205128205128,3.428005124050056,14,254.0,0.19602657080214095,14,254.0
4810.0,42,5,11,3267,3309,0,50.0,1.1904761904761905,3.3861793396934883,11,215.0,0.14307850855198703,11,215.0
4815.0,45,5,13,3267,3312,0,48.0,1.0666666666666667,5.020752602600858,13,196.0,0.20338358679368876,13,196.0
4820.0,43,8,7,3270,3313,0,23.0,0.5348837209302325,5.169041415479735,7,230.0,0.25091847476574264,7,230.0
4825.0,38,11,8,3275,3313,0,34.0,0.8947368421052632,5.532024893175881,8,253.0,0.20895950234664956,8,253.0
4830.0,39,10,14,3278,3317,0,92.0,2.358974358974359,4.512810207993352,14,311.0,0.14077673318302558,14,311.0
4835.0,42,8,16,3283,3325,0,92.0,2.1904761904761907,3.861051804256429,16,335.0,0.20220410569403902,16,335.0
4840.0,41,11,11,3287,3328,0,55.0,1.3414634146341464,4.58614678459884,11,298.0,0.2310007360826343,11,298.0
4845.0,45,12,11,3287,3332,0,43.0,0.9555555555555556,5.897114595122034,11,229.0,0.23963808211648993,11,229.0
4850.0,42,15,8,3291,3333,0,33.0,0.7857142857142857,6.875046573238953,8,200.0,0.31243870596603773,8,200.0
4855.0,37,17,2,3297,3334,0,2.0,0.05405405405405406,6.656016023190395,2,186.0,0.36967462472622126,2,186.0
4860.0,37,14,6,3301,3338,0,24.0,0.6486486486486487,6.385026231370846,6,194.0,0.3218230495235943,6,194.0
4865.0,40,11,14,3305,3345,0,78.0,1.95,5.530398596816008,14,247.0,0.2622193986508058,14,247.0
4870.0,41,10,13,3309,3350,0,77.0,1.8780487804878048,3.687351347067026,13,267.0,0.16165928127137483,13,267.0
4875.0,41,9,12,3313,3354,0,49.0,1.1951219512195121,3.6062282907701704,12,223.0,0.12984642083708278,12,223.0
4880.0,42,8,12,3314,3356,0,46.0,1.0952380952380953,5.157373421533922,12,179.0,0.14541315696325324,12,179.0
4885.0,41,10,4,3318,3359,0,11.0,0.2682926829268293,5.657536275086677,4,203.0,0.29649381784539186,4,203.0
4890.0,37,13,8,3322,3359,0,25.0,0.6756756756756757,5.590446412705932,8,227.0,0.26225735516442733,8,227.0
4895.0,37,12,14,3326,3363,0,81.0,2.189189189189189,4.148552094561008,14,283.0,0.17898159723601312,14,283.0
4900.0,37,12,15,3330,3367,0,90.0,2.4324324324324325,2.51962228352874,15,311.0,0.12087327167631572,15,311.0
4905.0,41,11,13,3330,3371,0,61.0,1.4878048780487805,3.787107934940605,13,259.0,0.11951452172229207,13,259.0
4910.0,43,11,12,3332,3375,0,58.0,1.3488372093023255,5.91040962186602,12,230.0,0.2265391627792122,12,230.0
4915.0,40,14,6,3336,3376,0,38.0,0.95,7.063467413152364,6,212.0,0.3535101909299901,6,212.0
4920.0,36,17,2,3341,3377,0,4.0,0.1111111111111111,7.224425965770885,2,167.0,0.44250157384899347,2,167.0
4925.0,37,15,7,3344,3381,0,29.0,0.7837837837837838,6.110118374076536,7,191.0,0.29172823381056046,7,191.0
4930.0,34,16,12,3350,3384,0,81.0,2.3823529411764706,4.012198340070604,12,243.0,0.1344670823231068,12,243.0
4935.0,35,14,14,3354,3389,0,77.0,2.2,3.0222945360486944,14,261.0,0.13630086870479724,14,261.0
4940.0,38,12,10,3356,3394,0,44.0,1.1578947368421053,3.8179163586432376,10,221.0,0.14042713325074718,10,221.0
4945.0,40,15,7,3357,3397,0,29.0,0.725,5.943673517850807,7,171.0,0.22670911712198372,7,171.0
4950.0,37,17,7,3360,3397,0,22.0,0.5945945945945946,7.108071164118583,7,127.0,0.3000188695539512,7,127.0
4955.0,32,20,2,3365,3397,0,7.0,0.21875,8.972055091826148,2,92.0,0.48487726777028395,2,92.0
4960.0,30,19,2,3370,3400,0,4.0,0.13333333333333333,8.354379801637412,2,81.0,0.4702717109602652,2,81.0
4965.0,28,17,6,3376,3404,0,27.0,0.9642857142857143,5.825448007695373,6,104.0,0.2591357846077807,6,104.0
4970.0,31,15,12,3380,3411,0,79.0,2.5483870967741935,3.9989231075280234,12,156.0,0.2270324082973275,12,156.0
4975.0,36,13,19,3382,3418,0,163.0,4.527777777777778,2.8742614919760308,19,240.0,0.20423917379211273,19,240.0
4980.0,41,9,19,3382,3423,0,161.0,3.926829268292683,2.035884357979096,19,293.0,0.13108969304813167,19,293.0
4985.0,45,9,21,3382,3427,0,133.0,2.9555555555555557,3.4941556785183865,21,284.0,0.1483139338383229,21,284.0
4990.0,46,9,19,3382,3428,0,119.0,2.5869565217391304,5.316621582429789,19,283.0,0.19911657781341852,19,283.0
4995.0,45,11,6,3386,3431,0,44.0,0.9777777777777777,5.556686200249958,6,302.0,0.2754688555398767,6,302.0
5000.0,41,13,7,3390,3431,0,20.0,0.4878048780487805,6.115461551431152,7,304.0,0.30750937164812914,7,304.0
