step,system_total_running,system_total_backlogged,system_total_stopped,system_total_arrived,system_total_departed,system_total_teleported,system_total_waiting_time,system_mean_waiting_time,system_mean_speed,t_stopped,t_accumulated_waiting_time,t_average_speed,agents_total_stopped,agents_total_accumulated_waiting_time
0.0,0,0,0,0,0,0,0.0,0.0,0.0,0,0.0,1.0,0,0.0
5.0,4,0,0,0,4,0,0.0,0.0,11.954809954133239,0,0.0,0.9461828464494318,0,0.0
10.0,7,0,0,0,7,0,0.0,0.0,11.675233572086912,0,0.0,0.9026000114784642,0,0.0
15.0,10,0,0,0,10,0,0.0,0.0,10.094626358285778,0,0.0,0.7787573478780451,0,0.0
20.0,14,0,0,0,14,0,0.0,0.0,10.16185579712828,0,0.0,0.800931644153667,0,0.0
25.0,21,0,0,1,22,0,0.0,0.0,12.254655987984806,0,0.0,0.9389177822371801,0,0.0
30.0,24,0,1,1,25,0,2.0,0.08333333333333333,11.164913287545625,1,2.0,0.8051806996016451,1,2.0
35.0,24,0,2,3,27,0,2.0,0.08333333333333333,7.795820626222674,2,2.0,0.49797533349841216,2,2.0
40.0,22,0,6,8,30,0,25.0,1.1363636363636365,8.037698232421786,6,25.0,0.42118808718122,6,25.0
45.0,22,0,9,11,33,0,63.0,2.8636363636363638,7.243881657352486,9,63.0,0.37212395483840166,9,63.0
50.0,22,0,5,14,36,0,28.0,1.2727272727272727,6.728852267281724,5,75.0,0.42688250182181087,5,75.0
55.0,20,0,1,18,38,0,1.0,0.05,7.049091631670405,1,33.0,0.38035264875807995,1,33.0
60.0,23,0,1,18,41,0,6.0,0.2608695652173913,11.126350053914594,1,6.0,0.6969244463512999,1,6.0
65.0,22,0,2,22,44,0,4.0,0.18181818181818182,8.992063315105428,2,4.0,0.4848477954654704,2,4.0
70.0,20,0,7,26,46,0,31.0,1.55,8.044746878980344,7,31.0,0.3983955539681701,7,31.0
75.0,16,0,7,31,47,0,66.0,4.125,5.286718298258305,7,66.0,0.19335337544683137,7,66.0
80.0,20,0,4,32,52,0,24.0,1.2,7.0838636031525155,4,74.0,0.42926131954918195,4,74.0
85.0,19,0,1,35,54,0,3.0,0.15789473684210525,8.875352372752952,1,29.0,0.545789607818621,1,29.0
90.0,23,0,1,35,58,0,8.0,0.34782608695652173,11.502560799972425,1,8.0,0.7678476227546421,1,8.0
95.0,22,0,2,38,60,0,2.0,0.09090909090909091,9.346510587025733,2,2.0,0.5625964755251971,2,2.0
100.0,17,0,5,44,61,0,21.0,1.2352941176470589,7.134706414756342,5,21.0,0.3903085026007158,5,21.0
105.0,18,0,7,47,65,0,52.0,2.888888888888889,7.069643829187331,7,52.0,0.4937961678912275,7,52.0
110.0,17,0,2,50,67,0,11.0,0.6470588235294118,7.07061837689496,2,51.0,0.5142013166989764,2,51.0
115.0,18,0,1,50,68,0,1.0,0.05555555555555555,8.158276563053654,1,12.0,0.4141606753225563,1,12.0
120.0,19,0,2,51,70,0,11.0,0.5789473684210527,10.87640331751466,2,11.0,0.5941910176845525,2,11.0
125.0,20,0,0,55,75,0,0.0,0.0,10.935037658540043,0,0.0,0.8369571176631141,0,0.0
130.0,21,0,2,60,81,0,8.0,0.38095238095238093,11.144267463228786,2,8.0,0.7805620144105295,2,8.0
135.0,20,0,5,64,84,0,22.0,1.1,8.839111109186625,5,22.0,0.5731231330333668,5,22.0
140.0,22,0,7,66,88,0,52.0,2.3636363636363638,7.340604044792934,7,52.0,0.41336250511884365,7,52.0
145.0,25,0,5,67,92,0,20.0,0.8,6.533072492301631,5,57.0,0.3743584346938371,5,57.0
150.0,25,0,1,70,95,0,4.0,0.16,7.887646080114664,1,33.0,0.4497234036489987,1,33.0
155.0,29,0,3,71,100,0,15.0,0.5172413793103449,10.001995764396293,3,19.0,0.5734521473988027,3,19.0
160.0,34,0,2,74,108,0,3.0,0.08823529411764706,9.063173147101393,2,12.0,0.5844409933247964,2,12.0
165.0,31,0,9,80,111,0,34.0,1.096774193548387,7.702114057984848,9,38.0,0.43559741714042205,9,38.0
170.0,31,0,13,83,114,0,89.0,2.870967741935484,5.6885352411397285,13,94.0,0.21237727228342804,13,94.0
175.0,32,0,13,87,119,0,83.0,2.59375,4.821603515002678,13,135.0,0.2322945215016218,13,135.0
180.0,32,0,6,91,123,0,32.0,1.0,6.24500078718766,6,118.0,0.31677394457581814,6,118.0
185.0,32,0,1,92,124,0,10.0,0.3125,7.259093801531744,1,79.0,0.3077265741115616,1,79.0
190.0,33,0,1,96,129,0,1.0,0.030303030303030304,7.284809418338952,1,61.0,0.41905730624661613,1,61.0
195.0,32,0,7,101,133,0,25.0,0.78125,6.60288468830441,7,85.0,0.37707749365691823,7,85.0
200.0,29,0,13,105,134,0,77.0,2.6551724137931036,3.826880908285708,13,137.0,0.18323081236328395,13,137.0
205.0,30,0,13,108,138,0,74.0,2.466666666666667,2.83567053899215,13,164.0,0.16221412363970902,13,164.0
210.0,30,0,11,109,139,0,47.0,1.5666666666666667,4.121119604447789,11,134.0,0.15034673604684698,11,134.0
215.0,35,0,5,109,144,0,30.0,0.8571428571428571,7.110187145414163,5,112.0,0.352750521326813,5,112.0
220.0,36,0,3,112,148,0,32.0,0.8888888888888888,7.916863660686005,3,89.0,0.40792626933815046,3,89.0
225.0,35,0,0,117,152,0,0.0,0.0,7.5934867816123415,0,55.0,0.4394734737311799,0,55.0
230.0,33,0,6,121,154,0,19.0,0.5757575757575758,6.701015325383558,6,68.0,0.3221357064403278,6,68.0
235.0,30,0,12,127,157,0,65.0,2.1666666666666665,4.3237316149434095,12,116.0,0.21522761151829478,12,116.0
240.0,32,0,13,130,162,0,67.0,2.09375,3.791926993944547,13,149.0,0.18329557025988638,13,149.0
245.0,35,0,9,131,166,0,37.0,1.0571428571428572,4.9342107977077445,9,135.0,0.1873188725268833,9,135.0
250.0,35,0,7,133,168,0,24.0,0.6857142857142857,6.416601685658058,7,109.0,0.2500580063616784,7,109.0
255.0,38,0,1,136,174,0,3.0,0.07894736842105263,7.142708714608098,1,88.0,0.34872005593550104,1,88.0
260.0,36,3,1,141,177,0,2.0,0.05555555555555555,7.991611695509677,1,86.0,0.47322288828487713,1,86.0
265.0,38,2,8,146,184,0,23.0,0.6052631578947368,7.163089202386798,8,107.0,0.39656328049468914,8,107.0
270.0,36,2,13,151,187,0,75.0,2.0833333333333335,4.818105851371003,13,160.0,0.22855575615947205,13,160.0
275.0,41,0,15,153,194,0,78.0,1.9024390243902438,3.849347935454757,15,194.0,0.19549858215796867,15,194.0
280.0,41,0,13,156,197,0,49.0,1.1951219512195121,3.851302487779404,13,190.0,0.16024924563967266,13,190.0
285.0,42,1,13,157,199,0,55.0,1.3095238095238095,4.749608996309986,13,160.0,0.13043644272592406,13,160.0
290.0,42,5,9,160,202,0,61.0,1.4523809523809523,6.717153114996008,9,160.0,0.3021139996745272,9,160.0
295.0,37,9,0,165,202,0,0.0,0.0,7.261764654897288,0,142.0,0.4149378429713804,0,142.0
300.0,36,8,7,171,207,0,22.0,0.6111111111111112,6.637438671056771,7,131.0,0.32523260917951935,7,131.0
305.0,39,7,12,175,214,0,74.0,1.8974358974358974,5.083083953272128,12,183.0,0.24128797550963865,12,183.0
310.0,39,7,18,180,219,0,156.0,4.0,3.337060508124875,18,265.0,0.1768797191017641,18,265.0
315.0,40,7,21,182,222,0,160.0,4.0,1.7675560536717299,21,320.0,0.07998967010674116,21,320.0
320.0,42,6,20,183,225,0,120.0,2.857142857142857,2.479800610902666,20,326.0,0.07437576903979351,20,326.0
325.0,43,9,18,183,226,0,122.0,2.8372093023255816,4.681652334162702,18,319.0,0.1608859549263039,18,319.0
330.0,41,11,8,187,228,0,86.0,2.097560975609756,6.772733766836597,8,273.0,0.3147435372867107,8,273.0
335.0,41,13,4,190,231,0,76.0,1.853658536585366,8.508066330397963,4,231.0,0.483229172176013,4,231.0
340.0,38,12,1,196,234,0,1.0,0.02631578947368421,7.482705972999201,1,191.0,0.44467128293469504,1,191.0
345.0,39,8,6,201,240,0,23.0,0.5897435897435898,7.194543742610179,6,168.0,0.37114333701651747,6,168.0
350.0,39,4,12,206,245,0,71.0,1.8205128205128205,5.580839668152444,12,216.0,0.21861240331123144,12,216.0
355.0,40,2,14,211,251,0,71.0,1.775,3.0607261791275295,14,241.0,0.10928895357492063,14,241.0
360.0,40,1,11,215,255,0,52.0,1.3,3.7877032155634893,11,212.0,0.15140190613032406,11,212.0
365.0,41,2,10,216,257,0,35.0,0.8536585365853658,5.725337817094156,10,150.0,0.19410644634079724,10,150.0
370.0,38,4,5,220,258,0,23.0,0.6052631578947368,7.252109785710436,5,119.0,0.36146429194228347,5,119.0
375.0,34,6,2,225,259,0,4.0,0.11764705882352941,6.9061847113250625,2,114.0,0.39574611002049637,2,114.0
380.0,36,5,8,229,265,0,32.0,0.8888888888888888,5.9706405105998455,8,140.0,0.31804564913069366,8,140.0
385.0,37,4,13,233,270,0,86.0,2.324324324324324,4.236793782750295,13,194.0,0.21289329032451113,13,194.0
390.0,40,2,14,236,276,0,82.0,2.05,3.655324709821545,14,226.0,0.19023002770517497,14,226.0
395.0,41,0,11,238,279,0,50.0,1.2195121951219512,4.238258552868446,11,197.0,0.17343125136089377,11,197.0
400.0,44,2,8,239,283,0,37.0,0.8409090909090909,5.2806930353702946,8,167.0,0.20061558724299294,8,167.0
405.0,40,4,9,243,283,0,44.0,1.1,7.031004804936555,9,159.0,0.34285377352747365,9,159.0
410.0,35,8,4,248,283,0,48.0,1.3714285714285714,8.12687209319215,4,129.0,0.42714021436752864,4,129.0
415.0,35,6,2,254,289,0,5.0,0.14285714285714285,7.502623189555024,2,116.0,0.44704107141103644,2,116.0
420.0,37,4,7,258,295,0,33.0,0.8918918918918919,6.605742033795303,7,114.0,0.33114095919788655,7,114.0
425.0,37,4,14,262,299,0,90.0,2.4324324324324325,4.3753255990076445,14,171.0,0.15137492666732905,14,171.0
430.0,40,0,14,266,306,0,88.0,2.2,3.206071425129065,14,206.0,0.13891438481350107,14,206.0
435.0,39,1,11,269,308,0,52.0,1.3333333333333333,3.8898542620024124,11,195.0,0.16708499543737085,11,195.0
440.0,41,0,11,270,311,0,43.0,1.048780487804878,5.374972021108004,11,155.0,0.19059143661951405,11,155.0
445.0,38,3,7,273,311,0,34.0,0.8947368421052632,6.899383129118375,7,153.0,0.32622235286750834,7,153.0
450.0,33,8,1,278,311,0,1.0,0.030303030303030304,7.029709785085631,1,135.0,0.38288485715556225,1,135.0
455.0,34,6,7,282,316,0,26.0,0.7647058823529411,6.251916591334812,7,160.0,0.325875264574572,7,160.0
460.0,33,3,12,288,321,0,77.0,2.3333333333333335,3.789950498193657,12,211.0,0.20555769638973845,12,211.0
465.0,36,0,19,291,327,0,158.0,4.388888888888889,2.1423234475750323,19,292.0,0.12959115347637698,19,292.0
470.0,41,0,20,291,332,0,158.0,3.8536585365853657,2.13305534334069,20,344.0,0.11817583913000533,20,344.0
475.0,42,2,19,292,334,0,118.0,2.8095238095238093,3.4729137587579326,19,343.0,0.1542446712282084,19,343.0
480.0,43,6,16,292,335,0,106.0,2.4651162790697674,4.878431006791451,16,301.0,0.17440125743463528,16,301.0
485.0,41,10,9,295,336,0,73.0,1.7804878048780488,6.455498554213435,9,286.0,0.32108620036894,9,286.0
490.0,37,13,4,299,336,0,51.0,1.3783783783783783,7.960100125521994,4,217.0,0.43310434222634947,4,217.0
495.0,37,12,2,304,341,0,3.0,0.08108108108108109,7.0639732586671515,2,196.0,0.3960879799138518,2,196.0
500.0,37,11,8,309,346,0,30.0,0.8108108108108109,6.456435445820615,8,197.0,0.2998249580788248,8,197.0
505.0,37,7,13,314,351,0,86.0,2.324324324324324,4.423459724653761,13,253.0,0.17406707222015536,13,253.0
510.0,38,5,13,318,356,0,83.0,2.1842105263157894,2.953815564301499,13,276.0,0.1317048823933787,13,276.0
515.0,41,5,11,320,361,0,47.0,1.146341463414634,4.116690663878904,11,246.0,0.18012996567828682,11,246.0
520.0,43,4,11,321,364,0,42.0,0.9767441860465116,5.610215177666394,11,170.0,0.2190790516111658,11,170.0
525.0,39,8,7,325,364,0,21.0,0.5384615384615384,5.372321884043362,7,198.0,0.25827572529125736,7,198.0
530.0,38,10,9,329,367,0,35.0,0.9210526315789473,5.709016794520544,9,235.0,0.2735752277348685,9,235.0
535.0,39,10,15,333,372,0,95.0,2.4358974358974357,4.417044221948502,15,296.0,0.23261724428264619,15,296.0
540.0,39,11,15,336,375,0,99.0,2.5384615384615383,2.5334928850661296,15,312.0,0.1276643845808297,15,312.0
545.0,41,11,15,338,379,0,70.0,1.7073170731707317,3.375042173863282,15,289.0,0.14568875051328647,15,289.0
550.0,44,13,14,338,382,0,71.0,1.6136363636363635,5.268993150654121,14,255.0,0.1814926376737511,14,255.0
555.0,43,15,10,342,385,0,73.0,1.697674418604651,6.940134688863151,10,249.0,0.36122468172026745,10,249.0
560.0,39,19,5,347,386,0,73.0,1.8717948717948718,8.161371542716639,5,198.0,0.4540090549944903,5,198.0
565.0,41,18,4,351,392,0,6.0,0.14634146341463414,6.8621139924698875,4,165.0,0.3777130614358051,4,165.0
570.0,38,17,7,357,395,0,25.0,0.6578947368421053,5.893326888923483,7,141.0,0.28134670440492787,7,141.0
575.0,38,17,12,361,399,0,77.0,2.026315789473684,5.266323901618799,12,190.0,0.1830681714219976,12,190.0
580.0,39,16,13,365,404,0,74.0,1.8974358974358974,4.066421226865181,13,208.0,0.1524657577763381,13,208.0
585.0,41,14,10,370,411,0,42.0,1.024390243902439,5.068423147472994,10,184.0,0.2295811463379851,10,184.0
590.0,41,14,9,372,413,0,37.0,0.9024390243902439,5.973198561752326,9,137.0,0.21445496041687467,9,137.0
595.0,38,15,7,376,414,0,28.0,0.7368421052631579,6.975077184857414,7,124.0,0.2982974695735806,7,124.0
600.0,33,15,1,382,415,0,1.0,0.030303030303030304,7.391224181966002,1,103.0,0.4021250238251286,1,103.0
605.0,32,14,7,388,420,0,26.0,0.8125,5.942922758274346,7,120.0,0.32187187217332747,7,120.0
610.0,36,14,12,389,425,0,76.0,2.111111111111111,4.425819170412615,12,170.0,0.21036068996439614,12,170.0
615.0,36,11,17,394,430,0,152.0,4.222222222222222,2.4174963542990744,17,246.0,0.13194439355302906,17,246.0
620.0,40,10,19,395,435,0,148.0,3.7,1.8939118171022862,19,297.0,0.10264219885901829,19,297.0
625.0,43,8,18,396,439,0,102.0,2.372093023255814,3.7858524533895483,18,294.0,0.17792801596427807,18,294.0
630.0,45,12,16,396,441,0,98.0,2.1777777777777776,5.822334183052524,16,265.0,0.24700991902725633,16,265.0
635.0,43,17,9,400,443,0,57.0,1.3255813953488371,5.74766047508575,9,311.0,0.3118495208097658,9,311.0
640.0,38,20,9,405,443,0,39.0,1.0263157894736843,5.618405855026427,9,345.0,0.26346025112722005,9,345.0
645.0,38,18,14,408,446,0,100.0,2.6315789473684212,4.157523426692109,14,406.0,0.15449395399818994,14,406.0
650.0,40,16,15,412,452,0,102.0,2.55,3.2060406282903755,15,427.0,0.12874061612117488,15,427.0
655.0,40,16,12,415,455,0,68.0,1.7,4.098586391864666,12,382.0,0.1563226218375926,12,382.0
660.0,42,18,11,417,459,0,47.0,1.119047619047619,5.739171321681773,11,316.0,0.2593375953694884,11,316.0
665.0,39,19,6,420,459,0,26.0,0.6666666666666666,7.42067090932886,6,236.0,0.3590955548558929,6,236.0
670.0,33,21,2,426,459,0,13.0,0.3939393939393939,8.654313133011263,2,154.0,0.518369120376814,2,154.0
675.0,32,19,4,431,463,0,7.0,0.21875,6.7908072985673975,4,150.0,0.416931852049736,4,150.0
680.0,33,17,9,434,467,0,41.0,1.2424242424242424,5.506832021941938,9,182.0,0.23474946603630786,9,182.0
685.0,34,16,15,439,473,0,102.0,3.0,3.9159263568221423,15,243.0,0.20391219510360153,15,243.0
690.0,35,13,15,442,477,0,99.0,2.8285714285714287,2.2370457964805293,15,258.0,0.1285436860471459,15,258.0
695.0,38,12,12,443,481,0,59.0,1.5526315789473684,3.4034850246166464,12,223.0,0.14390549160726468,12,223.0
700.0,43,13,11,443,486,0,48.0,1.1162790697674418,5.90697051072374,11,178.0,0.25547233692307175,11,178.0
705.0,42,14,7,447,489,0,22.0,0.5238095238095238,6.334278272573739,7,210.0,0.3662206483158176,7,210.0
710.0,39,15,7,451,490,0,24.0,0.6153846153846154,5.917565289469919,7,238.0,0.31342684736728244,7,238.0
715.0,38,14,14,456,494,0,81.0,2.1315789473684212,4.212083024971463,14,295.0,0.2051226188444775,14,295.0
720.0,40,14,14,459,499,0,86.0,2.15,2.7164693702463616,14,315.0,0.12807778124808267,14,315.0
725.0,41,15,12,461,502,0,54.0,1.3170731707317074,3.3509802697443325,12,288.0,0.13749630327881662,12,288.0
730.0,44,15,11,462,506,0,55.0,1.25,5.318102692987318,11,233.0,0.22737642945649075,11,233.0
735.0,43,16,9,464,507,0,60.0,1.3953488372093024,6.580934274996195,9,221.0,0.33012077581448807,9,221.0
740.0,38,20,4,470,508,0,54.0,1.4210526315789473,7.531203357067878,4,182.0,0.46142146789772504,4,182.0
745.0,40,17,6,472,512,0,81.0,2.025,7.507828929514529,6,143.0,0.44121860585020145,6,143.0
750.0,38,16,4,478,516,0,8.0,0.21052631578947367,6.567668086741472,4,114.0,0.3801879486514759,4,114.0
755.0,37,14,7,483,520,0,27.0,0.7297297297297297,6.556234406581405,7,94.0,0.28512545486889895,7,94.0
760.0,36,14,13,489,525,0,82.0,2.2777777777777777,4.558591055630135,13,144.0,0.17999745859070457,13,144.0
765.0,40,13,14,493,533,0,79.0,1.975,3.8850682735505373,14,177.0,0.21214154227952897,14,177.0
770.0,41,13,11,497,538,0,43.0,1.048780487804878,4.115575412108716,11,162.0,0.2123497739792914,11,162.0
775.0,43,13,9,497,540,0,37.0,0.8604651162790697,4.971852643424423,9,125.0,0.19361472237922672,9,125.0
780.0,40,15,8,500,540,0,31.0,0.775,5.5067140797687575,8,131.0,0.22601315601464358,8,131.0
785.0,37,16,1,503,540,0,2.0,0.05405405405405406,6.547887802575789,1,124.0,0.3654818979360176,1,124.0
790.0,36,15,6,508,544,0,21.0,0.5833333333333334,6.749950066664881,6,128.0,0.3356675117432885,6,128.0
795.0,34,12,13,515,549,0,71.0,2.088235294117647,4.094821642126635,13,178.0,0.2055882418289786,13,178.0
800.0,36,12,12,519,555,0,72.0,2.0,2.2704763224538986,12,208.0,0.12383811009756347,12,208.0
805.0,38,12,11,520,558,0,43.0,1.131578947368421,3.4967107882953403,11,196.0,0.14521942509931424,11,196.0
810.0,41,13,10,520,561,0,39.0,0.9512195121951219,5.285015957689809,10,157.0,0.17215374151001284,10,157.0
815.0,38,17,7,524,562,0,37.0,0.9736842105263158,7.130287926315058,7,150.0,0.3638297890236607,7,150.0
820.0,36,19,2,528,564,0,31.0,0.8611111111111112,8.771707538129405,2,110.0,0.5417643186325614,2,110.0
825.0,37,18,2,533,570,0,3.0,0.08108108108108109,7.769392119349504,2,83.0,0.4951054026697514,2,83.0
830.0,37,15,8,537,574,0,31.0,0.8378378378378378,6.187192791885525,8,111.0,0.2688136987100758,8,111.0
835.0,37,13,14,542,579,0,88.0,2.3783783783783785,4.46532033365399,14,168.0,0.14258188787240134,14,168.0
840.0,38,11,15,545,583,0,91.0,2.3947368421052633,3.483902610570636,15,209.0,0.13402740710350305,15,209.0
845.0,36,10,13,550,586,0,69.0,1.9166666666666667,3.1474424678730437,13,205.0,0.11557613721457331,13,205.0
850.0,42,10,10,550,592,0,46.0,1.0952380952380953,5.466989562784463,10,167.0,0.22155290322062668,10,167.0
855.0,40,12,6,552,592,0,25.0,0.625,7.32166323637604,6,153.0,0.37828857680120476,6,153.0
860.0,36,17,0,557,593,0,0.0,0.0,7.847383075892632,0,129.0,0.44133795581972274,0,129.0
865.0,35,16,6,563,598,0,21.0,0.6,6.6989771383371775,6,150.0,0.3433058652161191,6,150.0
870.0,35,16,12,569,604,0,71.0,2.0285714285714285,4.353710608625145,12,200.0,0.21650452321574018,12,200.0
875.0,41,12,12,571,612,0,69.0,1.6829268292682926,3.531290058767784,12,226.0,0.19538321638603873,12,226.0
880.0,42,12,10,573,615,0,38.0,0.9047619047619048,4.332991210274339,10,204.0,0.19877214959649844,10,204.0
885.0,46,12,8,574,620,0,28.0,0.6086956521739131,5.606359607180265,8,150.0,0.23028308664413089,8,150.0
890.0,44,15,9,578,622,0,39.0,0.8863636363636364,6.774464158369479,9,141.0,0.3505533381772389,9,141.0
895.0,40,19,0,583,623,0,0.0,0.0,7.143448048854782,0,128.0,0.42093627249945165,0,128.0
900.0,41,17,7,588,629,0,18.0,0.43902439024390244,6.930486649072815,7,128.0,0.39738719398114597,7,128.0
905.0,41,17,12,592,633,0,65.0,1.5853658536585367,5.124316540293943,12,175.0,0.23155294012342012,12,175.0
910.0,46,11,12,594,640,0,68.0,1.4782608695652173,3.8441616731767128,12,198.0,0.14907347175369684,12,198.0
915.0,45,13,11,598,643,0,40.0,0.8888888888888888,4.599331225942527,11,188.0,0.163702336648404,11,188.0
920.0,43,14,7,604,647,0,29.0,0.6744186046511628,5.62797910570318,7,145.0,0.21654714884379087,7,145.0
925.0,41,17,7,608,649,0,26.0,0.6341463414634146,7.112561041669372,7,139.0,0.37587085907976203,7,139.0
930.0,36,19,1,613,649,0,2.0,0.05555555555555555,6.9777123618687895,1,110.0,0.4229547005512351,1,110.0
935.0,36,19,8,617,653,0,26.0,0.7222222222222222,6.720550423491905,8,130.0,0.33248321411986276,8,130.0
940.0,37,16,12,622,659,0,76.0,2.054054054054054,4.868832823631969,12,180.0,0.21740942726926185,12,180.0
945.0,38,15,14,625,663,0,76.0,2.0,3.7600063731658486,14,205.0,0.18355010865074564,14,205.0
950.0,40,10,9,629,669,0,46.0,1.15,3.8567206653636346,9,194.0,0.17488221667925355,9,194.0
955.0,42,11,9,629,671,0,35.0,0.8333333333333334,5.279658153315932,9,155.0,0.19392283022991,9,155.0
960.0,39,13,8,633,672,0,40.0,1.0256410256410255,6.639529273209132,8,135.0,0.28348726351196146,8,135.0
965.0,36,17,1,637,673,0,1.0,0.027777777777777776,7.112158588945746,1,126.0,0.4046396194057824,1,126.0
970.0,34,16,6,643,677,0,22.0,0.6470588235294118,6.155719020972038,6,138.0,0.2824055170962447,6,138.0
975.0,34,15,13,647,681,0,70.0,2.0588235294117645,4.2640248426423355,13,186.0,0.17685239658060023,13,186.0
980.0,37,15,14,651,688,0,71.0,1.9189189189189189,3.125388067987463,14,213.0,0.16595304829507218,14,213.0
985.0,42,15,12,653,695,0,46.0,1.0952380952380953,4.719603272436468,12,200.0,0.24847763234710024,12,200.0
990.0,46,14,10,653,699,0,33.0,0.717391304347826,6.229042319099847,10,166.0,0.28241212476708893,10,166.0
995.0,43,16,8,656,699,0,32.0,0.7441860465116279,6.3208652866145405,8,159.0,0.2896485245314808,8,159.0
1000.0,38,19,2,661,699,0,3.0,0.07894736842105263,6.392025064536092,2,142.0,0.3250606991581033,2,142.0
1005.0,39,16,6,665,704,0,17.0,0.4358974358974359,6.6934804425824455,6,151.0,0.3280429728898762,6,151.0
1010.0,37,17,13,671,708,0,68.0,1.837837837837838,5.011979269836844,13,199.0,0.21336455266738694,13,199.0
1015.0,40,14,14,675,715,0,75.0,1.875,3.93027352425529,14,225.0,0.19732269976152556,14,225.0
1020.0,43,11,12,679,722,0,53.0,1.2325581395348837,4.212466263466979,12,212.0,0.22313057496268662,12,212.0
1025.0,45,11,11,679,724,0,40.0,0.8888888888888888,5.283065430061932,11,175.0,0.22677039506649702,11,175.0
1030.0,44,14,10,681,725,0,49.0,1.1136363636363635,6.087488109380055,10,172.0,0.29910917965902517,10,172.0
1035.0,39,16,3,687,726,0,7.0,0.1794871794871795,6.631322768973351,3,148.0,0.37015681758263497,3,148.0
1040.0,39,16,6,692,731,0,25.0,0.6410256410256411,6.837398065536419,6,148.0,0.3657075266684714,6,148.0
1045.0,41,15,11,697,738,0,72.0,1.7560975609756098,5.4132134257699,11,191.0,0.24520007861670678,11,191.0
1050.0,41,14,12,701,742,0,67.0,1.6341463414634145,4.347946142771919,12,208.0,0.23170595234399538,12,208.0
1055.0,44,10,9,704,748,0,32.0,0.7272727272727273,3.8104906082239123,9,190.0,0.15904288355157428,9,190.0
1060.0,45,12,15,706,751,0,50.0,1.1111111111111112,4.746657490906428,15,172.0,0.175787427852196,15,172.0
1065.0,44,16,11,708,752,0,66.0,1.5,6.550304447276298,11,184.0,0.3106944392086352,11,184.0
1070.0,38,20,1,714,752,0,1.0,0.02631578947368421,6.78992131590755,1,165.0,0.3605879188755093,1,165.0
1075.0,35,21,6,720,755,0,20.0,0.5714285714285714,6.42740965268272,6,148.0,0.31580841645728297,6,148.0
1080.0,37,18,11,724,761,0,65.0,1.7567567567567568,4.687160696510751,11,193.0,0.18895883408871797,11,193.0
1085.0,37,18,13,728,765,0,66.0,1.7837837837837838,3.4276997907946756,13,213.0,0.17084862688003388,13,213.0
1090.0,40,15,10,732,772,0,47.0,1.175,3.8568554206646324,10,200.0,0.1903680404088964,10,200.0
1095.0,42,16,9,732,774,0,30.0,0.7142857142857143,5.297797652861073,9,175.0,0.20348804617996635,9,175.0
1100.0,41,18,7,735,776,0,21.0,0.5121951219512195,6.878808942202157,7,145.0,0.3229532378638761,7,145.0
1105.0,36,22,1,740,776,0,1.0,0.027777777777777776,7.350798660177208,1,117.0,0.41272450294715823,1,117.0
1110.0,36,20,6,745,781,0,23.0,0.6388888888888888,6.680934923831348,6,134.0,0.3306341314050246,6,134.0
1115.0,37,19,13,750,787,0,74.0,2.0,4.534999199812911,13,185.0,0.23011190244258817,13,185.0
1120.0,37,17,18,754,791,0,156.0,4.216216216216216,3.0838443858239835,18,267.0,0.17248695757326832,18,267.0
1125.0,39,14,21,756,795,0,159.0,4.076923076923077,1.849355138569205,21,311.0,0.10989492587099743,21,311.0
1130.0,44,13,17,756,800,0,111.0,2.522727272727273,3.293840629831328,17,309.0,0.14056827917310039,17,309.0
1135.0,44,16,17,757,801,0,109.0,2.477272727272727,5.167924079609924,17,283.0,0.1970039334259091,17,283.0
1140.0,42,19,8,759,801,0,73.0,1.7380952380952381,6.324869815738784,8,272.0,0.27435777811555284,8,272.0
1145.0,37,21,0,765,802,0,0.0,0.0,6.719517086039471,0,228.0,0.38075445804278246,0,228.0
1150.0,35,19,7,770,805,0,20.0,0.5714285714285714,6.616152906837926,7,235.0,0.3344564639789535,7,235.0
1155.0,36,17,11,774,810,0,65.0,1.8055555555555556,4.91885728027353,11,280.0,0.2132535206287072,11,280.0
1160.0,38,13,12,778,816,0,62.0,1.631578947368421,3.3557865112954994,12,291.0,0.15317516595178102,12,291.0
1165.0,41,12,9,782,823,0,34.0,0.8292682926829268,4.238263327689054,9,254.0,0.21821150302566406,9,254.0
1170.0,42,13,9,782,824,0,25.0,0.5952380952380952,6.022316947868158,9,182.0,0.26252982148301796,9,182.0
1175.0,42,14,6,785,827,0,21.0,0.5,6.791343587752648,6,129.0,0.29823430593381184,6,129.0
1180.0,38,14,1,790,828,0,1.0,0.02631578947368421,7.201132258974238,1,112.0,0.4025057234544862,1,112.0
1185.0,39,12,7,795,834,0,20.0,0.5128205128205128,6.788743330028687,7,126.0,0.34614117553381435,7,126.0
1190.0,40,10,11,799,839,0,68.0,1.7,5.283051343093635,11,175.0,0.22487537017273476,11,175.0
1195.0,39,8,13,805,844,0,73.0,1.8717948717948718,3.36004907613293,13,191.0,0.18613675436657173,13,191.0
1200.0,42,5,11,808,850,0,40.0,0.9523809523809523,3.8137010851776276,11,180.0,0.20043085445644812,11,180.0
1205.0,45,6,9,808,853,0,37.0,0.8222222222222222,5.182506150968782,9,153.0,0.18964388795811848,9,153.0
1210.0,42,8,7,812,854,0,15.0,0.35714285714285715,5.251548850236429,7,174.0,0.24893824858936045,7,174.0
1215.0,38,11,6,816,854,0,25.0,0.6578947368421053,5.269263596504241,6,193.0,0.2325219833912752,6,193.0
1220.0,40,8,13,820,860,0,76.0,1.9,4.363516855459914,13,244.0,0.19155377762700654,13,244.0
1225.0,44,6,12,822,866,0,71.0,1.6136363636363635,3.6678105439077315,12,262.0,0.17562172451394545,12,262.0
1230.0,44,6,10,827,871,0,36.0,0.8181818181818182,4.463560937024741,10,226.0,0.2225683106484431,10,226.0
1235.0,46,4,11,828,874,0,39.0,0.8478260869565217,5.602320772396979,11,176.0,0.22872865487485664,11,176.0
1240.0,42,5,6,832,874,0,12.0,0.2857142857142857,5.006604460231579,6,206.0,0.23949283118031095,6,206.0
1245.0,39,6,7,835,874,0,31.0,0.7948717948717948,5.715728913317749,7,228.0,0.21363905122232238,7,228.0
1250.0,37,3,13,841,878,0,86.0,2.324324324324324,3.844852145640615,13,283.0,0.1284839866887387,13,283.0
1255.0,39,5,15,844,883,0,86.0,2.2051282051282053,3.086483247551463,15,305.0,0.13139937831840995,15,305.0
1260.0,40,5,11,848,888,0,52.0,1.3,4.060410931115128,11,271.0,0.19659773843516226,11,271.0
1265.0,45,5,10,848,893,0,36.0,0.8,6.032542117993724,10,205.0,0.27813728346615635,10,205.0
1270.0,43,8,6,851,894,0,22.0,0.5116279069767442,7.162546278246315,6,172.0,0.3552751540998098,6,172.0
1275.0,39,10,1,856,895,0,1.0,0.02564102564102564,6.915723016847217,1,155.0,0.3913281192177059,1,155.0
1280.0,38,9,7,861,899,0,23.0,0.6052631578947368,6.33153447507441,7,173.0,0.30963061539696113,7,173.0
1285.0,36,11,12,866,902,0,73.0,2.0277777777777777,4.724291293527845,12,223.0,0.16791104868440923,12,223.0
1290.0,40,7,13,869,909,0,71.0,1.775,4.130216734544035,13,242.0,0.20983509658210378,13,242.0
1295.0,42,4,9,874,916,0,36.0,0.8571428571428571,4.519085902258191,9,206.0,0.22824617503540662,9,206.0
1300.0,45,5,8,875,920,0,18.0,0.4,6.1875597600953505,8,143.0,0.29407832769208636,8,143.0
1305.0,44,6,9,878,922,0,23.0,0.5227272727272727,6.853795842273917,9,136.0,0.35763550690529117,9,136.0
1310.0,40,7,1,883,923,0,1.0,0.025,6.8613266241689015,1,115.0,0.3802643874067038,1,115.0
1315.0,38,6,8,889,927,0,21.0,0.5526315789473685,6.333234770643527,8,123.0,0.3228654221901085,8,123.0
1320.0,38,8,12,893,931,0,69.0,1.8157894736842106,5.050700046776557,12,170.0,0.18258339358906686,12,170.0
1325.0,42,5,13,897,939,0,66.0,1.5714285714285714,4.555534160823974,13,186.0,0.2350676694522087,13,186.0
1330.0,41,2,10,903,944,0,40.0,0.975609756097561,3.975063010325388,10,168.0,0.2079270133942687,10,168.0
1335.0,43,3,8,903,946,0,31.0,0.7209302325581395,5.853372801045474,8,132.0,0.264687499634502,8,132.0
1340.0,42,4,6,905,947,0,24.0,0.5714285714285714,6.35197354017045,6,125.0,0.29149090481465245,6,125.0
1345.0,36,7,2,911,947,0,2.0,0.05555555555555555,6.196231308287787,2,108.0,0.33884792314928225,2,108.0
1350.0,36,8,6,915,951,0,22.0,0.6111111111111112,6.449040088188994,6,116.0,0.3033787475701016,6,116.0
1355.0,37,8,12,921,958,0,68.0,1.837837837837838,4.507290924260409,12,162.0,0.23266606923335922,12,162.0
1360.0,38,6,18,924,962,0,149.0,3.9210526315789473,3.045904908486339,18,243.0,0.17373270190206513,18,243.0
1365.0,39,5,18,927,966,0,146.0,3.7435897435897436,1.4036317463051218,18,285.0,0.08553554925189996,18,285.0
1370.0,43,5,21,927,970,0,124.0,2.883720930232558,3.0961013925882783,21,297.0,0.11481627026767831,21,297.0
1375.0,45,6,18,927,972,0,122.0,2.7111111111111112,5.7104558454594025,18,280.0,0.2348663034785817,18,280.0
1380.0,42,10,7,931,973,0,50.0,1.1904761904761905,5.647310874992314,7,315.0,0.2886633053546981,7,315.0
1385.0,38,12,6,936,974,0,23.0,0.6052631578947368,5.499712516673274,6,336.0,0.25802551642216076,6,336.0
1390.0,40,11,12,939,979,0,74.0,1.85,4.496267618781907,12,387.0,0.1732445375651341,12,387.0
1395.0,41,9,13,943,984,0,72.0,1.7560975609756098,3.5325764069353287,13,396.0,0.16537963676721176,13,396.0
1400.0,42,8,13,947,989,0,45.0,1.0714285714285714,3.9132894341951587,13,351.0,0.20152195723869173,13,351.0
1405.0,46,8,11,947,993,0,51.0,1.108695652173913,5.263415066895341,11,277.0,0.2341429203690283,11,277.0
1410.0,45,11,7,950,995,0,21.0,0.4666666666666667,5.444330931841598,7,306.0,0.28144333355806317,7,306.0
1415.0,40,12,8,955,995,0,33.0,0.825,5.689206027119742,8,333.0,0.2606730311783539,8,333.0
1420.0,44,12,14,959,1003,0,91.0,2.0681818181818183,5.162147719279699,14,391.0,0.2366522421652332,14,391.0
1425.0,45,11,20,963,1008,0,179.0,3.977777777777778,3.5974661536240498,20,479.0,0.17035941143556155,20,479.0
1430.0,45,10,22,967,1012,0,180.0,4.0,2.547635307358638,22,514.0,0.13914471618407154,22,514.0
1435.0,45,12,21,969,1014,0,136.0,3.022222222222222,2.9098018301831057,21,478.0,0.11255639610395085,21,478.0
1440.0,48,13,20,969,1017,0,142.0,2.9583333333333335,5.1245294652769156,20,394.0,0.1901177149788509,20,394.0
1445.0,46,16,12,973,1019,0,123.0,2.6739130434782608,6.9145636299394395,12,332.0,0.3151699590249486,12,332.0
1450.0,43,17,3,977,1020,0,12.0,0.27906976744186046,6.698821905678731,3,325.0,0.3516195544531197,3,325.0
1455.0,43,17,7,983,1026,0,25.0,0.5813953488372093,6.576140064416228,7,297.0,0.3439380602361525,7,297.0
1460.0,43,18,14,987,1030,0,82.0,1.9069767441860466,5.691842540893572,14,341.0,0.23001940695798556,14,341.0
1465.0,45,15,14,991,1036,0,86.0,1.9111111111111112,4.464109659536009,14,356.0,0.17583895476808906,14,356.0
1470.0,44,13,13,997,1041,0,53.0,1.2045454545454546,4.315794299460227,13,307.0,0.1716792234862637,13,307.0
1475.0,44,16,11,1000,1044,0,47.0,1.0681818181818181,5.575858088477188,11,227.0,0.19773038623391764,11,227.0
1480.0,40,17,8,1004,1044,0,21.0,0.525,5.150294030985734,8,253.0,0.20979713308868225,8,253.0
1485.0,38,20,7,1008,1046,0,23.0,0.6052631578947368,5.973366303836459,7,277.0,0.28224169674530514,7,277.0
1490.0,37,18,12,1013,1050,0,72.0,1.945945945945946,3.919911076359739,12,326.0,0.18560367017669258,12,326.0
1495.0,39,17,13,1015,1054,0,73.0,1.8717948717948718,2.7460317982327394,13,331.0,0.11628840352668916,13,331.0
1500.0,38,15,11,1018,1056,0,50.0,1.3157894736842106,3.199763720328424,11,276.0,0.10221631716513192,11,276.0
1505.0,42,16,10,1018,1060,0,41.0,0.9761904761904762,5.91694733352051,10,206.0,0.20211236589252804,10,206.0
1510.0,40,17,8,1022,1062,0,47.0,1.175,7.791467625295946,8,165.0,0.3802262111793893,8,165.0
1515.0,34,21,2,1028,1062,0,2.0,0.058823529411764705,7.6051997881017765,2,146.0,0.44016150934362286,2,146.0
1520.0,35,20,6,1033,1068,0,22.0,0.6285714285714286,6.232018688470563,6,167.0,0.32982480743268205,6,167.0
1525.0,37,18,13,1036,1073,0,73.0,1.972972972972973,4.740600566250748,13,218.0,0.22089882117618947,13,218.0
1530.0,40,16,19,1039,1079,0,157.0,3.925,3.4543638235663794,19,302.0,0.18690228825758134,19,302.0
1535.0,44,14,21,1042,1086,0,166.0,3.772727272727273,3.177324568302488,21,350.0,0.1892464875664676,21,350.0
1540.0,45,16,18,1043,1088,0,116.0,2.577777777777778,3.848293900968508,18,335.0,0.17531069796514245,18,335.0
1545.0,45,18,16,1044,1089,0,106.0,2.3555555555555556,4.738686400148798,16,313.0,0.1864461080272144,16,313.0
1550.0,44,21,10,1047,1091,0,73.0,1.6590909090909092,6.554048111580756,10,284.0,0.3087785794128686,10,284.0
1555.0,40,24,6,1051,1091,0,60.0,1.5,7.5137179360158415,6,230.0,0.3778326237878643,6,230.0
1560.0,39,24,5,1057,1096,0,12.0,0.3076923076923077,6.398229597493298,5,226.0,0.36374877624199814,5,226.0
1565.0,37,25,7,1062,1099,0,25.0,0.6756756756756757,5.862854330318159,7,203.0,0.29121679494152486,7,203.0
1570.0,40,22,13,1065,1105,0,76.0,1.9,4.985640356874593,13,246.0,0.2054804223230823,13,246.0
1575.0,42,18,15,1068,1110,0,79.0,1.880952380952381,3.9409251630337327,15,270.0,0.15031464318622212,15,270.0
1580.0,41,18,11,1074,1115,0,46.0,1.1219512195121952,4.687022667860554,11,237.0,0.20821903579538378,11,237.0
1585.0,42,18,9,1076,1118,0,38.0,0.9047619047619048,6.0639023159696235,9,172.0,0.23696075891171334,9,172.0
1590.0,38,22,7,1081,1119,0,25.0,0.6578947368421053,6.615089978062177,7,122.0,0.2903238310298962,7,122.0
1595.0,35,24,1,1084,1119,0,1.0,0.02857142857142857,7.075382469487249,1,118.0,0.3720818808785999,1,118.0
1600.0,35,21,6,1089,1124,0,22.0,0.6285714285714286,6.302274455279876,6,134.0,0.316061739776205,6,134.0
1605.0,36,17,12,1094,1130,0,72.0,2.0,4.630326774421627,12,186.0,0.2484912746591955,12,186.0
1610.0,38,14,14,1098,1136,0,73.0,1.9210526315789473,2.9765528738618174,14,216.0,0.19046834526423764,14,216.0
1615.0,41,13,10,1099,1140,0,42.0,1.024390243902439,3.7125993982754695,10,199.0,0.18458420109230841,10,199.0
1620.0,43,14,12,1099,1142,0,44.0,1.0232558139534884,4.751027231571073,12,163.0,0.1562343753636483,12,163.0
1625.0,41,15,8,1101,1142,0,21.0,0.5121951219512195,5.043312593130444,8,192.0,0.19707300448232365,8,192.0
1630.0,35,17,7,1107,1142,0,28.0,0.8,5.1528709331022675,7,220.0,0.18856842458835896,7,220.0
1635.0,36,15,12,1111,1147,0,82.0,2.2777777777777777,3.490650696656044,12,274.0,0.15527148010171865,12,274.0
1640.0,39,13,14,1114,1153,0,81.0,2.076923076923077,3.2596435600868268,14,296.0,0.20018745966510137,14,296.0
1645.0,41,14,10,1116,1157,0,48.0,1.170731707317073,4.06545589349058,10,265.0,0.2216481801307175,10,265.0
1650.0,43,16,12,1116,1159,0,37.0,0.8604651162790697,5.289498626626529,12,203.0,0.19461334102109792,12,203.0
1655.0,41,19,9,1119,1160,0,32.0,0.7804878048780488,6.524479509818612,9,192.0,0.29814348545411834,9,192.0
1660.0,35,22,5,1125,1160,0,40.0,1.1428571428571428,8.061610074549366,5,146.0,0.4375873108511174,5,146.0
1665.0,35,20,1,1129,1164,0,1.0,0.02857142857142857,7.126764445408139,1,123.0,0.38993715670108314,1,123.0
1670.0,36,20,7,1135,1171,0,26.0,0.7222222222222222,6.517062968630801,7,120.0,0.34428297955803555,7,120.0
1675.0,36,20,14,1139,1175,0,83.0,2.3055555555555554,4.841873987140534,14,177.0,0.2648841791682283,14,177.0
1680.0,38,19,18,1143,1181,0,164.0,4.315789473684211,3.6618765739910835,18,258.0,0.18317978102734728,18,258.0
1685.0,42,16,20,1145,1187,0,162.0,3.857142857142857,2.8232785344448605,20,301.0,0.13070470898516742,20,301.0
1690.0,43,19,15,1147,1190,0,99.0,2.302325581395349,3.754651085598324,15,289.0,0.16653984695443758,15,289.0
1695.0,45,21,15,1148,1193,0,86.0,1.9111111111111112,5.627418524770564,15,246.0,0.24844987965204296,15,246.0
1700.0,43,25,7,1151,1194,0,38.0,0.8837209302325582,5.447758214032703,7,286.0,0.28075285024515834,7,286.0
1705.0,40,28,8,1156,1196,0,29.0,0.725,6.051187753782124,8,318.0,0.2943127320079209,8,318.0
1710.0,41,27,14,1160,1201,0,86.0,2.097560975609756,4.832168175928785,14,375.0,0.22476558750121103,14,375.0
1715.0,40,25,16,1165,1205,0,87.0,2.175,2.52175428322888,16,389.0,0.12960614388101702,16,389.0
1720.0,41,25,14,1167,1208,0,58.0,1.4146341463414633,3.342650292515892,14,353.0,0.13794063467905285,14,353.0
1725.0,44,27,14,1167,1211,0,64.0,1.4545454545454546,5.045833426004434,14,292.0,0.1803506703669439,14,292.0
1730.0,40,27,9,1172,1212,0,66.0,1.65,5.513658824755362,9,270.0,0.29723009795694183,9,270.0
1735.0,39,28,1,1173,1212,0,2.0,0.05128205128205128,6.152998945421451,1,243.0,0.3364942651010051,1,243.0
1740.0,39,28,7,1177,1216,0,27.0,0.6923076923076923,6.190416071683624,7,240.0,0.269330226888302,7,240.0
1745.0,39,27,13,1183,1222,0,81.0,2.076923076923077,4.83532223433546,13,294.0,0.177522545034911,13,294.0
1750.0,37,25,13,1189,1226,0,82.0,2.2162162162162162,2.90149249895115,13,307.0,0.12704522132407586,13,307.0
1755.0,38,24,12,1192,1230,0,58.0,1.5263157894736843,3.4285390317144295,12,260.0,0.13878983094303285,12,260.0
1760.0,40,25,10,1192,1232,0,43.0,1.075,5.35202605236527,10,192.0,0.16680917262632325,10,192.0
1765.0,36,29,7,1196,1232,0,22.0,0.6111111111111112,5.04848120098532,7,226.0,0.21666717123898036,7,226.0
1770.0,33,30,7,1200,1233,0,27.0,0.8181818181818182,4.684378835344935,7,253.0,0.21545284433189776,7,253.0
1775.0,33,28,14,1204,1237,0,80.0,2.4242424242424243,2.802856014893216,14,306.0,0.16442665989076577,14,306.0
1780.0,36,25,14,1206,1242,0,79.0,2.1944444444444446,1.860002662503025,14,322.0,0.11811801596574117,14,322.0
1785.0,38,25,12,1206,1244,0,59.0,1.5526315789473684,3.363283497485928,12,287.0,0.12439962654207162,12,287.0
1790.0,42,27,11,1206,1248,0,44.0,1.0476190476190477,5.903569144382976,11,225.0,0.21386308610223548,11,225.0
1795.0,39,29,7,1210,1249,0,32.0,0.8205128205128205,7.665479133860656,7,187.0,0.3498297041590158,7,187.0
1800.0,35,34,2,1216,1251,0,25.0,0.7142857142857143,9.212122726921768,2,131.0,0.5338862195741733,2,131.0
1805.0,36,32,1,1221,1257,0,1.0,0.027777777777777776,8.148718678388377,1,101.0,0.5037679998711675,1,101.0
1810.0,38,29,7,1225,1263,0,24.0,0.631578947368421,7.09543023175663,7,119.0,0.39396465600663727,7,119.0
1815.0,41,26,14,1229,1270,0,73.0,1.7804878048780488,5.8152351810249785,14,171.0,0.27063843156981127,14,171.0
1820.0,42,23,20,1233,1275,0,158.0,3.761904761904762,3.5925639025385356,20,256.0,0.16805168224875788,20,256.0
1825.0,41,23,21,1237,1278,0,165.0,4.024390243902439,1.8481431468388445,21,307.0,0.07828212615973248,21,307.0
1830.0,43,23,22,1239,1282,0,125.0,2.9069767441860463,3.015976580434999,22,310.0,0.1199030727487077,22,310.0
1835.0,45,27,15,1239,1284,0,109.0,2.422222222222222,5.538055296255592,15,287.0,0.22540083295743923,15,287.0
1840.0,43,30,7,1242,1285,0,48.0,1.1162790697674418,5.520508394712736,7,314.0,0.2833827140914833,7,314.0
1845.0,40,34,8,1247,1287,0,29.0,0.725,6.186019682468308,8,335.0,0.3184648985235913,8,335.0
1850.0,40,34,15,1251,1291,0,87.0,2.175,4.937183478057793,15,393.0,0.21206802053293222,15,393.0
1855.0,43,33,14,1254,1297,0,85.0,1.9767441860465116,4.039050141682682,14,405.0,0.17475890639867647,14,405.0
1860.0,43,32,13,1258,1301,0,53.0,1.2325581395348837,4.2300976517153,13,366.0,0.17854058156874877,13,366.0
1865.0,45,32,12,1260,1305,0,52.0,1.1555555555555554,5.587281246905795,12,291.0,0.23255326173362925,12,291.0
1870.0,43,35,7,1263,1306,0,20.0,0.46511627906976744,5.5553392714644465,7,321.0,0.2724448828986513,7,321.0
1875.0,38,37,7,1268,1306,0,29.0,0.7631578947368421,5.822467440364328,7,347.0,0.25116649822521964,7,347.0
1880.0,39,34,13,1272,1311,0,83.0,2.128205128205128,4.132710858497281,13,401.0,0.1625207932537092,13,401.0
1885.0,40,33,15,1276,1316,0,85.0,2.125,2.883075914924774,15,411.0,0.14616578188428841,15,411.0
1890.0,39,35,11,1279,1318,0,55.0,1.4102564102564104,3.2404949221974677,11,351.0,0.13131582277094303,11,351.0
1895.0,42,35,11,1279,1321,0,45.0,1.0714285714285714,5.166019552569973,11,268.0,0.18981978726536938,11,268.0
1900.0,40,37,6,1282,1322,0,16.0,0.4,5.690762934929071,6,239.0,0.2658096510847505,6,239.0
1905.0,37,38,6,1287,1324,0,22.0,0.5945945945945946,6.051484414726669,6,262.0,0.32216259753237714,6,262.0
1910.0,36,38,13,1292,1328,0,75.0,2.0833333333333335,4.30158208866238,13,315.0,0.2463710402719609,13,315.0
1915.0,41,36,19,1295,1336,0,156.0,3.8048780487804876,3.5596218659390098,19,396.0,0.1833975758290678,19,396.0
1920.0,44,35,18,1296,1340,0,153.0,3.477272727272727,2.8112292999980824,18,417.0,0.13995785882931158,18,417.0
1925.0,45,39,19,1297,1342,0,117.0,2.6,3.864304249854944,19,359.0,0.13950525413569154,19,359.0
1930.0,46,41,17,1299,1345,0,99.0,2.152173913043478,5.29417163354876,17,311.0,0.1979908910039666,17,311.0
1935.0,43,41,10,1303,1346,0,74.0,1.7209302325581395,6.607518268915082,10,293.0,0.32271693932480405,10,293.0
1940.0,40,41,0,1308,1348,0,0.0,0.0,7.233443392814593,0,246.0,0.40667781583459894,0,246.0
1945.0,38,42,5,1314,1352,0,14.0,0.3684210526315789,7.082186446298421,5,241.0,0.394002655291858,5,241.0
1950.0,41,39,12,1317,1358,0,61.0,1.4878048780487805,5.417287140317295,12,288.0,0.20044748579344052,12,288.0
1955.0,43,38,18,1320,1363,0,137.0,3.186046511627907,3.7321072404382094,18,364.0,0.10907042297502029,18,364.0
1960.0,42,37,19,1325,1367,0,142.0,3.380952380952381,2.545478993691251,19,399.0,0.09254756545366419,19,399.0
1965.0,41,40,16,1328,1369,0,92.0,2.2439024390243905,3.63359305261007,16,362.0,0.15062864027197595,16,362.0
1970.0,43,42,14,1329,1372,0,76.0,1.7674418604651163,5.3109022880594,14,292.0,0.22684094003234564,14,292.0
1975.0,42,45,8,1331,1373,0,45.0,1.0714285714285714,6.695485541698875,8,240.0,0.33497780306594727,8,240.0
1980.0,37,48,3,1336,1373,0,24.0,0.6486486486486487,7.966521494354399,3,177.0,0.4233462300912251,3,177.0
1985.0,35,48,2,1342,1377,0,2.0,0.05714285714285714,7.294408381375855,2,160.0,0.3976682013995687,2,160.0
1990.0,34,47,7,1346,1380,0,26.0,0.7647058823529411,6.5594903842357395,7,169.0,0.2780050574412427,7,169.0
1995.0,36,43,12,1352,1388,0,77.0,2.138888888888889,5.207726944784766,12,220.0,0.2686494833130937,12,220.0
2000.0,36,40,18,1356,1392,0,156.0,4.333333333333333,3.0063814464982936,18,299.0,0.17841930330829542,18,299.0
2005.0,39,37,21,1358,1397,0,155.0,3.9743589743589745,1.0760442125172236,21,344.0,0.057998391360593766,21,344.0
2010.0,41,41,19,1358,1399,0,115.0,2.8048780487804876,3.0741190758611032,19,336.0,0.10507631435590657,19,336.0
2015.0,43,42,17,1358,1401,0,113.0,2.627906976744186,5.243280830786876,17,281.0,0.2003538723224399,17,281.0
2020.0,40,47,7,1362,1402,0,73.0,1.825,6.3686463330945555,7,245.0,0.3414869095237886,7,245.0
2025.0,37,51,1,1365,1402,0,1.0,0.02702702702702703,7.14232265301595,1,211.0,0.4119938537007182,1,211.0
2030.0,36,49,7,1371,1407,0,22.0,0.6111111111111112,6.493278689807,7,214.0,0.29294141572348503,7,214.0
2035.0,38,47,13,1375,1413,0,74.0,1.9473684210526316,4.579989729088513,13,266.0,0.20046290891300933,13,266.0
2040.0,39,44,15,1380,1419,0,77.0,1.9743589743589745,3.0511135081278398,15,291.0,0.1522695227703793,15,291.0
2045.0,41,45,9,1382,1423,0,43.0,1.048780487804878,4.363834258188304,9,262.0,0.2131910069624777,9,262.0
2050.0,43,46,10,1383,1426,0,36.0,0.8372093023255814,5.506571874580468,10,193.0,0.2277359267901236,10,193.0
2055.0,41,50,6,1386,1427,0,21.0,0.5121951219512195,6.5778718511418095,6,159.0,0.3357329759506786,6,159.0
2060.0,38,52,4,1390,1428,0,25.0,0.6578947368421053,8.281495689947352,4,114.0,0.48805217666717426,4,114.0
2065.0,39,50,1,1395,1434,0,1.0,0.02564102564102564,7.8435415016603525,1,99.0,0.4873435283647013,1,99.0
2070.0,37,50,7,1401,1438,0,21.0,0.5675675675675675,6.6416834207273086,7,105.0,0.3366472251075089,7,105.0
2075.0,38,49,13,1406,1444,0,74.0,1.9473684210526316,5.061161448533362,13,158.0,0.21774275946447927,13,158.0
2080.0,41,47,19,1410,1451,0,161.0,3.926829268292683,3.3759699537774117,19,246.0,0.1620226660128163,19,246.0
2085.0,41,47,19,1414,1455,0,168.0,4.097560975609756,2.2334123266929273,19,303.0,0.1301422004406583,19,303.0
2090.0,43,49,17,1415,1458,0,114.0,2.6511627906976742,3.4290850631619914,17,306.0,0.14777223716585713,17,306.0
2095.0,44,50,17,1415,1459,0,101.0,2.2954545454545454,5.164551630880698,17,268.0,0.18898125747675698,17,268.0
2100.0,41,50,8,1419,1460,0,61.0,1.4878048780487805,6.383434149501146,8,257.0,0.3123555197568554,8,257.0
2105.0,38,52,3,1423,1461,0,6.0,0.15789473684210525,6.5612710781449435,3,244.0,0.36326091942859917,3,244.0
2110.0,37,51,8,1429,1466,0,38.0,1.027027027027027,6.265646544173507,8,255.0,0.3455507090284097,8,255.0
2115.0,40,50,15,1432,1472,0,101.0,2.525,4.929550014960224,15,318.0,0.23774587231089186,15,318.0
2120.0,41,48,16,1436,1477,0,103.0,2.5121951219512195,2.9085983332953322,16,347.0,0.1426998582039887,16,347.0
2125.0,41,47,16,1439,1480,0,71.0,1.7317073170731707,2.871291468811291,16,326.0,0.11200151874643002,16,326.0
2130.0,43,49,14,1439,1482,0,73.0,1.697674418604651,4.493895059918188,14,271.0,0.12012837958440083,14,271.0
2135.0,44,51,8,1442,1486,0,33.0,0.75,5.530600339244396,8,302.0,0.29508806550356803,8,302.0
2140.0,41,53,7,1446,1487,0,28.0,0.6829268292682927,6.0655800070641215,7,311.0,0.3161268335550252,7,311.0
2145.0,40,52,13,1451,1491,0,84.0,2.1,4.428626212941644,13,368.0,0.21748981871247106,13,368.0
2150.0,41,50,15,1455,1496,0,85.0,2.073170731707317,2.660616074208134,15,377.0,0.11232706960341207,15,377.0
2155.0,43,51,14,1456,1499,0,69.0,1.6046511627906976,4.117953526498104,14,327.0,0.15409521176335172,14,327.0
2160.0,44,51,11,1459,1503,0,54.0,1.2272727272727273,5.6842271971942955,11,248.0,0.23753585029412078,11,248.0
2165.0,40,51,9,1463,1503,0,51.0,1.275,6.883019546157857,9,202.0,0.30028237031975547,9,202.0
2170.0,37,53,1,1468,1505,0,2.0,0.05405405405405406,7.105991522865111,1,183.0,0.43104629739221184,1,183.0
2175.0,37,52,7,1473,1510,0,24.0,0.6486486486486487,6.700688597214016,7,196.0,0.35534666667482706,7,196.0
2180.0,39,51,14,1477,1516,0,82.0,2.1025641025641026,4.845058824605265,14,254.0,0.2458827263534976,14,254.0
2185.0,42,48,16,1480,1522,0,91.0,2.1666666666666665,3.118496189446289,16,277.0,0.15432823139572469,16,277.0
2190.0,41,48,12,1484,1525,0,59.0,1.4390243902439024,3.8580566145554536,12,222.0,0.17908985169089908,12,222.0
2195.0,44,49,12,1484,1528,0,53.0,1.2045454545454546,5.237003082854336,12,193.0,0.20115501379178685,12,193.0
2200.0,42,50,10,1487,1529,0,56.0,1.3333333333333333,6.606449335906516,10,163.0,0.2961461903837594,10,163.0
2205.0,37,52,6,1492,1529,0,58.0,1.5675675675675675,7.478941770594875,6,151.0,0.41081917481640745,6,151.0
2210.0,36,53,3,1497,1533,0,4.0,0.1111111111111111,6.967067653001713,3,133.0,0.41720004432488744,3,133.0
2215.0,38,49,7,1502,1540,0,31.0,0.8157894736842105,6.880871585584437,7,124.0,0.36296364413245086,7,124.0
2220.0,40,45,15,1506,1546,0,91.0,2.275,4.82016859225306,15,184.0,0.2341658960218049,15,184.0
2225.0,39,46,16,1510,1549,0,97.0,2.4871794871794872,2.6275872787521095,16,225.0,0.08490489130167136,16,225.0
2230.0,41,47,15,1513,1554,0,78.0,1.9024390243902438,3.709151293982156,15,223.0,0.15463767804307904,15,223.0
2235.0,44,45,12,1514,1558,0,59.0,1.3409090909090908,5.641292041817424,12,192.0,0.2369325646401754,12,192.0
2240.0,42,48,8,1516,1558,0,56.0,1.3333333333333333,7.051391132313065,8,189.0,0.3428779329313479,8,189.0
2245.0,37,50,4,1522,1559,0,40.0,1.0810810810810811,7.603118916498095,4,156.0,0.3837841974713108,4,156.0
2250.0,37,48,2,1528,1565,0,4.0,0.10810810810810811,7.6315762665249585,2,138.0,0.47517062630128515,2,138.0
2255.0,36,47,8,1533,1569,0,28.0,0.7777777777777778,6.374151498735078,8,144.0,0.3518177312677409,8,144.0
2260.0,41,45,13,1536,1577,0,82.0,2.0,5.544033951752575,13,198.0,0.286642735331798,13,198.0
2265.0,43,45,14,1539,1582,0,85.0,1.9767441860465116,4.351484272009438,14,229.0,0.1980779538482664,14,229.0
2270.0,44,43,10,1542,1586,0,45.0,1.0227272727272727,4.802644452123892,10,209.0,0.2019036295357802,10,209.0
2275.0,44,43,10,1546,1590,0,30.0,0.6818181818181818,5.163460389978993,10,151.0,0.18270603747269795,10,151.0
2280.0,42,46,8,1550,1592,0,36.0,0.8571428571428571,6.929743473856658,8,131.0,0.3293878711411825,8,131.0
2285.0,37,49,1,1555,1592,0,3.0,0.08108108108108109,6.513363310932769,1,129.0,0.35022933426446845,1,129.0
2290.0,38,46,8,1560,1598,0,30.0,0.7894736842105263,6.10532047690293,8,139.0,0.2958691191494772,8,139.0
2295.0,40,46,14,1563,1603,0,88.0,2.2,5.200589084739285,14,197.0,0.2452447266026409,14,197.0
2300.0,41,45,14,1567,1608,0,88.0,2.1463414634146343,3.671330873989743,14,230.0,0.1906779107672174,14,230.0
2305.0,40,46,12,1571,1611,0,56.0,1.4,3.256201126302586,12,188.0,0.09718103064271832,12,188.0
2310.0,42,46,14,1571,1613,0,60.0,1.4285714285714286,4.898670334822504,14,195.0,0.15493536584660847,14,195.0
2315.0,40,48,8,1574,1614,0,55.0,1.375,6.796110328552305,8,173.0,0.28398688035251485,8,173.0
2320.0,38,51,4,1579,1617,0,61.0,1.605263157894737,8.837640958794776,4,154.0,0.5302632725336801,4,154.0
2325.0,35,50,2,1585,1620,0,2.0,0.05714285714285714,8.407829994001968,2,112.0,0.5135594407682452,2,112.0
2330.0,36,50,7,1590,1626,0,23.0,0.6388888888888888,6.914895648951265,7,101.0,0.3362434498464908,7,101.0
2335.0,40,46,12,1595,1635,0,73.0,1.825,5.862548729329154,12,151.0,0.32067440628222094,12,151.0
2340.0,41,46,12,1599,1640,0,73.0,1.7804878048780488,3.911865093658495,12,181.0,0.19039770911868012,12,181.0
2345.0,43,46,11,1602,1645,0,41.0,0.9534883720930233,3.9141229058461477,11,171.0,0.18255012311978677,11,171.0
2350.0,44,48,11,1603,1647,0,44.0,1.0,5.150598165092991,11,140.0,0.19710388754419508,11,140.0
2355.0,42,48,5,1607,1649,0,10.0,0.23809523809523808,5.1890600287718645,5,161.0,0.2648223569603938,5,161.0
2360.0,41,52,8,1611,1652,0,30.0,0.7317073170731707,6.304549232075816,8,181.0,0.32165806993301144,8,181.0
2365.0,42,52,13,1616,1658,0,86.0,2.0476190476190474,4.591989544670242,13,237.0,0.2537699472605838,13,237.0
2370.0,44,49,15,1619,1663,0,83.0,1.8863636363636365,3.4205259521726274,15,259.0,0.1837200464993317,15,259.0
2375.0,44,50,14,1621,1665,0,59.0,1.3409090909090908,3.543034713366318,14,254.0,0.12629667291177218,14,254.0
2380.0,44,51,16,1623,1667,0,77.0,1.75,4.438149160914858,16,240.0,0.12527488259363445,16,240.0
2385.0,42,54,12,1626,1668,0,85.0,2.0238095238095237,6.275899293747696,12,233.0,0.23484911468106937,12,233.0
2390.0,37,58,1,1631,1668,0,3.0,0.08108108108108109,6.321655065728469,1,232.0,0.35087754604850746,1,232.0
2395.0,36,58,7,1636,1672,0,24.0,0.6666666666666666,6.323141337999416,7,206.0,0.3023153394496605,7,206.0
2400.0,38,56,13,1640,1678,0,76.0,2.0,4.777958186939352,13,258.0,0.21224804666668368,13,258.0
2405.0,38,53,15,1644,1682,0,84.0,2.210526315789474,3.1693619262343096,15,289.0,0.14890692787936746,15,289.0
2410.0,39,51,11,1647,1686,0,50.0,1.2820512820512822,3.4362230829314,11,259.0,0.13439897231147974,11,259.0
2415.0,42,51,10,1647,1689,0,40.0,0.9523809523809523,5.442970074496933,10,196.0,0.18980547736646391,10,196.0
2420.0,37,53,6,1652,1689,0,30.0,0.8108108108108109,6.427903856512655,6,176.0,0.29357593717073754,6,176.0
2425.0,35,55,3,1655,1690,0,33.0,0.9428571428571428,8.407373880787556,3,114.0,0.4460028877808484,3,114.0
2430.0,35,56,2,1660,1695,0,4.0,0.11428571428571428,7.874168544108184,2,86.0,0.4718279622885664,2,86.0
2435.0,35,56,7,1664,1699,0,29.0,0.8285714285714286,6.701314473790549,7,102.0,0.3148701787213369,7,102.0
2440.0,35,53,12,1669,1704,0,80.0,2.2857142857142856,5.274774951253072,12,153.0,0.2372948868873712,12,153.0
2445.0,36,51,13,1674,1710,0,73.0,2.0277777777777777,3.0893957703974735,13,180.0,0.16481171462569524,13,180.0
2450.0,39,48,9,1676,1715,0,38.0,0.9743589743589743,3.5017858908666155,9,162.0,0.15193895514099215,9,162.0
2455.0,40,49,9,1676,1716,0,29.0,0.725,5.337755157735853,9,125.0,0.1581659104516238,9,125.0
2460.0,38,50,5,1680,1718,0,25.0,0.6578947368421053,6.6743201689873315,5,117.0,0.3051077335403041,5,117.0
2465.0,34,52,1,1684,1718,0,1.0,0.029411764705882353,7.506669588976446,1,93.0,0.4140081607982113,1,93.0
2470.0,33,49,7,1690,1723,0,25.0,0.7575757575757576,6.285031707741562,7,114.0,0.2838151152676754,7,114.0
2475.0,34,46,13,1695,1729,0,76.0,2.235294117647059,4.16357830311503,13,167.0,0.2313680351609284,13,167.0
2480.0,34,47,19,1698,1732,0,162.0,4.764705882352941,2.244860934210701,19,253.0,0.13028775463976622,19,253.0
2485.0,38,46,19,1698,1736,0,163.0,4.2894736842105265,1.577460933548862,19,308.0,0.06675814817193174,19,308.0
2490.0,41,46,18,1699,1740,0,128.0,3.1219512195121952,2.971147891375069,18,313.0,0.09407741134784307,18,313.0
2495.0,41,49,16,1699,1740,0,102.0,2.4878048780487805,5.31595414009894,16,288.0,0.1607078895285539,16,288.0
2500.0,39,53,9,1703,1742,0,77.0,1.9743589743589745,7.061051188627287,9,273.0,0.3355370945828268,9,273.0
2505.0,35,56,1,1708,1743,0,2.0,0.05714285714285714,7.691566303513363,1,226.0,0.43627959349605855,1,226.0
2510.0,37,53,7,1711,1748,0,24.0,0.6486486486486487,6.6883040301403165,7,244.0,0.3296103000071278,7,244.0
2515.0,36,55,15,1716,1752,0,81.0,2.25,4.912900954868977,15,301.0,0.19897275954153731,15,301.0
2520.0,39,51,15,1721,1760,0,90.0,2.3076923076923075,3.71648607662351,15,325.0,0.21352772940274967,15,325.0
2525.0,41,51,11,1723,1764,0,53.0,1.2926829268292683,4.049110001758381,11,294.0,0.18652762576074586,11,294.0
2530.0,43,50,11,1723,1766,0,44.0,1.0232558139534884,5.29443517003986,11,223.0,0.17591278825077786,11,223.0
2535.0,43,52,9,1726,1769,0,48.0,1.1162790697674418,6.914601563868172,9,180.0,0.33676412582241355,9,180.0
2540.0,40,54,2,1730,1770,0,3.0,0.075,7.466921156168608,2,157.0,0.43073100520568497,2,157.0
2545.0,38,52,8,1736,1774,0,30.0,0.7894736842105263,6.909805193715894,8,169.0,0.355507892179202,8,169.0
2550.0,39,49,14,1740,1779,0,86.0,2.2051282051282053,5.001401226134942,14,225.0,0.16098388143157127,14,225.0
2555.0,38,48,14,1746,1784,0,86.0,2.263157894736842,2.86702669652769,14,238.0,0.10367210100765778,14,238.0
2560.0,39,45,11,1749,1788,0,50.0,1.2820512820512822,4.013074416303699,11,220.0,0.1603652212424394,11,220.0
2565.0,41,46,8,1750,1791,0,38.0,0.926829268292683,5.856398485327716,8,172.0,0.2219684498682814,8,172.0
2570.0,37,51,7,1754,1791,0,27.0,0.7297297297297297,7.166302145084425,7,150.0,0.31357474755370546,7,150.0
2575.0,35,52,0,1759,1794,0,0.0,0.0,7.890732230874205,0,138.0,0.45510609527689816,0,138.0
2580.0,33,49,8,1765,1798,0,26.0,0.7878787878787878,6.074937965661621,8,164.0,0.34370477989153553,8,164.0
2585.0,35,45,12,1767,1802,0,76.0,2.1714285714285713,4.34067753957558,12,214.0,0.15404411669626447,12,214.0
2590.0,36,43,12,1771,1807,0,73.0,2.0277777777777777,2.9706676019257707,12,231.0,0.12130635116985568,12,231.0
2595.0,39,44,11,1772,1811,0,48.0,1.2307692307692308,4.036185738100027,11,210.0,0.14049236876294377,11,210.0
2600.0,40,47,7,1774,1814,0,21.0,0.525,5.632804855480927,7,153.0,0.1946878394354457,7,153.0
2605.0,38,49,5,1777,1815,0,15.0,0.39473684210526316,7.391400987701206,5,118.0,0.3349014838018957,5,118.0
2610.0,33,53,2,1783,1816,0,6.0,0.18181818181818182,9.400037234207472,2,81.0,0.5455853071149409,2,81.0
2615.0,32,52,2,1789,1821,0,4.0,0.125,7.998377348708482,2,74.0,0.5066045560879682,2,74.0
2620.0,35,49,8,1792,1827,0,32.0,0.9142857142857143,6.617110932341191,8,102.0,0.35412332087688403,8,102.0
2625.0,32,47,14,1798,1830,0,89.0,2.78125,3.7885800735344803,14,159.0,0.18698831575792194,14,159.0
2630.0,34,47,15,1800,1834,0,87.0,2.5588235294117645,2.4335612521751484,15,195.0,0.11994939028251181,15,195.0
2635.0,38,47,10,1801,1839,0,52.0,1.368421052631579,4.084461814186774,10,185.0,0.17197266421455684,10,185.0
2640.0,39,49,8,1802,1841,0,35.0,0.8974358974358975,5.8569872880603375,8,142.0,0.19533411602572154,8,142.0
2645.0,38,51,5,1806,1844,0,11.0,0.2894736842105263,5.81775718535085,5,163.0,0.2762952697446895,5,163.0
2650.0,33,55,7,1812,1845,0,27.0,0.8181818181818182,4.746200202249504,7,191.0,0.28522696571863615,7,191.0
2655.0,37,56,14,1813,1850,0,82.0,2.2162162162162162,3.5916217945066493,14,246.0,0.17190461597296464,14,246.0
2660.0,39,54,14,1816,1855,0,84.0,2.1538461538461537,2.9909922639749795,14,270.0,0.16217696992326178,14,270.0
2665.0,41,54,13,1817,1858,0,54.0,1.3170731707317074,3.5938899682676597,13,252.0,0.14731252170022677,13,252.0
2670.0,42,55,11,1818,1860,0,52.0,1.2380952380952381,4.8256136629917235,11,218.0,0.16536965624542296,11,218.0
2675.0,38,59,7,1822,1860,0,24.0,0.631578947368421,4.754688115169567,7,230.0,0.21839113373913938,7,230.0
2680.0,35,61,6,1825,1860,0,20.0,0.5714285714285714,4.949577925797433,6,254.0,0.1971201508876865,6,254.0
2685.0,35,58,13,1830,1865,0,68.0,1.9428571428571428,3.243251188942199,13,303.0,0.15397236055827176,13,303.0
2690.0,37,58,13,1833,1870,0,68.0,1.837837837837838,2.3904011722602587,13,320.0,0.1424945597729474,13,320.0
2695.0,39,58,10,1834,1873,0,38.0,0.9743589743589743,3.3675281857897184,10,280.0,0.1598232338293792,10,280.0
2700.0,42,58,9,1834,1876,0,36.0,0.8571428571428571,4.973293534987282,9,216.0,0.19610401864026686,9,216.0
2705.0,41,61,8,1836,1877,0,36.0,0.8780487804878049,6.426580077285588,8,193.0,0.3060530342432891,8,193.0
2710.0,39,63,1,1841,1880,0,2.0,0.05128205128205128,6.910964120248623,1,172.0,0.4127808815545007,1,172.0
2715.0,38,63,7,1845,1883,0,22.0,0.5789473684210527,6.414183079403625,7,190.0,0.3458241093372609,7,190.0
2720.0,39,63,12,1850,1889,0,70.0,1.794871794871795,5.175535327391098,12,238.0,0.22966197342551228,12,238.0
2725.0,39,62,12,1855,1894,0,67.0,1.7179487179487178,3.353399344019649,12,253.0,0.1556657951795075,12,253.0
2730.0,42,61,10,1857,1899,0,40.0,0.9523809523809523,4.204442822943074,10,219.0,0.17569938580472652,10,219.0
2735.0,43,61,10,1859,1902,0,36.0,0.8372093023255814,5.594266281804248,10,170.0,0.22153299584827513,10,170.0
2740.0,41,63,6,1863,1904,0,18.0,0.43902439024390244,5.632658272025428,6,202.0,0.2944662684671737,6,202.0
2745.0,37,65,9,1867,1904,0,37.0,1.0,5.365296539871864,9,237.0,0.2473242779353197,9,237.0
2750.0,40,63,14,1870,1910,0,97.0,2.425,4.34348285955069,14,297.0,0.1747159438432493,14,297.0
2755.0,40,62,14,1875,1915,0,93.0,2.325,3.460468226057506,14,317.0,0.1918105412528816,14,317.0
2760.0,42,60,11,1877,1919,0,52.0,1.2380952380952381,4.492373825985429,11,236.0,0.19870339977364523,11,236.0
2765.0,44,62,11,1878,1922,0,41.0,0.9318181818181818,5.671239776205276,11,220.0,0.25113069012217454,11,220.0
2770.0,40,64,9,1882,1922,0,44.0,1.1,6.2528299401698915,9,184.0,0.26118454099658456,9,184.0
2775.0,37,67,5,1887,1924,0,47.0,1.2702702702702702,7.86992783258987,5,163.0,0.4714779268233644,5,163.0
2780.0,39,68,1,1890,1929,0,1.0,0.02564102564102564,8.120470444483603,1,127.0,0.5055970490641107,1,127.0
2785.0,42,65,6,1895,1937,0,20.0,0.47619047619047616,7.735787664690931,6,113.0,0.41791511263583553,6,113.0
2790.0,43,61,13,1901,1944,0,74.0,1.7209302325581395,6.197469157472553,13,167.0,0.30756745665069296,13,167.0
2795.0,43,59,13,1906,1949,0,79.0,1.8372093023255813,4.497758528600941,13,193.0,0.22627101665930752,13,193.0
2800.0,42,58,13,1912,1954,0,53.0,1.2619047619047619,3.1699043351275913,13,191.0,0.12219831990856617,13,191.0
2805.0,44,59,13,1912,1956,0,54.0,1.2272727272727273,4.904906329669305,13,158.0,0.1432941583935483,13,158.0
2810.0,42,62,10,1915,1957,0,73.0,1.7380952380952381,6.232876591307375,10,165.0,0.257445596801103,10,165.0
2815.0,38,66,6,1920,1958,0,85.0,2.236842105263158,7.7532731151561025,6,169.0,0.4369670231219472,6,169.0
2820.0,39,64,3,1925,1964,0,6.0,0.15384615384615385,7.249255292294035,3,154.0,0.43070993474747155,3,154.0
2825.0,38,62,8,1930,1968,0,31.0,0.8157894736842105,6.574873134822742,8,117.0,0.33171528265289835,8,117.0
2830.0,39,61,14,1934,1973,0,86.0,2.2051282051282053,4.9139606792761,14,170.0,0.14534401358370128,14,170.0
2835.0,42,59,13,1939,1981,0,82.0,1.9523809523809523,3.6147790826901476,13,203.0,0.15679419826765167,13,203.0
2840.0,40,59,9,1943,1983,0,42.0,1.05,4.116962502394872,9,170.0,0.17339858322572294,9,170.0
2845.0,41,58,9,1944,1985,0,31.0,0.7560975609756098,5.008218061170712,9,140.0,0.17342457893763483,9,140.0
2850.0,40,59,8,1946,1986,0,29.0,0.725,6.715876100877106,8,126.0,0.2884631863657257,8,126.0
2855.0,34,60,1,1952,1986,0,2.0,0.058823529411764705,7.206325758490258,1,119.0,0.3853782872124214,1,119.0
2860.0,33,59,7,1958,1991,0,25.0,0.7575757575757576,6.1431249865025075,7,136.0,0.347134623233911,7,136.0
2865.0,36,55,13,1962,1998,0,80.0,2.2222222222222223,4.338823542634393,13,192.0,0.25240953464212557,13,192.0
2870.0,37,53,14,1965,2002,0,82.0,2.2162162162162162,2.9320564495813106,14,227.0,0.18585606092338847,14,227.0
2875.0,42,53,11,1965,2007,0,52.0,1.2380952380952381,3.724320441989399,11,218.0,0.13854456721534023,11,218.0
2880.0,44,54,12,1966,2010,0,52.0,1.1818181818181819,5.687621622318255,12,180.0,0.2017828646529539,12,180.0
2885.0,40,57,9,1970,2010,0,53.0,1.325,6.852657793038392,9,154.0,0.27129915337373184,9,154.0
2890.0,34,61,2,1976,2010,0,2.0,0.058823529411764705,6.5739485370647595,2,147.0,0.3595181294442962,2,147.0
2895.0,35,62,7,1980,2015,0,28.0,0.8,6.1881405173210835,7,142.0,0.27112749965291094,7,142.0
2900.0,36,61,13,1983,2019,0,81.0,2.25,4.604476734359534,13,195.0,0.1829489474838502,13,195.0
2905.0,37,57,13,1989,2026,0,78.0,2.108108108108108,2.760276578393188,13,217.0,0.16089996807135665,13,217.0
2910.0,40,56,11,1990,2030,0,48.0,1.2,4.09945187955017,11,184.0,0.18556161497607135,11,184.0
2915.0,43,56,9,1990,2033,0,37.0,0.8604651162790697,5.680674217242754,9,159.0,0.22208741993101894,9,159.0
2920.0,41,59,7,1993,2034,0,33.0,0.8048780487804879,7.262673986466336,7,133.0,0.301553331821832,7,133.0
2925.0,36,61,4,1998,2034,0,40.0,1.1111111111111112,8.617578565643708,4,122.0,0.43580638157458423,4,122.0
2930.0,34,60,0,2004,2038,0,0.0,0.0,7.7988331484985505,0,88.0,0.4291062426217999,0,88.0
2935.0,35,58,6,2009,2044,0,18.0,0.5142857142857142,7.149638461632761,6,87.0,0.33631015496026545,6,87.0
2940.0,36,57,12,2014,2050,0,65.0,1.8055555555555556,5.36850387374002,12,134.0,0.2788617834691316,12,134.0
2945.0,38,52,13,2018,2056,0,69.0,1.8157894736842106,3.985406402085692,13,169.0,0.23618137003862738,13,169.0
2950.0,42,50,11,2020,2062,0,44.0,1.0476190476190477,4.403301670804369,11,149.0,0.2003434994331185,11,149.0
2955.0,44,51,9,2020,2064,0,38.0,0.8636363636363636,5.631159389514003,9,132.0,0.1896269116452446,9,132.0
2960.0,42,51,10,2025,2067,0,62.0,1.4761904761904763,6.6502522760014635,10,131.0,0.3015226395935981,10,131.0
2965.0,38,54,3,2030,2068,0,6.0,0.15789473684210525,6.6231720432267815,3,125.0,0.3728404103912168,3,125.0
2970.0,38,51,8,2034,2072,0,28.0,0.7368421052631579,6.036098772319603,8,112.0,0.2854823079218288,8,112.0
2975.0,38,51,13,2038,2076,0,83.0,2.1842105263157894,4.870053948677145,13,164.0,0.14014889375989145,13,164.0
2980.0,39,48,14,2042,2081,0,81.0,2.076923076923077,3.822519203688486,14,197.0,0.1422392043099172,14,197.0
2985.0,38,46,9,2048,2086,0,41.0,1.0789473684210527,3.8464951038478254,9,183.0,0.17483854039856803,9,183.0
2990.0,40,46,11,2048,2088,0,33.0,0.825,5.500261732260437,11,153.0,0.17911984052878818,11,153.0
2995.0,36,47,5,2052,2088,0,20.0,0.5555555555555556,7.263812904353944,5,123.0,0.3025705085818464,5,123.0
3000.0,31,52,3,2057,2088,0,4.0,0.12903225806451613,7.2622374304774455,3,125.0,0.38009937567651964,3,125.0
3005.0,31,50,8,2062,2093,0,33.0,1.064516129032258,5.566868284259482,8,154.0,0.2892629227917079,8,154.0
3010.0,32,47,15,2066,2098,0,93.0,2.90625,3.5466265529335868,15,214.0,0.21512695407202193,15,214.0
3015.0,36,45,15,2068,2104,0,96.0,2.6666666666666665,2.5766480017044526,15,246.0,0.17384560027306684,15,246.0
3020.0,39,45,13,2068,2107,0,58.0,1.4871794871794872,3.654278322459472,13,235.0,0.14780218091358904,13,235.0
3025.0,43,46,12,2068,2111,0,49.0,1.1395348837209303,5.579834451441192,12,196.0,0.1899890610291008,12,196.0
3030.0,40,48,8,2072,2112,0,45.0,1.125,7.250284882124461,8,192.0,0.36277294594202764,8,192.0
3035.0,36,51,1,2076,2112,0,1.0,0.027777777777777776,7.596344223475989,1,156.0,0.394635254830259,1,156.0
3040.0,35,49,6,2082,2117,0,21.0,0.6,6.701386595148841,6,169.0,0.3097773701953464,6,169.0
3045.0,34,49,12,2086,2120,0,70.0,2.0588235294117645,4.407071644471121,12,218.0,0.19744621326104914,12,218.0
3050.0,34,45,17,2091,2125,0,147.0,4.323529411764706,2.139535411154737,17,295.0,0.14521675660030153,17,295.0
3055.0,37,46,19,2092,2129,0,146.0,3.945945945945946,1.4166487087742337,19,331.0,0.09046353834405066,19,331.0
3060.0,40,46,15,2092,2132,0,99.0,2.475,2.8628215233532734,15,321.0,0.11168490302189762,15,321.0
3065.0,43,48,14,2092,2135,0,88.0,2.046511627906977,5.265120814855141,14,271.0,0.21126823837057807,14,271.0
3070.0,41,51,8,2094,2135,0,41.0,1.0,5.720804985707008,8,300.0,0.27890813578494333,8,300.0
3075.0,38,53,7,2099,2137,0,29.0,0.7631578947368421,5.826321582776408,7,332.0,0.28328479150429803,7,332.0
3080.0,37,53,15,2104,2141,0,88.0,2.3783783783783785,3.7510831853465993,15,391.0,0.18459503965595594,15,391.0
3085.0,41,51,14,2107,2148,0,91.0,2.2195121951219514,3.1834892773451045,14,405.0,0.1757994191310073,14,405.0
3090.0,41,49,14,2109,2150,0,61.0,1.4878048780487805,3.759199847672762,14,360.0,0.16433519365398924,14,360.0
3095.0,44,49,13,2109,2153,0,59.0,1.3409090909090908,5.166040777593435,13,287.0,0.16810114899498999,13,287.0
3100.0,42,50,10,2112,2154,0,67.0,1.5952380952380953,6.498660002621832,10,247.0,0.2773954267659261,10,247.0
3105.0,38,54,6,2117,2155,0,68.0,1.7894736842105263,8.123742043177348,6,199.0,0.4410239944454326,6,199.0
3110.0,37,54,3,2123,2160,0,3.0,0.08108108108108109,7.2280035401464096,3,167.0,0.42641789902801597,3,167.0
3115.0,40,49,8,2127,2167,0,29.0,0.725,7.047911924808277,8,148.0,0.3850050463830143,8,148.0
3120.0,39,49,14,2132,2171,0,82.0,2.1025641025641026,5.60895837333392,14,200.0,0.2624365026142192,14,200.0
3125.0,39,45,14,2137,2176,0,79.0,2.0256410256410255,3.057595545311586,14,218.0,0.12444251505511582,14,218.0
3130.0,41,45,12,2140,2181,0,51.0,1.2439024390243902,3.9226035703846343,12,198.0,0.17013660586894308,12,198.0
3135.0,44,46,10,2141,2185,0,53.0,1.2045454545454546,5.351431775180104,10,157.0,0.22119344034769534,10,157.0
3140.0,42,48,10,2144,2186,0,63.0,1.5,6.460270455338596,10,157.0,0.32343547838546205,10,157.0
3145.0,39,51,7,2149,2188,0,70.0,1.794871794871795,7.681008755484802,7,145.0,0.4157486761639075,7,145.0
3150.0,38,50,2,2153,2191,0,7.0,0.18421052631578946,7.627635481455852,2,117.0,0.43161629544496544,2,117.0
3155.0,38,47,6,2159,2197,0,20.0,0.5263157894736842,6.704528446016115,6,95.0,0.3387601514746386,6,95.0
3160.0,37,44,12,2164,2201,0,69.0,1.864864864864865,5.193250642840084,12,138.0,0.19951123146477637,12,138.0
3165.0,38,42,13,2168,2206,0,69.0,1.8157894736842106,3.601000105562452,13,170.0,0.14813444743052717,13,170.0
3170.0,39,41,10,2173,2212,0,40.0,1.0256410256410255,3.752142763284002,10,145.0,0.16366858036039308,10,145.0
3175.0,40,42,7,2173,2213,0,27.0,0.675,5.640847590206249,7,120.0,0.22007336984516282,7,120.0
3180.0,37,44,5,2177,2214,0,24.0,0.6486486486486487,6.823999985420826,5,103.0,0.3034772883732733,5,103.0
3185.0,33,45,3,2182,2215,0,25.0,0.7575757575757576,8.26299679128636,3,85.0,0.4567821836217242,3,85.0
3190.0,34,45,3,2186,2220,0,40.0,1.1764705882352942,9.35534480832756,3,71.0,0.5775630780563222,3,71.0
3195.0,34,45,1,2192,2226,0,1.0,0.029411764705882353,8.44859198694561,1,43.0,0.5467024408400398,1,43.0
3200.0,36,40,6,2196,2232,0,21.0,0.5833333333333334,6.702523109786356,6,52.0,0.3466847078342386,6,52.0
3205.0,38,40,13,2200,2238,0,73.0,1.9210526315789473,4.9958380842577235,13,105.0,0.2203857970516561,13,105.0
3210.0,39,37,13,2204,2243,0,76.0,1.9487179487179487,4.0124940457629,13,148.0,0.21158684825360796,13,148.0
3215.0,40,34,12,2208,2248,0,46.0,1.15,4.224165691550918,12,148.0,0.2156093085818398,12,148.0
3220.0,43,32,12,2208,2251,0,40.0,0.9302325581395349,4.986662524986548,12,134.0,0.1767712806234016,12,134.0
3225.0,39,34,8,2212,2251,0,25.0,0.6410256410256411,4.67716456694904,8,168.0,0.19926249395780635,8,168.0
3230.0,37,35,8,2215,2252,0,26.0,0.7027027027027027,5.408308378040948,8,193.0,0.23008262998412793,8,193.0
3235.0,36,35,15,2220,2256,0,84.0,2.3333333333333335,3.577718665311861,15,251.0,0.1532968022858521,15,251.0
3240.0,37,35,15,2224,2261,0,87.0,2.3513513513513513,2.115088394155623,15,283.0,0.11496563703567203,15,283.0
3245.0,40,35,12,2225,2265,0,57.0,1.425,3.7783076884629274,12,256.0,0.16417917999083906,12,256.0
3250.0,42,36,10,2225,2267,0,51.0,1.2142857142857142,5.719642671663885,10,232.0,0.23070149127758696,10,232.0
3255.0,38,39,7,2229,2267,0,37.0,0.9736842105263158,6.691504351005082,7,200.0,0.31278089782864477,7,200.0
3260.0,36,42,4,2233,2269,0,34.0,0.9444444444444444,8.291331727289343,4,152.0,0.5109999939708939,4,152.0
3265.0,35,40,2,2238,2273,0,4.0,0.11428571428571428,7.56143530566932,2,118.0,0.46666165156440403,2,118.0
3270.0,37,37,8,2243,2280,0,30.0,0.8108108108108109,6.76224360868558,8,134.0,0.39953855305369734,8,134.0
3275.0,40,35,15,2247,2287,0,89.0,2.225,5.374628973289746,15,194.0,0.2917482017569357,15,194.0
3280.0,40,34,21,2252,2292,0,180.0,4.5,3.4803284084246,21,285.0,0.1800129934021863,21,285.0
3285.0,43,34,21,2254,2297,0,184.0,4.27906976744186,2.3422574772402185,21,331.0,0.11770419728249105,21,331.0
3290.0,44,32,22,2256,2300,0,140.0,3.1818181818181817,2.9935000758395947,22,339.0,0.12057898645791225,22,339.0
3295.0,45,36,18,2256,2301,0,133.0,2.9555555555555557,5.016333392293236,18,314.0,0.1848985739892135,18,314.0
3300.0,43,38,11,2260,2303,0,100.0,2.3255813953488373,6.319154806523078,11,308.0,0.3219196900507402,11,308.0
3305.0,41,39,6,2264,2305,0,86.0,2.097560975609756,8.023798248281944,6,265.0,0.47060699741548667,6,265.0
3310.0,40,37,7,2270,2310,0,16.0,0.4,6.449911513136451,7,257.0,0.38903470611548474,7,257.0
3315.0,43,37,10,2273,2316,0,44.0,1.0232558139534884,6.133320717271989,10,230.0,0.33916908423078973,10,230.0
3320.0,44,32,16,2278,2322,0,111.0,2.522727272727273,5.350970444485042,16,290.0,0.24707580458672507,16,290.0
3325.0,48,30,21,2280,2328,0,206.0,4.291666666666667,4.201261270943626,21,387.0,0.1608812423223529,21,387.0
3330.0,46,29,23,2286,2332,0,211.0,4.586956521739131,2.790194346532004,23,443.0,0.10607836767671852,23,443.0
3335.0,45,30,22,2290,2335,0,175.0,3.888888888888889,3.4067763988653286,22,403.0,0.12240128961226548,22,403.0
3340.0,46,32,19,2291,2337,0,151.0,3.282608695652174,5.369472531932125,19,370.0,0.2040960762382156,19,370.0
3345.0,42,35,5,2295,2337,0,41.0,0.9761904761904762,5.007379545911947,5,398.0,0.22268335504575787,5,398.0
3350.0,38,38,8,2299,2337,0,28.0,0.7368421052631579,5.048434079054442,8,412.0,0.21185361758525317,8,412.0
3355.0,41,37,14,2303,2344,0,84.0,2.048780487804878,4.447502237852054,14,469.0,0.18789785645596815,14,469.0
3360.0,44,36,15,2306,2350,0,86.0,1.9545454545454546,3.9835896619765494,15,468.0,0.195599696854171,15,468.0
3365.0,42,36,10,2311,2353,0,47.0,1.119047619047619,4.038420356891395,10,370.0,0.18932489144398834,10,370.0
3370.0,45,37,12,2311,2356,0,39.0,0.8666666666666667,5.242065615827575,12,306.0,0.1900555098172027,12,306.0
3375.0,41,40,6,2315,2356,0,14.0,0.34146341463414637,5.4111366352702275,6,315.0,0.24446016163240053,6,315.0
3380.0,38,40,7,2319,2357,0,26.0,0.6842105263157895,6.102874487947483,7,331.0,0.2727761560343538,7,331.0
3385.0,38,38,13,2324,2362,0,76.0,2.0,4.649253078304868,13,381.0,0.20157654652827167,13,381.0
3390.0,37,36,12,2329,2366,0,72.0,1.945945945945946,2.5022000468679972,12,378.0,0.12402025925189375,12,378.0
3395.0,39,36,11,2331,2370,0,45.0,1.1538461538461537,3.35398701925543,11,312.0,0.13260933591038268,11,312.0
3400.0,42,38,12,2331,2373,0,52.0,1.2380952380952381,5.457769972636961,12,211.0,0.1761326240568141,12,211.0
3405.0,41,40,8,2335,2376,0,51.0,1.2439024390243902,7.702977052821197,8,197.0,0.3975034153549695,8,197.0
3410.0,37,42,3,2340,2377,0,35.0,0.9459459459459459,8.823914811939632,3,146.0,0.511343926577961,3,146.0
3415.0,38,42,2,2345,2383,0,4.0,0.10526315789473684,7.061923707449958,2,124.0,0.42924495432589727,2,124.0
3420.0,38,39,7,2349,2387,0,29.0,0.7631578947368421,6.475831240950544,7,140.0,0.337296526003168,7,140.0
3425.0,38,36,13,2353,2391,0,82.0,2.1578947368421053,4.999348526544716,13,193.0,0.18965564115035657,13,193.0
3430.0,37,36,13,2358,2395,0,76.0,2.054054054054054,3.063993305466164,13,218.0,0.09031272262273671,13,218.0
3435.0,38,33,11,2362,2400,0,44.0,1.1578947368421053,3.7207809737270803,11,198.0,0.14485415201784177,11,198.0
3440.0,42,33,9,2363,2405,0,30.0,0.7142857142857143,5.862975717083579,9,149.0,0.25748212752421284,9,149.0
3445.0,41,36,5,2366,2407,0,18.0,0.43902439024390244,7.738605880151795,5,129.0,0.45876174095210354,5,129.0
3450.0,36,39,2,2371,2407,0,2.0,0.05555555555555555,7.777901362110596,2,120.0,0.4415063735273747,2,120.0
3455.0,38,36,8,2374,2412,0,29.0,0.7631578947368421,6.439304992904874,8,147.0,0.2870396286268043,8,147.0
3460.0,37,34,12,2381,2418,0,81.0,2.189189189189189,4.580024959037539,12,199.0,0.22249273646024353,12,199.0
3465.0,38,32,13,2385,2423,0,75.0,1.9736842105263157,3.4064435973609872,13,227.0,0.1935762535960257,13,227.0
3470.0,41,31,11,2387,2428,0,41.0,1.0,3.6727060916092236,11,208.0,0.15953929742895448,11,208.0
3475.0,44,31,13,2387,2431,0,49.0,1.1136363636363635,5.175347424923751,13,175.0,0.17835332231844453,13,175.0
3480.0,41,33,9,2391,2432,0,51.0,1.2439024390243902,7.037038849381981,9,176.0,0.342207905396253,9,176.0
3485.0,38,36,6,2395,2433,0,59.0,1.5526315789473684,8.519327888972384,6,144.0,0.4471524775491765,6,144.0
3490.0,37,35,2,2401,2438,0,3.0,0.08108108108108109,6.96765769431203,2,129.0,0.42142913103062024,2,129.0
3495.0,37,34,8,2407,2444,0,29.0,0.7837837837837838,5.79145812356339,8,114.0,0.3052437827481746,8,114.0
3500.0,38,33,14,2409,2447,0,88.0,2.3157894736842106,4.740314475864888,14,173.0,0.19055878995975745,14,173.0
3505.0,39,31,21,2413,2452,0,179.0,4.589743589743589,2.8206881125686776,21,264.0,0.10164155377849948,21,264.0
3510.0,39,33,22,2417,2456,0,187.0,4.794871794871795,1.7758385735034767,22,329.0,0.06783831053688519,22,329.0
3515.0,42,33,17,2417,2459,0,132.0,3.142857142857143,3.6612146073227385,17,332.0,0.12580274579555648,17,332.0
3520.0,41,35,14,2419,2460,0,108.0,2.6341463414634148,5.4839606670452925,14,305.0,0.21036502044331992,14,305.0
3525.0,38,40,6,2423,2461,0,50.0,1.3157894736842106,7.216661575444415,6,244.0,0.3370439375313311,6,244.0
3530.0,33,41,2,2428,2461,0,12.0,0.36363636363636365,8.379474878213859,2,194.0,0.4484983448423458,2,194.0
3535.0,35,37,2,2431,2466,0,3.0,0.08571428571428572,7.990225593849757,2,175.0,0.4703462163700127,2,175.0
3540.0,34,35,7,2437,2471,0,26.0,0.7647058823529411,6.164415357362123,7,196.0,0.31674358821802484,7,196.0
3545.0,32,36,14,2442,2474,0,80.0,2.5,4.293009586357465,14,250.0,0.2050647180137785,14,250.0
3550.0,35,35,14,2445,2480,0,83.0,2.3714285714285714,3.2046849230926995,14,272.0,0.18795197456138146,14,272.0
3555.0,38,35,9,2446,2484,0,42.0,1.105263157894737,4.174619579991713,9,232.0,0.17593616090735367,9,232.0
3560.0,40,36,10,2447,2487,0,32.0,0.8,5.7779790118849785,10,152.0,0.21622128195361337,10,152.0
3565.0,37,39,6,2452,2489,0,23.0,0.6216216216216216,6.850320370715618,6,120.0,0.34407735390383415,6,120.0
3570.0,35,44,1,2456,2491,0,1.0,0.02857142857142857,7.499358448943503,1,96.0,0.4421683179206673,1,96.0
3575.0,36,42,6,2460,2496,0,20.0,0.5555555555555556,6.459599171266475,6,115.0,0.3337080039193247,6,115.0
3580.0,38,39,12,2464,2502,0,68.0,1.7894736842105263,4.983191691601919,12,163.0,0.23455686849709495,12,163.0
3585.0,37,38,18,2469,2506,0,143.0,3.864864864864865,3.2419377193898593,18,238.0,0.16087626814908224,18,238.0
3590.0,40,35,18,2471,2511,0,145.0,3.625,1.7044245446911652,18,288.0,0.078521963953358,18,288.0
3595.0,40,37,18,2472,2512,0,106.0,2.65,2.9849336241712345,18,295.0,0.10301459744428132,18,295.0
3600.0,43,40,16,2472,2515,0,90.0,2.0930232558139537,5.1526837072106275,16,261.0,0.1733017053846917,16,261.0
3605.0,39,43,8,2476,2515,0,68.0,1.7435897435897436,6.4835884009255045,8,254.0,0.31779172776941905,8,254.0
3610.0,35,46,1,2480,2515,0,1.0,0.02857142857142857,7.006499188362876,1,209.0,0.3730397872333232,1,209.0
3615.0,34,47,6,2485,2519,0,18.0,0.5294117647058824,6.80417888270083,6,216.0,0.3163446603455783,6,216.0
3620.0,35,44,13,2489,2524,0,67.0,1.9142857142857144,4.558855305494409,13,265.0,0.21485162557172272,13,265.0
3625.0,37,40,14,2494,2531,0,74.0,2.0,2.6213990111541783,14,286.0,0.16101454424343348,14,286.0
3630.0,43,41,11,2495,2538,0,45.0,1.0465116279069768,4.526746302139723,11,262.0,0.24112668769191029,11,262.0
3635.0,45,44,7,2495,2540,0,31.0,0.6888888888888889,5.5864901516988485,7,192.0,0.22846889831318534,7,192.0
3640.0,43,47,5,2498,2541,0,11.0,0.2558139534883721,5.16464578988797,5,216.0,0.23418384719031862,5,216.0
3645.0,38,51,5,2503,2541,0,19.0,0.5,5.449276728251015,5,234.0,0.23730291745112728,5,234.0
3650.0,38,51,13,2507,2545,0,70.0,1.8421052631578947,4.212845460027769,13,285.0,0.1320348966809684,13,285.0
3655.0,38,51,13,2511,2549,0,75.0,1.9736842105263157,2.934555758166068,13,296.0,0.10836590656410593,13,296.0
3660.0,39,49,11,2514,2553,0,43.0,1.1025641025641026,3.8387225003411753,11,252.0,0.158531040145934,11,252.0
3665.0,41,50,8,2515,2556,0,28.0,0.6829268292682927,5.515372240134803,8,198.0,0.21576550050701215,8,198.0
3670.0,38,52,6,2519,2557,0,21.0,0.5526315789473685,7.523067301281829,6,149.0,0.3568238351575207,6,149.0
3675.0,35,54,2,2523,2558,0,11.0,0.3142857142857143,8.840727220678808,2,108.0,0.48489585868723417,2,108.0
3680.0,35,53,3,2528,2563,0,5.0,0.14285714285714285,7.343242733488171,3,106.0,0.4265799558991293,3,106.0
3685.0,34,52,9,2533,2567,0,33.0,0.9705882352941176,5.654006318880268,9,130.0,0.26143928326449245,9,130.0
3690.0,34,54,13,2537,2571,0,88.0,2.588235294117647,4.244862884465232,13,186.0,0.17039375807776466,13,186.0
3695.0,36,53,13,2541,2577,0,81.0,2.25,3.218228551378646,13,207.0,0.18414245951132308,13,207.0
3700.0,40,50,9,2542,2582,0,39.0,0.975,3.8299096700025244,9,183.0,0.16572273139096436,9,183.0
3705.0,41,51,9,2543,2584,0,34.0,0.8292682926829268,5.667460712190796,9,140.0,0.20929366155277518,9,140.0
3710.0,39,53,6,2546,2585,0,24.0,0.6153846153846154,7.283470447567449,6,115.0,0.30615615381630407,6,115.0
3715.0,35,56,3,2552,2587,0,26.0,0.7428571428571429,9.13738771998952,3,102.0,0.5322342877490495,3,102.0
3720.0,34,55,4,2557,2591,0,42.0,1.2352941176470589,9.424360865780061,4,87.0,0.5458670274261436,4,87.0
3725.0,33,53,2,2562,2595,0,2.0,0.06060606060606061,7.369346407167267,2,58.0,0.4211673547592069,2,58.0
3730.0,34,51,7,2567,2601,0,25.0,0.7352941176470589,6.8071011908542856,7,65.0,0.35629520334328774,7,65.0
3735.0,37,46,13,2570,2607,0,76.0,2.054054054054054,4.795598658103629,13,116.0,0.23987026298789033,13,116.0
3740.0,38,44,19,2575,2613,0,161.0,4.2368421052631575,3.201762150862912,19,201.0,0.20087864663663157,19,201.0
3745.0,40,42,22,2577,2617,0,165.0,4.125,1.4588663292476296,22,261.0,0.08538856051262259,22,261.0
3750.0,43,44,19,2577,2620,0,122.0,2.8372093023255816,2.8490662214632376,19,277.0,0.09881555016551616,19,277.0
3755.0,43,47,17,2577,2620,0,113.0,2.627906976744186,5.050737338604614,17,270.0,0.1519262095207809,17,270.0
3760.0,40,50,5,2581,2621,0,33.0,0.825,5.072286813541481,5,292.0,0.21988068052084223,5,292.0
3765.0,36,52,6,2585,2621,0,24.0,0.6666666666666666,5.211381532904265,6,301.0,0.22560802421844328,6,301.0
3770.0,37,50,12,2589,2626,0,75.0,2.027027027027027,3.8711142454967895,12,352.0,0.1565238843203935,12,352.0
3775.0,37,49,12,2592,2629,0,70.0,1.8918918918918919,2.754046037267784,12,367.0,0.11355944494392804,12,367.0
3780.0,39,46,10,2595,2634,0,39.0,1.0,3.7671158538632312,10,323.0,0.1725987118488108,10,323.0
3785.0,41,45,9,2595,2636,0,35.0,0.8536585365853658,5.350087782213036,9,248.0,0.20081288933631655,9,248.0
3790.0,38,48,9,2598,2636,0,25.0,0.6578947368421053,5.622277558159963,9,283.0,0.20695944084550771,9,283.0
3795.0,35,51,8,2603,2638,0,33.0,0.9428571428571428,5.421231636082673,8,316.0,0.2596548295794378,8,316.0
3800.0,35,49,15,2608,2643,0,95.0,2.7142857142857144,3.214312869349375,15,378.0,0.1828926740494928,15,378.0
3805.0,36,48,15,2610,2646,0,100.0,2.7777777777777777,1.934347419033756,15,397.0,0.12108893477102042,15,397.0
3810.0,39,49,18,2610,2649,0,95.0,2.4358974358974357,2.845666625438317,18,363.0,0.08317610962989713,18,363.0
3815.0,41,50,16,2610,2651,0,79.0,1.9268292682926829,4.887292185200563,16,284.0,0.13315254553443231,16,284.0
3820.0,39,51,8,2613,2652,0,71.0,1.8205128205128205,6.846185362087672,8,262.0,0.2995360909416362,8,262.0
3825.0,35,52,3,2618,2653,0,54.0,1.542857142857143,8.892949170655264,3,195.0,0.46260325407407105,3,195.0
3830.0,33,50,1,2624,2657,0,3.0,0.09090909090909091,7.81344492489272,1,151.0,0.45414527220771694,1,151.0
3835.0,32,48,8,2629,2661,0,30.0,0.9375,6.083979168993101,8,160.0,0.31051258060692283,8,160.0
3840.0,33,48,12,2633,2666,0,82.0,2.484848484848485,4.621176134379575,12,212.0,0.23897767443602064,12,212.0
3845.0,34,44,19,2637,2671,0,161.0,4.735294117647059,2.433064123448582,19,291.0,0.13472038379647705,19,291.0
3850.0,37,44,18,2638,2675,0,154.0,4.162162162162162,1.516096287634641,18,328.0,0.06719840257677549,18,328.0
3855.0,39,44,17,2638,2677,0,115.0,2.948717948717949,3.1219757828066954,17,312.0,0.08529656997195506,17,312.0
3860.0,40,45,14,2639,2679,0,90.0,2.25,5.552429298794257,14,259.0,0.1774418000738511,14,259.0
3865.0,35,47,5,2644,2679,0,42.0,1.2,7.229303115382791,5,219.0,0.31724142240361436,5,219.0
3870.0,30,48,2,2649,2679,0,3.0,0.1,7.577846821800644,2,197.0,0.40281299051218655,2,197.0
3875.0,31,46,6,2654,2685,0,24.0,0.7741935483870968,5.588705672619029,6,218.0,0.30834427968614303,6,218.0
3880.0,32,47,12,2656,2688,0,71.0,2.21875,3.7156899368455596,12,265.0,0.20928227494475046,12,265.0
3885.0,36,46,13,2659,2695,0,68.0,1.8888888888888888,3.0401772273737655,13,286.0,0.20640090989379115,13,286.0
3890.0,40,43,12,2659,2699,0,44.0,1.1,3.469408361076482,12,257.0,0.14748026085974433,12,257.0
3895.0,43,43,13,2659,2702,0,48.0,1.1162790697674418,4.8577391128579315,13,200.0,0.1648854062646729,13,200.0
3900.0,41,45,6,2662,2703,0,11.0,0.2682926829268293,5.3396352433831,6,220.0,0.2481555593896522,6,220.0
3905.0,35,48,8,2668,2703,0,31.0,0.8857142857142857,5.177866995660239,8,242.0,0.2429362072987482,8,242.0
3910.0,37,46,13,2671,2708,0,84.0,2.27027027027027,3.859537931676062,13,295.0,0.17515846264544355,13,295.0
3915.0,35,47,14,2675,2710,0,81.0,2.3142857142857145,2.087282383082937,14,307.0,0.11692718336102427,14,307.0
3920.0,39,45,12,2675,2714,0,47.0,1.205128205128205,3.1795742317983287,12,257.0,0.0900005551375207,12,257.0
3925.0,42,46,13,2676,2718,0,51.0,1.2142857142857142,5.300186467112284,13,220.0,0.20868993108485231,13,220.0
3930.0,41,48,7,2679,2720,0,39.0,0.9512195121951219,7.317127613383274,7,176.0,0.3742841416248421,7,176.0
3935.0,36,51,2,2684,2720,0,36.0,1.0,8.772534833693502,2,134.0,0.511112498711983,2,134.0
3940.0,34,51,1,2689,2723,0,1.0,0.029411764705882353,7.501626995565356,1,95.0,0.4321950038412838,1,95.0
3945.0,35,48,6,2694,2729,0,21.0,0.6,6.7503182165476465,6,110.0,0.329176956821814,6,110.0
3950.0,37,45,14,2699,2736,0,73.0,1.972972972972973,4.829940473684669,14,163.0,0.24023751785850983,14,163.0
3955.0,39,44,12,2703,2742,0,73.0,1.8717948717948718,3.8742842990384045,12,191.0,0.2322529529307831,12,191.0
3960.0,42,45,10,2705,2747,0,42.0,1.0,4.036930901523183,10,177.0,0.18998045610575626,10,177.0
3965.0,45,47,12,2705,2750,0,43.0,0.9555555555555556,5.237188306564248,12,144.0,0.18321763613668018,12,144.0
3970.0,42,47,4,2709,2751,0,12.0,0.2857142857142857,5.1327858951705085,4,179.0,0.23510152792514374,4,179.0
3975.0,39,50,7,2713,2752,0,20.0,0.5128205128205128,5.6152773513772285,7,191.0,0.2410249064105477,7,191.0
3980.0,39,49,12,2717,2756,0,72.0,1.8461538461538463,4.751244102495497,12,243.0,0.18545935398251373,12,243.0
3985.0,41,48,13,2721,2762,0,74.0,1.8048780487804879,3.579465846094851,13,263.0,0.17328312653421377,13,263.0
3990.0,40,47,12,2725,2765,0,51.0,1.275,3.4260203569060876,12,243.0,0.1493720105195915,12,243.0
3995.0,43,46,11,2725,2768,0,44.0,1.0232558139534884,5.0416488788736,11,202.0,0.1621309955389787,11,202.0
4000.0,41,47,10,2728,2769,0,44.0,1.0731707317073171,6.750218230199047,10,199.0,0.2980368352006811,10,199.0
4005.0,37,49,4,2733,2770,0,44.0,1.1891891891891893,8.837482939131139,4,153.0,0.46763938204669325,4,153.0
4010.0,36,46,1,2738,2774,0,2.0,0.05555555555555555,8.26224738443716,1,122.0,0.4700886155732677,1,122.0
4015.0,34,45,7,2744,2778,0,25.0,0.7352941176470589,6.808060918764434,7,123.0,0.32519890053533745,7,123.0
4020.0,36,43,13,2748,2784,0,77.0,2.138888888888889,4.536809993534202,13,175.0,0.18407578853474274,13,175.0
4025.0,37,40,13,2753,2790,0,73.0,1.972972972972973,2.981749292376243,13,196.0,0.15376859131582588,13,196.0
4030.0,38,40,10,2755,2793,0,39.0,1.0263157894736843,3.5032822287869756,10,174.0,0.1378845528080629,10,174.0
4035.0,41,40,12,2755,2796,0,39.0,0.9512195121951219,5.308871893415743,12,136.0,0.16637080567698093,12,136.0
4040.0,38,43,5,2759,2797,0,27.0,0.7105263157894737,7.3566176957180875,5,124.0,0.35389885342798044,5,124.0
4045.0,34,46,1,2763,2797,0,1.0,0.029411764705882353,7.779243280836964,1,105.0,0.4238682431824372,1,105.0
4050.0,33,46,7,2769,2802,0,26.0,0.7878787878787878,6.0476060401116625,7,130.0,0.30410048466815254,7,130.0
4055.0,34,43,12,2773,2807,0,75.0,2.2058823529411766,4.029416041765599,12,179.0,0.20976984182343508,12,179.0
4060.0,35,43,13,2776,2811,0,73.0,2.085714285714286,2.3927408349545334,13,211.0,0.13614387426506316,13,211.0
4065.0,39,42,12,2777,2816,0,53.0,1.358974358974359,3.6097741550683438,12,198.0,0.14941891797319767,12,198.0
4070.0,41,41,10,2778,2819,0,43.0,1.048780487804878,5.166735940592142,10,163.0,0.18662807409942403,10,163.0
4075.0,39,46,7,2780,2819,0,35.0,0.8974358974358975,6.851717207461156,7,158.0,0.3267169118701428,7,158.0
4080.0,35,50,4,2785,2820,0,33.0,0.9428571428571428,8.210927380231453,4,119.0,0.4649354224032956,4,119.0
4085.0,37,48,2,2789,2826,0,2.0,0.05405405405405406,7.420420186063105,2,98.0,0.4521104139236549,2,98.0
4090.0,37,46,8,2794,2831,0,27.0,0.7297297297297297,6.600333212817638,8,114.0,0.34128502137770084,8,114.0
4095.0,38,45,15,2799,2837,0,83.0,2.1842105263157894,4.651562382952759,15,170.0,0.2047900859499129,15,170.0
4100.0,40,45,14,2802,2842,0,87.0,2.175,3.39645609696881,14,209.0,0.14050050428863223,14,209.0
4105.0,42,43,10,2804,2846,0,47.0,1.119047619047619,4.23772244659372,10,194.0,0.15999972922688194,10,194.0
4110.0,41,42,10,2807,2848,0,33.0,0.8048780487804879,4.969111138792989,10,154.0,0.1712141885989711,10,154.0
4115.0,40,45,8,2809,2849,0,29.0,0.725,5.363532618053618,8,194.0,0.227260460754024,8,194.0
4120.0,35,47,8,2815,2850,0,30.0,0.8571428571428571,5.423824698311829,8,227.0,0.25143289865884727,8,227.0
4125.0,34,45,14,2819,2853,0,82.0,2.411764705882353,3.3862009325209295,14,279.0,0.13666359652997367,14,279.0
4130.0,39,42,14,2822,2861,0,77.0,1.9743589743589745,2.904177761543486,14,297.0,0.16248515396633853,14,297.0
4135.0,40,42,11,2823,2863,0,47.0,1.175,3.930059928624297,11,243.0,0.16120951083675086,11,243.0
4140.0,42,42,10,2823,2865,0,37.0,0.8809523809523809,5.144664895426952,10,209.0,0.1626138914703327,10,209.0
4145.0,38,43,8,2827,2865,0,22.0,0.5789473684210527,4.9499039429682705,8,239.0,0.19781010917739614,8,239.0
4150.0,33,45,9,2832,2865,0,36.0,1.0909090909090908,4.804119178811064,9,269.0,0.18361161757346048,9,269.0
4155.0,36,43,13,2835,2871,0,92.0,2.5555555555555554,3.6347336313381637,13,325.0,0.1748618574409297,13,325.0
4160.0,37,42,15,2839,2876,0,87.0,2.3513513513513513,2.563344338288253,15,342.0,0.16752260095916413,15,342.0
4165.0,41,42,10,2839,2880,0,48.0,1.170731707317073,4.260228552383008,10,277.0,0.2046067504860509,10,277.0
4170.0,44,42,8,2839,2883,0,27.0,0.6136363636363636,5.9584592764717765,8,211.0,0.24646339790881047,8,211.0
4175.0,42,44,7,2843,2885,0,25.0,0.5952380952380952,7.360984910196038,7,160.0,0.36551559521352456,7,160.0
4180.0,41,47,2,2847,2888,0,2.0,0.04878048780487805,7.627960115207854,2,159.0,0.45847835515175084,2,159.0
4185.0,41,46,7,2853,2894,0,25.0,0.6097560975609756,7.240625984753341,7,175.0,0.3919724376151754,7,175.0
4190.0,41,45,13,2857,2898,0,81.0,1.975609756097561,5.28360540131765,13,232.0,0.18558505641906423,13,232.0
4195.0,42,45,15,2861,2903,0,85.0,2.0238095238095237,3.946706505315044,15,257.0,0.14960157615789993,15,257.0
4200.0,41,45,12,2867,2908,0,58.0,1.4146341463414633,4.813842827904553,12,235.0,0.24133274428797183,12,235.0
4205.0,45,43,10,2868,2913,0,49.0,1.0888888888888888,5.895945332179682,10,182.0,0.25126093989252934,10,182.0
4210.0,43,47,6,2872,2915,0,13.0,0.3023255813953488,5.4924001097638255,6,200.0,0.2710987421728572,6,200.0
4215.0,37,49,8,2878,2915,0,30.0,0.8108108108108109,5.534518384561148,8,227.0,0.2854652065542199,8,227.0
4220.0,40,46,14,2880,2920,0,89.0,2.225,4.561569085748038,14,286.0,0.1519167824149622,14,286.0
4225.0,41,43,15,2884,2925,0,97.0,2.3658536585365852,3.377608209485067,15,313.0,0.13304951107501706,15,313.0
4230.0,39,44,13,2888,2927,0,63.0,1.6153846153846154,3.492922954927444,13,284.0,0.12499753285024222,13,284.0
4235.0,40,46,11,2889,2929,0,51.0,1.275,5.011876842313789,11,224.0,0.1654306662186675,11,224.0
4240.0,38,49,8,2892,2930,0,40.0,1.0526315789473684,6.740019026656584,8,209.0,0.3459387591604649,8,209.0
4245.0,36,51,2,2896,2932,0,2.0,0.05555555555555555,7.790591363053999,2,175.0,0.4938625392602027,2,175.0
4250.0,35,49,8,2902,2937,0,27.0,0.7714285714285715,6.042178174274603,8,201.0,0.3214342950970466,8,201.0
4255.0,36,49,13,2905,2941,0,83.0,2.3055555555555554,4.342804671697674,13,257.0,0.17040501460372348,13,257.0
4260.0,38,49,15,2909,2947,0,84.0,2.210526315789474,3.5706169445246436,15,279.0,0.16403431467212012,15,279.0
4265.0,42,49,12,2911,2953,0,58.0,1.380952380952381,4.6416075181094385,12,248.0,0.22112399712739753,12,248.0
4270.0,43,49,9,2913,2956,0,38.0,0.8837209302325582,5.833725107687765,9,185.0,0.26711841365247735,9,185.0
4275.0,42,52,9,2917,2959,0,32.0,0.7619047619047619,6.523856560775284,9,176.0,0.35134008484603435,9,176.0
4280.0,41,53,5,2919,2960,0,27.0,0.6585365853658537,8.04550360475711,5,132.0,0.4882242365106255,5,132.0
4285.0,41,53,1,2925,2966,0,2.0,0.04878048780487805,7.20889994308628,1,124.0,0.4394748799621821,1,124.0
4290.0,43,53,7,2929,2972,0,23.0,0.5348837209302325,7.231148133907117,7,121.0,0.38035036359389157,7,121.0
4295.0,43,51,13,2935,2978,0,77.0,1.7906976744186047,6.110542621727933,13,175.0,0.28581415541509114,13,175.0
4300.0,43,50,15,2940,2983,0,86.0,2.0,3.8249716989460203,15,214.0,0.15880445555265532,15,214.0
4305.0,41,50,12,2945,2986,0,55.0,1.3414634146341464,3.6565240754408475,12,206.0,0.1485444789852767,12,206.0
4310.0,43,50,11,2946,2989,0,59.0,1.372093023255814,4.765201800134218,11,183.0,0.1597562860042044,11,183.0
4315.0,41,52,6,2950,2991,0,12.0,0.2926829268292683,5.024690919404988,6,181.0,0.23788263971270143,6,181.0
4320.0,37,55,7,2954,2991,0,23.0,0.6216216216216216,5.282818026482684,7,189.0,0.2509116688452521,7,189.0
4325.0,37,52,15,2958,2995,0,85.0,2.2972972972972974,3.8792298267980696,15,251.0,0.1419789539735762,15,251.0
4330.0,38,49,15,2962,3000,0,94.0,2.473684210526316,2.7330520291568376,15,275.0,0.12511806565511518,15,275.0
4335.0,39,50,10,2963,3002,0,50.0,1.2820512820512822,3.8418814753948323,10,251.0,0.12537411233484272,10,251.0
4340.0,39,49,10,2965,3004,0,34.0,0.8717948717948718,5.005957046281693,10,197.0,0.13883500317848815,10,197.0
4345.0,38,51,7,2968,3006,0,26.0,0.6842105263157895,6.981846594300585,7,176.0,0.3702298700494422,7,176.0
4350.0,34,55,1,2972,3006,0,10.0,0.29411764705882354,9.14073055163944,1,115.0,0.5586206091486232,1,115.0
4355.0,33,56,2,2978,3011,0,3.0,0.09090909090909091,8.115652768399423,2,108.0,0.4891612753338004,2,108.0
4360.0,33,54,7,2983,3016,0,28.0,0.8484848484848485,5.976544793578831,7,133.0,0.31549578012877155,7,133.0
4365.0,35,50,14,2986,3021,0,85.0,2.4285714285714284,3.7762169094886344,14,190.0,0.14308377250134002,14,190.0
4370.0,36,47,15,2989,3025,0,84.0,2.3333333333333335,2.505128919361944,15,216.0,0.09948134044227,15,216.0
4375.0,38,46,11,2991,3029,0,47.0,1.236842105263158,3.736359646375629,11,180.0,0.1284337890826335,11,180.0
4380.0,40,48,10,2992,3032,0,36.0,0.9,5.543285947273303,10,147.0,0.21261647834359668,10,147.0
4385.0,37,52,6,2995,3032,0,22.0,0.5945945945945946,7.0427071424306105,6,125.0,0.3194170662225712,6,125.0
4390.0,33,54,1,3000,3033,0,7.0,0.21212121212121213,9.18718759500129,1,97.0,0.5408611540361804,1,97.0
4395.0,31,53,1,3006,3037,0,1.0,0.03225806451612903,8.492683342221833,1,79.0,0.5247376429885072,1,79.0
4400.0,34,51,7,3011,3045,0,23.0,0.6764705882352942,7.2359122874995085,7,101.0,0.4146288761778138,7,101.0
4405.0,35,47,13,3016,3051,0,73.0,2.085714285714286,4.688831203868556,13,151.0,0.2814330378856154,13,151.0
4410.0,37,44,18,3018,3055,0,147.0,3.972972972972973,2.869887777881092,18,226.0,0.1617842716084422,18,226.0
4415.0,41,40,17,3019,3060,0,142.0,3.4634146341463414,2.300674038372728,17,272.0,0.08380427749084819,17,272.0
4420.0,44,41,17,3020,3064,0,95.0,2.159090909090909,4.080196047714636,17,268.0,0.1598180676792117,17,268.0
4425.0,44,44,14,3022,3066,0,80.0,1.8181818181818181,6.189915728179347,14,231.0,0.27177449048796753,14,231.0
4430.0,40,46,7,3026,3066,0,45.0,1.125,6.954047545301464,7,199.0,0.3137739632908395,7,199.0
4435.0,35,51,0,3031,3066,0,0.0,0.0,6.63058992473333,0,194.0,0.34629999745941314,0,194.0
4440.0,35,49,6,3036,3071,0,21.0,0.6,6.124198918247766,6,210.0,0.2767005935690062,6,210.0
4445.0,36,46,14,3040,3076,0,76.0,2.111111111111111,4.3558160360356455,14,265.0,0.19118636770348144,14,265.0
4450.0,36,44,14,3044,3080,0,82.0,2.2777777777777777,2.8793838819141464,14,296.0,0.1418184692218535,14,296.0
4455.0,39,42,12,3046,3085,0,61.0,1.564102564102564,3.4236490501060235,12,276.0,0.1367852589029669,12,276.0
4460.0,41,43,11,3046,3087,0,46.0,1.1219512195121952,4.992564594575019,11,216.0,0.16042356778574687,11,216.0
4465.0,40,43,9,3048,3088,0,45.0,1.125,6.6279611110362,9,189.0,0.29676504408984344,9,189.0
4470.0,36,46,3,3053,3089,0,39.0,1.0833333333333333,8.594240712023876,3,127.0,0.4559432475045145,3,127.0
4475.0,34,43,1,3059,3093,0,2.0,0.058823529411764705,8.115186907163029,1,93.0,0.45535335197211607,1,93.0
4480.0,31,43,7,3065,3096,0,24.0,0.7741935483870968,6.378775815973072,7,106.0,0.27866534722151354,7,106.0
4485.0,33,43,11,3068,3101,0,70.0,2.121212121212121,4.8255613061160245,11,152.0,0.21174623746994858,11,152.0
4490.0,33,41,11,3073,3106,0,60.0,1.8181818181818181,2.792412074659466,11,172.0,0.15654796234319832,11,172.0
4495.0,37,39,8,3074,3111,0,27.0,0.7297297297297297,3.8896763382115225,8,149.0,0.17975952167635276,8,149.0
4500.0,40,41,8,3074,3114,0,26.0,0.65,5.671262597863338,8,120.0,0.22792508854364338,8,120.0
4505.0,39,41,5,3077,3116,0,24.0,0.6153846153846154,7.136343351955377,5,101.0,0.35239069913111015,5,101.0
4510.0,34,43,2,3083,3117,0,18.0,0.5294117647058824,9.17007518446142,2,83.0,0.5219893051740662,2,83.0
4515.0,33,43,3,3088,3121,0,5.0,0.15151515151515152,7.5916111779368896,3,72.0,0.4395798479941906,3,72.0
4520.0,33,40,8,3093,3126,0,34.0,1.0303030303030303,5.8944908035351125,8,99.0,0.2684164894968763,8,99.0
4525.0,36,38,13,3096,3132,0,88.0,2.4444444444444446,4.524719426587689,13,153.0,0.21902579894057356,13,153.0
4530.0,36,35,14,3101,3137,0,87.0,2.4166666666666665,2.8741859730314543,14,193.0,0.1945328862255406,14,193.0
4535.0,42,32,11,3101,3143,0,55.0,1.3095238095238095,4.209829875833897,11,173.0,0.1981915428998521,11,173.0
4540.0,45,32,12,3101,3146,0,50.0,1.1111111111111112,5.615985697263165,12,157.0,0.23772312144189245,12,157.0
4545.0,41,36,8,3105,3146,0,47.0,1.146341463414634,6.238976643826449,8,156.0,0.2679207157224432,8,156.0
4550.0,39,38,1,3109,3148,0,1.0,0.02564102564102564,7.139837630654884,1,141.0,0.4104878744071162,1,141.0
4555.0,37,37,7,3115,3152,0,21.0,0.5675675675675675,6.770493373847089,7,141.0,0.34925319113782094,7,141.0
4560.0,40,32,13,3119,3159,0,72.0,1.8,5.242217117789024,13,193.0,0.22405279029649808,13,193.0
4565.0,42,29,13,3123,3165,0,76.0,1.8095238095238095,3.734004578695206,13,224.0,0.16802780782973578,13,224.0
4570.0,42,29,11,3127,3169,0,43.0,1.0238095238095237,4.457087180815303,11,212.0,0.207685216847071,11,212.0
4575.0,45,31,9,3128,3173,0,32.0,0.7111111111111111,5.603478317713735,9,162.0,0.22267968984123893,9,162.0
4580.0,42,35,8,3132,3174,0,42.0,1.0,6.735086801494506,8,157.0,0.3307913467947968,8,157.0
4585.0,38,35,3,3137,3175,0,4.0,0.10526315789473684,6.489804663236774,3,128.0,0.3588714109112614,3,128.0
4590.0,41,34,7,3141,3182,0,27.0,0.6585365853658537,7.095501436441111,7,136.0,0.39017332215149353,7,136.0
4595.0,42,33,13,3146,3188,0,80.0,1.9047619047619047,6.020864266953046,13,188.0,0.301672283483445,13,188.0
4600.0,44,30,13,3150,3194,0,78.0,1.7727272727272727,3.9676898901576223,13,210.0,0.18759948194808918,13,210.0
4605.0,42,28,12,3155,3197,0,49.0,1.1666666666666667,3.3477742861463673,12,202.0,0.12470160633950382,12,202.0
4610.0,42,31,12,3156,3198,0,51.0,1.2142857142857142,5.2005646924178555,12,169.0,0.1533447356711684,12,169.0
4615.0,40,34,8,3160,3200,0,55.0,1.375,6.301185901018336,8,158.0,0.2634787655568995,8,158.0
4620.0,37,38,1,3164,3201,0,1.0,0.02702702702702703,6.689545148985392,1,133.0,0.37098062312435465,1,133.0
4625.0,36,38,7,3169,3205,0,21.0,0.5833333333333334,6.440829742146018,7,120.0,0.30192461014444094,7,120.0
4630.0,37,37,12,3174,3211,0,70.0,1.8918918918918919,4.834048626798463,12,169.0,0.24609451330304036,12,169.0
4635.0,38,37,19,3177,3215,0,149.0,3.9210526315789473,3.70095377495755,19,248.0,0.17123405996082428,19,248.0
4640.0,41,35,18,3180,3221,0,150.0,3.658536585365854,2.7886505226276745,18,294.0,0.15181984835246354,18,294.0
4645.0,41,36,17,3182,3223,0,101.0,2.4634146341463414,3.1277074949644645,17,290.0,0.10930614670373502,17,290.0
4650.0,42,37,17,3182,3224,0,93.0,2.2142857142857144,5.208273724757724,17,259.0,0.15858654375766584,17,259.0
4655.0,40,39,9,3186,3226,0,68.0,1.7,7.026949652788458,9,243.0,0.2922831195764047,9,243.0
4660.0,36,40,1,3191,3227,0,2.0,0.05555555555555555,7.628026744927045,1,218.0,0.43455509438634704,1,218.0
4665.0,38,38,6,3196,3234,0,20.0,0.5263157894736842,6.885266331779081,6,220.0,0.3680387664950442,6,220.0
4670.0,39,37,13,3200,3239,0,70.0,1.794871794871795,5.270831383306458,13,270.0,0.26065500791400764,13,270.0
4675.0,40,36,13,3204,3244,0,75.0,1.875,3.4884959339132644,13,290.0,0.176148239660205,13,290.0
4680.0,42,36,13,3206,3248,0,51.0,1.2142857142857142,3.788803012733336,13,246.0,0.13239720936800553,13,246.0
4685.0,44,36,13,3207,3251,0,57.0,1.2954545454545454,5.310587466727053,13,210.0,0.18004314692836082,13,210.0
4690.0,41,38,6,3211,3252,0,15.0,0.36585365853658536,5.862974221990864,6,219.0,0.27558444244149133,6,219.0
4695.0,35,38,6,3217,3252,0,24.0,0.6857142857142857,5.578151034953298,6,224.0,0.26096240088697786,6,224.0
4700.0,40,37,13,3220,3260,0,77.0,1.925,5.072794415315047,13,277.0,0.2415653043952204,13,277.0
4705.0,42,36,13,3224,3266,0,78.0,1.8571428571428572,4.187752008028569,13,289.0,0.23612286278635705,13,289.0
4710.0,43,35,11,3227,3270,0,45.0,1.0465116279069768,3.9321443239208334,11,239.0,0.20467034873199033,11,239.0
4715.0,48,37,13,3227,3275,0,45.0,0.9375,5.424233104422462,13,197.0,0.2630747929692299,13,197.0
4720.0,45,40,7,3230,3275,0,21.0,0.4666666666666667,5.236798994567483,7,237.0,0.26111208311138356,7,237.0
4725.0,41,43,8,3235,3276,0,29.0,0.7073170731707317,5.527916130466606,8,248.0,0.25396038363461815,8,248.0
4730.0,43,42,14,3239,3282,0,83.0,1.930232558139535,5.156350141172444,14,302.0,0.20546802816963664,14,302.0
4735.0,42,41,14,3244,3286,0,82.0,1.9523809523809523,3.92727368496456,14,319.0,0.1899170012434516,14,319.0
4740.0,40,40,12,3249,3289,0,51.0,1.275,3.0674195618194395,12,261.0,0.10378630886076418,12,261.0
4745.0,44,41,12,3249,3293,0,51.0,1.1590909090909092,4.954536390862276,12,217.0,0.19905237826869646,12,217.0
4750.0,45,43,8,3251,3296,0,26.0,0.5777777777777777,5.815466231769775,8,252.0,0.32243148210431793,8,252.0
4755.0,42,47,6,3256,3298,0,26.0,0.6190476190476191,6.0471795101692845,6,274.0,0.31600982889043594,6,274.0
4760.0,42,44,15,3261,3303,0,83.0,1.9761904761904763,4.727407425448342,15,331.0,0.21295649660521312,15,331.0
4765.0,42,46,15,3265,3307,0,82.0,1.9523809523809523,3.567582182438237,15,343.0,0.17508692522914135,15,343.0
4770.0,45,46,14,3268,3313,0,61.0,1.3555555555555556,4.1262125000664325,14,295.0,0.1892548214636578,14,295.0
4775.0,47,48,13,3269,3316,0,70.0,1.4893617021276595,5.210733172254572,13,262.0,0.2006048783878551,13,262.0
4780.0,44,52,12,3273,3317,0,81.0,1.8409090909090908,6.15693833108915,12,242.0,0.2671462017339618,12,242.0
4785.0,42,54,3,3277,3319,0,12.0,0.2857142857142857,6.880455634776872,3,226.0,0.3969123984796711,3,226.0
4790.0,41,52,7,3283,3324,0,22.0,0.5365853658536586,6.322857328106691,7,198.0,0.32535770143747006,7,198.0
4795.0,45,51,13,3287,3332,0,75.0,1.6666666666666667,5.772865625530806,13,247.0,0.2391623177507179,13,247.0
4800.0,45,49,18,3291,3336,0,154.0,3.422222222222222,4.056873822632078,18,326.0,0.13633700505004137,18,326.0
4805.0,44,48,21,3297,3341,0,158.0,3.590909090909091,2.3453349512399515,21,368.0,0.10274072147775587,21,368.0
4810.0,44,50,19,3300,3344,0,113.0,2.5681818181818183,3.3132540071095558,19,351.0,0.14547475960829323,19,351.0
4815.0,45,52,18,3300,3345,0,114.0,2.533333333333333,5.163235206326239,18,305.0,0.19548890331301821,18,305.0
4820.0,44,55,10,3303,3347,0,91.0,2.0681818181818183,6.5133217025563885,10,273.0,0.2954060851308008,10,273.0
4825.0,39,58,6,3308,3347,0,80.0,2.051282051282051,8.10347175879399,6,238.0,0.41637733005383376,6,238.0
4830.0,41,56,1,3312,3353,0,4.0,0.0975609756097561,7.407342698654877,1,195.0,0.429486099430343,1,195.0
4835.0,41,55,6,3318,3359,0,17.0,0.4146341463414634,7.286393415631753,6,158.0,0.40576357208507685,6,158.0
4840.0,43,53,12,3324,3367,0,65.0,1.5116279069767442,6.321686100932744,12,201.0,0.3477821820362221,12,201.0
4845.0,44,50,14,3328,3372,0,72.0,1.6363636363636365,3.8579416276133247,14,227.0,0.18859344841521403,14,227.0
4850.0,45,48,14,3333,3378,0,60.0,1.3333333333333333,3.683864084524512,14,218.0,0.17339582215476038,14,218.0
4855.0,48,48,15,3333,3381,0,76.0,1.5833333333333333,5.293846614086721,15,180.0,0.19667718073400287,15,180.0
4860.0,45,51,12,3338,3383,0,105.0,2.3333333333333335,6.312000057045937,12,183.0,0.2844693441630697,12,183.0
4865.0,40,54,4,3343,3383,0,22.0,0.55,6.133929910908836,4,184.0,0.34975891951189936,4,184.0
4870.0,40,51,5,3347,3387,0,16.0,0.4,5.73195031386122,5,138.0,0.2969075910763522,5,138.0
4875.0,40,52,12,3351,3391,0,63.0,1.575,5.136746615850379,12,161.0,0.18305542128086985,12,161.0
4880.0,41,49,13,3355,3396,0,66.0,1.6097560975609757,4.043869727363691,13,193.0,0.1651297390619227,13,193.0
4885.0,40,47,10,3360,3400,0,34.0,0.85,4.656055497054526,10,181.0,0.20559239694443227,10,181.0
4890.0,40,48,9,3363,3403,0,30.0,0.75,5.187729996310035,9,143.0,0.20710068348496513,9,143.0
4895.0,41,51,7,3365,3406,0,23.0,0.5609756097560976,6.829103175105212,7,137.0,0.3593755324015021,7,137.0
4900.0,38,54,1,3370,3408,0,1.0,0.02631578947368421,7.593097818150094,1,113.0,0.4699138690502481,1,113.0
4905.0,37,53,7,3375,3412,0,21.0,0.5675675675675675,6.804487633816168,7,134.0,0.3632665009163374,7,134.0
4910.0,38,52,12,3379,3417,0,73.0,1.9210526315789473,5.292324200118753,12,186.0,0.2560242691166021,12,186.0
4915.0,39,47,19,3384,3423,0,157.0,4.0256410256410255,3.24532140771496,19,270.0,0.16550996007529756,19,270.0
4920.0,40,46,18,3386,3426,0,157.0,3.925,1.5266969100268202,18,312.0,0.04142850938164703,18,312.0
4925.0,40,48,18,3388,3428,0,118.0,2.95,3.3136030773868237,18,314.0,0.10413203092443202,18,314.0
4930.0,41,49,15,3389,3430,0,90.0,2.1951219512195124,5.3661057454359256,15,274.0,0.1864552647998848,15,274.0
4935.0,39,53,7,3392,3431,0,53.0,1.358974358974359,6.806198221364888,7,252.0,0.3412416554411005,7,252.0
4940.0,35,56,2,3396,3431,0,2.0,0.05714285714285714,7.1853815327197275,2,210.0,0.4055320786344792,2,210.0
4945.0,36,55,6,3402,3438,0,24.0,0.6666666666666666,6.625453998555946,6,232.0,0.36094295278374183,6,232.0
4950.0,37,56,12,3406,3443,0,73.0,1.972972972972973,5.079939054499717,12,281.0,0.28024993100888684,12,281.0
4955.0,36,55,12,3410,3446,0,65.0,1.8055555555555556,2.864661316088825,12,286.0,0.18080254096443843,12,286.0
4960.0,42,50,12,3410,3452,0,47.0,1.119047619047619,3.43863886691499,12,255.0,0.13635995838712472,12,255.0
4965.0,41,51,11,3411,3452,0,50.0,1.2195121951219512,4.9774324371563985,11,202.0,0.14660099163695647,11,202.0
4970.0,40,51,5,3415,3455,0,11.0,0.275,4.965303886505657,5,227.0,0.23313549484228538,5,227.0
4975.0,40,54,8,3419,3459,0,33.0,0.825,6.012943562695094,8,239.0,0.328191071522399,8,239.0
4980.0,40,51,16,3423,3463,0,97.0,2.425,4.439959735516354,16,303.0,0.22686129702546673,16,303.0
4985.0,41,49,16,3427,3468,0,103.0,2.5121951219512195,2.83232984506345,16,325.0,0.15971418659436337,16,325.0
4990.0,42,50,15,3429,3471,0,71.0,1.6904761904761905,3.3598554569102625,15,289.0,0.1397461269669154,15,289.0
4995.0,45,51,14,3429,3474,0,76.0,1.6888888888888889,5.373714490669275,14,239.0,0.20285641931018733,14,239.0
5000.0,43,54,10,3433,3476,0,78.0,1.813953488372093,6.651258970484077,10,231.0,0.31604794087180516,10,231.0
